product_name,current_price,price,percent_discount,rating,link,brand_id,series,device
Samsung Inverter 208 lít RT20HAR8DBU/SV,5.990.000₫,7.890.000₫,-24%,370,https://www.dienmayxanh.com/tu-lanh/samsung-rt20har8dbu-sv,01,,Fridge
Samsung Inverter 236 lít RT22M4032BY/SV,5.990.000₫,9.390.000₫,-36%,454,https://www.dienmayxanh.com/tu-lanh/samsung-rt22m4032by-sv,01,,Fridge
Samsung Inverter 655 lít RS62R5001M9/SV,14.990.000₫,22.900.000₫,-34%,524,https://www.dienmayxanh.com/tu-lanh/samsung-rs62r5001m9-sv,01,,Fridge
Samsung Inverter 488 lít RF48A4010M9/SV,17.990.000₫,26.090.000₫,-31%,163,https://www.dienmayxanh.com/tu-lanh/samsung-rf48a4010m9-sv,01,,Fridge
Samsung Inverter 488 lít RF48A4000B4/SV,17.490.000₫,23.990.000₫,-27%,330,https://www.dienmayxanh.com/tu-lanh/samsung-rf48a4000b4-sv,01,,Fridge
Samsung Inverter 655 lít RS62R5001B4/SV,16.490.000₫,25.090.000₫,-34%,230,https://www.dienmayxanh.com/tu-lanh/samsung-rs62r5001b4-sv,01,,Fridge
Samsung Inverter 280 lít RB27N4010BU/SV,9.990.000₫,12.590.000₫,-20%,162,https://www.dienmayxanh.com/tu-lanh/samsung-rb27n4010bu-sv,01,,Fridge
Samsung Inverter 236 lít RT22M4032BU/SV,6.690.000₫,9.590.000₫,-30%,119,https://www.dienmayxanh.com/tu-lanh/samsung-rt22m4032bu-sv,01,,Fridge
Samsung Inverter 406 lít RT42CG6584B1SV Mới 2023,15.890.000₫,17.990.000₫,-11%,13,https://www.dienmayxanh.com/tu-lanh/samsung-inverter-406-lit-rt42cg6584b1sv,01,,Fridge
Samsung Inverter 307 lít RB30N4190BY/SV,13.990.000₫,17.490.000₫,-20%,527,https://www.dienmayxanh.com/tu-lanh/samsung-inverter-307-lit-rb30n4190by-sv,01,,Fridge
Samsung Inverter 382 lít RT38CG6584B1SV Mới 2023,14.440.000₫,16.490.000₫,-12%,12,https://www.dienmayxanh.com/tu-lanh/samsung-inverter-382-lit-rt38cg6584b1sv,01,,Fridge
Samsung Inverter 276 lít RB27N4170BU/SV,10.540.000₫,13.590.000₫,-22%,61,https://www.dienmayxanh.com/tu-lanh/samsung-rb27n4170bu-sv,01,,Fridge
Samsung Inverter 276 lít RB27N4190BU/SV,11.540.000₫,14.590.000₫,-20%,38,https://www.dienmayxanh.com/tu-lanh/samsung-rb27n4190bu-sv,01,,Fridge
Samsung Inverter 488 lít RF48A4010B4/SV,19.990.000₫,27.990.000₫,-28%,179,https://www.dienmayxanh.com/tu-lanh/tu-lanh-samsung-inverter-488-lit-rf48a4010b4-sv,01,,Fridge
Samsung Inverter 307 lít RB30N4190BU/SV,14.290.000₫,17.790.000₫,-19%,38,https://www.dienmayxanh.com/tu-lanh/tu-lanh-samsung-inverter-307-lit-rb30n4190bu-sv,01,,Fridge
Samsung Inverter 635 lít RS64R53012C/SV,28.890.000₫,44.900.000₫,-35%,96,https://www.dienmayxanh.com/tu-lanh/samsung-rs64r53012c-sv,01,,Fridge
Samsung Inverter 406 lít RT42CB6784C3SV Mới 2023,15.490.000₫,18.690.000₫,-17%,4,https://www.dienmayxanh.com/tu-lanh/samsung-inverter-406-lit-rt42cb6784c3sv,01,,Fridge
Samsung Inverter 208 lít RT19M300BGS/SV,6.290.000₫,6.890.000₫,-8%,574,https://www.dienmayxanh.com/tu-lanh/samsung-rt19m300bgs-sv,01,,Fridge
Samsung Inverter 322 lít RT32K503JB1/SV,9.490.000₫,11.590.000₫,-18%,108,https://www.dienmayxanh.com/tu-lanh/samsung-inverter-322-lit-rt32k503jb1-sv,01,,Fridge
Samsung Inverter 635 lít RS64R5301B4/SV,24.550.000₫,39.900.000₫,-38%,108,https://www.dienmayxanh.com/tu-lanh/samsung-rs64r5301b4-sv,01,,Fridge
Samsung Inverter 345 lít RT35CG5544B1SV Mới 2023,12.490.000₫,13.690.000₫,-8%,3,https://www.dienmayxanh.com/tu-lanh/rt35cg5544b1sv,01,,Fridge
Samsung Inverter 616 lít RS64T5F01B4/SV,36.490.000₫,58.900.000₫,-38%,74,https://www.dienmayxanh.com/tu-lanh/samsung-rs64t5f01b4-sv,01,,Fridge
Samsung Inverter 648 lít RF59C766FB1/SV Mới 2023,31.990.000₫,42.900.000₫,-25%,6,https://www.dienmayxanh.com/tu-lanh/tu-lanh-samsung-inverter-648-lit-rf59c766fb1-sv,01,,Fridge
Samsung Inverter 460 lít RT47CB66868ASV Mới 2023,17.990.000₫,20.690.000₫,-13%,5,https://www.dienmayxanh.com/tu-lanh/samsung-inverter-460-lit-rt47cb66868asv,01,,Fridge
Samsung Inverter 310 lít RB30N4010BU/SV,11.190.000₫,16.090.000₫,-30%,16,https://www.dienmayxanh.com/tu-lanh/samsung-rb30n4010bu-sv,01,,Fridge
Samsung Inverter 649 lít RF59C700ES9/SV Mới 2023,27.790.000₫,38.900.000₫,-28%,6,https://www.dienmayxanh.com/tu-lanh/rf59c700es9-sv,01,,Fridge
Samsung Inverter 648 lít RF59CB66F8S/SV Mới 2023,38.490.000₫,49.900.000₫,-22%,7,https://www.dienmayxanh.com/tu-lanh/tu-lanh-samsung-inverter-648-lit-rf59cb66f8s-sv,01,,Fridge
Samsung Inverter 305 lít RT31CB56248ASV Mới 2023,11.990.000₫,12.890.000₫,-6%,3,https://www.dienmayxanh.com/tu-lanh/tu-lanh-samsung-inverter-305-lit-rt31cb56248asv,01,,Fridge
Samsung Inverter 302 lít RT29K503JB1/SV,8.590.000₫,10.990.000₫,-21%,24,https://www.dienmayxanh.com/tu-lanh/samsung-inverter-302-lit-rt29k503jb1-sv,01,,Fridge
Samsung Inverter 305 lít RT31CG5424B1SV Mới 2023,10.490.000₫,11.190.000₫,-6%,,https://www.dienmayxanh.com/tu-lanh/tu-lanh-samsung-inverter-305-lit-rt31cg5424b1sv,01,,Fridge
Samsung Inverter 348 lít RT35CG5424B1SV Mới 2023,11.490.000₫,12.690.000₫,-9%,,https://www.dienmayxanh.com/tu-lanh/tu-lanh-samsung-inverter-348-lit-rt35cg5424b1sv,01,,Fridge
Samsung Inverter 319 lít RT32K5932BY/SV,12.190.000₫,15.090.000₫,-19%,255,https://www.dienmayxanh.com/tu-lanh/samsung-rt32k5932by-sv,01,,Fridge
Samsung Inverter 385 lít RT38CB668412SV Mới 2023,16.290.000₫,17.490.000₫,-6%,,https://www.dienmayxanh.com/tu-lanh/rt38cb668412sv,01,,Fridge
Samsung Inverter 299 lít RT29K5532BY/SV,9.990.000₫,12.790.000₫,-21%,66,https://www.dienmayxanh.com/tu-lanh/samsung-rt29k5532by-sv,01,,Fridge
Samsung Inverter 319 lít RT32K5932BU/SV,12.190.000₫,15.190.000₫,-19%,19,https://www.dienmayxanh.com/tu-lanh/samsung-rt32k5932bu-sv,01,,Fridge
Samsung Inverter 339 lít RB33T307029/SV,29.000.000₫,32.900.000₫,-11%,5,https://www.dienmayxanh.com/tu-lanh/samsunginverter-339-lit-rb33t307029-sv,01,,Fridge
Samsung Inverter 380 lít RT38K5982BS/SV,17.880.000₫,20.090.000₫,-10%,240,https://www.dienmayxanh.com/tu-lanh/samsung-rt38k5982bs-sv,01,,Fridge
Samsung Inverter 460 lít RT46K603JB1/SV,15.490.000₫,16.990.000₫,-8%,17,https://www.dienmayxanh.com/tu-lanh/samsung-inverter-460-lit-rt46k603jb1-sv,01,,Fridge
Samsung Inverter 599 lít RF60A91R177/SV,76.900.000₫,82.900.000₫,-7%,17,https://www.dienmayxanh.com/tu-lanh/samsung-inverter-599-lit-rf60a91r177-sv,01,,Fridge
Samsung Inverter 339 lít RB33T307055/SV,29.000.000₫,32.900.000₫,-11%,18,https://www.dienmayxanh.com/tu-lanh/samsunginverter-339-lit-rb33t307055-sv,01,,Fridge
Samsung Inverter 360 lít RT35K5982BS/SV,17.090.000₫,19.590.000₫,-12%,373,https://www.dienmayxanh.com/tu-lanh/samsung-rt35k5982bs-sv,01,,Fridge
Samsung Inverter 256 lít RT25M4032BU/SV,7.740.000₫,9.690.000₫,-20%,10,https://www.dienmayxanh.com/tu-lanh/samsung-rt25m4032bu-sv,01,,Fridge
Samsung Inverter 360 lít RT35K50822C/SV,16.990.000₫,19.490.000₫,-12%,24,https://www.dienmayxanh.com/tu-lanh/samsung-rt35k50822c-sv,01,,Fridge
Samsung Inverter 380 lít RT38K50822C/SV,18.090.000₫,20.090.000₫,-9%,34,https://www.dienmayxanh.com/tu-lanh/samsung-rt38k50822c-sv,01,,Fridge
Samsung Inverter 323 lít RZ32T744535/SV,23.900.000₫,26.900.000₫,-11%,4,https://www.dienmayxanh.com/tu-lanh/samsung-inverter-323-lit-rz32t744535-sv,01,,Fridge
Samsung Inverter 678 lít RB33T307029/SV,65.800.000₫,,,,https://www.dienmayxanh.com/tu-lanh/combo-2-samsung-rb33t307029-sv,01,,Fridge
Samsung Inverter 678 lít RB33T307055/SV,65.800.000₫,,,,https://www.dienmayxanh.com/tu-lanh/combo-2-samsung-rb33t307055-sv,01,,Fridge
Samsung Inverter 678 lít RB33T307055/SV & RB33T307029/SV,65.800.000₫,,,,https://www.dienmayxanh.com/tu-lanh/combo-2-samsung-rb33t307055-sv-rb33t307029-sv,01,,Fridge
Samsung Inverter 646 lít RZ32T744535/SV,53.800.000₫,,,,https://www.dienmayxanh.com/tu-lanh/combo-2-samsung-rz32t744535-sv,01,,Fridge
Samsung Inverter 662 lít RZ32T744535/SV & RB33T307029/SV,59.800.000₫,,,,https://www.dienmayxanh.com/tu-lanh/combo-samsung-rz32t744535-sv-rb33t307029-sv,01,,Fridge
Samsung Inverter 662 lít RZ32T744535/SV & RB33T307055/SV,59.800.000₫,,,,https://www.dienmayxanh.com/tu-lanh/combo-samsung-rz32t744535-sv-rb33t307055-sv,01,,Fridge
Panasonic Inverter 170 lít NR-BA190PPVN,6.590.000₫,,,602,https://www.dienmayxanh.com/tu-lanh/panasonic-nr-ba190ppvn,02,,Fridge
Panasonic Inverter 234 lít NR-TV261BPKV,8.990.000₫,,,187,https://www.dienmayxanh.com/tu-lanh/panasonic-nr-tv261bpkv,02,,Fridge
Panasonic Inverter 326 lít NR-TL351VGMV,13.490.000₫,,,70,https://www.dienmayxanh.com/tu-lanh/panasonic-inverter-326-lit-nr-tl351vgmv,02,,Fridge
Panasonic Inverter 306 lít NR-TV341VGMV,12.590.000₫,,,142,https://www.dienmayxanh.com/tu-lanh/panasonic-nr-tv341vgmv,02,,Fridge
Panasonic Inverter 234 lít NR-TV261APSV,8.090.000₫,,,205,https://www.dienmayxanh.com/tu-lanh/panasonic-nr-tv261apsv,02,,Fridge
Panasonic Inverter 188 lít NR-BA229PKVN,7.390.000₫,,,560,https://www.dienmayxanh.com/tu-lanh/panasonic-nr-ba229pkvn,02,,Fridge
Panasonic Inverter 268 lít NR-TV301VGMV,10.990.000₫,,,62,https://www.dienmayxanh.com/tu-lanh/panasonic-nr-tv301vgvm,02,,Fridge
Panasonic Inverter 366 lít NR-TL381VGMV,15.090.000₫,,,69,https://www.dienmayxanh.com/tu-lanh/panasonic-inverter-366-lit-nr-tl381vgmv,02,,Fridge
Panasonic Inverter 255 lít NR-BV281BGMV Mới 2023,12.590.000₫,,,5,https://www.dienmayxanh.com/tu-lanh/tu-lanh-panasonic-inverter-255-lit-nr-bv281bgmv,02,,Fridge
Panasonic Inverter 300 lít NR-BV331WGKV,16.990.000₫,,,9,https://www.dienmayxanh.com/tu-lanh/tu-lanh-panasonic-300-lit-nr-bv331wgkv,02,,Fridge
Panasonic Inverter 417 lít NR-BX471GPKV,20.490.000₫,,,235,https://www.dienmayxanh.com/tu-lanh/panasonic-nr-bx471gpkv,02,,Fridge
Panasonic Inverter 325 lít NR-BC361VGMV Mới 2023,16.590.000₫,,,5,https://www.dienmayxanh.com/tu-lanh/tu-lanh-panasonic-325-lit-nr-bc361vgmv,02,,Fridge
Panasonic Inverter 377 lít NR-BX421GPKV,18.490.000₫,,,133,https://www.dienmayxanh.com/tu-lanh/panasonic-nr-bx421gpkv,02,,Fridge
Panasonic Inverter 495 lít NR-CW530XMMV,42.990.000₫,,,20,https://www.dienmayxanh.com/tu-lanh/panasonic-inverter-495-lit-nr-cw530xmmv,02,,Fridge
Panasonic Inverter 325 lít NR-BV361WGKV,18.990.000₫,,,11,https://www.dienmayxanh.com/tu-lanh/tu-lanh-panasonic-325-lit-nr-bv361wgkv,02,,Fridge
Panasonic Inverter 550 lít NR-DZ601VGKV,29.890.000₫,32.990.000₫,-9%,31,https://www.dienmayxanh.com/tu-lanh/panasonic-inverter-550-lit-nr-dz601vgkv,02,,Fridge
Panasonic Inverter 326 lít NR-TL351GPKV,13.490.000₫,,,47,https://www.dienmayxanh.com/tu-lanh/panasonic-inverter-326-lit-nr-tl351gpkv,02,,Fridge
Panasonic Inverter 255 lít NR-BV280QSVN,11.590.000₫,,,340,https://www.dienmayxanh.com/tu-lanh/panasonic-nr-bv280qsvn,02,,Fridge
Panasonic Inverter 366 lít NR-TL381GPKV,15.090.000₫,,,58,https://www.dienmayxanh.com/tu-lanh/panasonic-inverter-366-lit-nr-tl381gpkv,02,,Fridge
Panasonic Inverter 540 lít NR-YW590YMMV,49.990.000₫,62.990.000₫,-20%,16,https://www.dienmayxanh.com/tu-lanh/panasonic-540-lit-nr-yw590ymmv,02,,Fridge
Panasonic Inverter 405 lít NR-TX461GPKV,16.590.000₫,,,92,https://www.dienmayxanh.com/tu-lanh/panasonic-inverter-405-lit-nr-tx461gpkv,02,,Fridge
Panasonic Inverter 322 lít NR-BV360GKVN,17.490.000₫,,,68,https://www.dienmayxanh.com/tu-lanh/panasonic-nr-bv360gkvn,02,,Fridge
Panasonic Inverter 290 lít NR-BV320WKVN,13.300.000₫,,,57,https://www.dienmayxanh.com/tu-lanh/panasonic-nr-bv320wkvn,02,,Fridge
Panasonic Inverter 322 lít NR-BC360QKVN,16.290.000₫,,,270,https://www.dienmayxanh.com/tu-lanh/panasonic-nr-bc360qkvn,02,,Fridge
Panasonic Inverter 322 lít NR-BC360WKVN,14.700.000₫,,,56,https://www.dienmayxanh.com/tu-lanh/panasonic-nr-bc360wkvn,02,,Fridge
Panasonic Inverter 491 lít NR-F503GT-X2,50.300.000₫,,,9,https://www.dienmayxanh.com/tu-lanh/panasonic-nr-f503gt-x2,02,,Fridge
Panasonic Inverter 255 lít NR-BV280WKVN,11.600.000₫,,,37,https://www.dienmayxanh.com/tu-lanh/panasonic-nr-bv280wkvn,02,,Fridge
Panasonic Inverter 550 lít NR-DZ601YGKV,29.990.000₫,37.990.000₫,-21%,8,https://www.dienmayxanh.com/tu-lanh/panasonic-550-lit-nr-dz601ygkv,02,,Fridge
Aqua Inverter 260 lít AQR-I298EB BS,6.990.000₫,10.990.000₫,-36%,65,https://www.dienmayxanh.com/tu-lanh/aqua-aqr-i298eb-bs,03,,Fridge
Aqua Inverter 189 lít AQR-T220FA(FB) Mới 2023,4.950.000₫,5.490.000₫,-9%,68,https://www.dienmayxanh.com/tu-lanh/tu-lanh-aqua-aqr-t220fa-fb,03,,Fridge
Aqua 130 lít AQR-T150FA(BS),4.590.000₫,,,238,https://www.dienmayxanh.com/tu-lanh/aqua-aqr-t150fa-bs,03,,Fridge
Aqua 90 lít AQR-D99FA(BS),2.990.000₫,3.290.000₫,-9%,365,https://www.dienmayxanh.com/tu-lanh/aqua-aqr-d99fa-bs,03,,Fridge
Aqua 50 lít AQR-D59FA(BS),2.790.000₫,,,77,https://www.dienmayxanh.com/tu-lanh/aqua-aqr-d59fa-bs,03,,Fridge
Aqua Inverter 541 lít AQR-S541XA(BL),13.490.000₫,20.490.000₫,-34%,46,https://www.dienmayxanh.com/tu-lanh/tu-lanh-aqua-aqr-s541xa-bl,03,,Fridge
Aqua Inverter 320 lít AQR-B399MA(WHB),11.490.000₫,13.990.000₫,-17%,45,https://www.dienmayxanh.com/tu-lanh/aqua-aqr-b399ma-whb,03,,Fridge
Aqua Inverter 347 lít AQR-T400FA(WFB) Mới 2023,9.990.000₫,10.790.000₫,-7%,7,https://www.dienmayxanh.com/tu-lanh/tu-lanh-aqua-aqr-t400fa-fb,03,,Fridge
Aqua Inverter 456 lít AQR-M525XA(FB),16.490.000₫,17.990.000₫,-8%,51,https://www.dienmayxanh.com/tu-lanh/tu-lanh-aqua-inverter-456-lit-aqr-m525xa-fb,03,,Fridge
Aqua Inverter 212 lít AQR-T239FA(HB),5.890.000₫,6.090.000₫,,82,https://www.dienmayxanh.com/tu-lanh/aqua-aqr-t239fa-hb,03,,Fridge
Aqua Inverter 456 lít AQR-IG525AM GB,18.990.000₫,21.290.000₫,-10%,99,https://www.dienmayxanh.com/tu-lanh/aqua-aqr-ig525am-gb,03,,Fridge
Aqua Inverter 456 lít AQR-IGW525EM GB,21.090.000₫,25.090.000₫,-15%,41,https://www.dienmayxanh.com/tu-lanh/aqua-aqr-igw525em-gb,03,,Fridge
Aqua Inverter 211 lít AQR-T238FA(FB),6.590.000₫,6.790.000₫,,40,https://www.dienmayxanh.com/tu-lanh/aqua-aqr-t238fa-fb,03,,Fridge
Aqua Inverter 333 lít AQR-T352FA(FB),8.390.000₫,9.890.000₫,-15%,6,https://www.dienmayxanh.com/tu-lanh/tu-lanh-aqua-aqr-t352fa-fb,03,,Fridge
Aqua Inverter 245 lít AQR-T259FA(FB),6.990.000₫,7.690.000₫,-9%,26,https://www.dienmayxanh.com/tu-lanh/aqua-inverter-245-lit-aqr-t259fa-fb,03,,Fridge
Aqua Inverter 283 lít AQR-T299FA(FB),8.090.000₫,8.590.000₫,-5%,17,https://www.dienmayxanh.com/tu-lanh/aqua-inverter-283-lit-aqr-t299fa-fb,03,,Fridge
Aqua Inverter 357 lít AQR-T376FA(FB),9.490.000₫,11.290.000₫,-15%,4,https://www.dienmayxanh.com/tu-lanh/tu-lanh-aqua-aqr-t376fa-fb,03,,Fridge
Aqua Inverter 549 lít AQR-IG636FM(GB),20.490.000₫,25.990.000₫,-21%,15,https://www.dienmayxanh.com/tu-lanh/aqua-aqr-ig636fm-gb,03,,Fridge
Aqua Inverter 312 lít AQR-T359MA(GB),11.090.000₫,12.090.000₫,-8%,59,https://www.dienmayxanh.com/tu-lanh/aqua-aqr-t359ma-gb,03,,Fridge
Aqua Inverter 347 lít AQR-T389FA(WGB),9.790.000₫,12.490.000₫,-21%,18,https://www.dienmayxanh.com/tu-lanh/aqua-aqr-t389fa-wgb,03,,Fridge
Aqua Inverter 602 lít AQR-IG696FS GB,18.990.000₫,25.090.000₫,-24%,7,https://www.dienmayxanh.com/tu-lanh/aqua-aqr-ig696fs-gb,03,,Fridge
Aqua Inverter 292 lít AQR-B348MA(FB),8.700.000₫,11.600.000₫,-25%,13,https://www.dienmayxanh.com/tu-lanh/aqua-aqr-b348ma-fb,03,,Fridge
Aqua Inverter 320 lít AQR-B379MA(WGB),15.490.000₫,15.990.000₫,,9,https://www.dienmayxanh.com/tu-lanh/aqr-b379ma-wgb,03,,Fridge
Aqua Inverter 324 lít AQR-IG378EB GB,14.200.000₫,15.300.000₫,-7%,11,https://www.dienmayxanh.com/tu-lanh/aqua-aqr-ig378eb-gb,03,,Fridge
Aqua Inverter 524 lít AQR-SW541XA(BL),18.100.000₫,20.600.000₫,-12%,11,https://www.dienmayxanh.com/tu-lanh/aqua-inverter-524-lit-aqr-sw541xa-bl,03,,Fridge
Aqua Inverter 260 lít AQR-B306MA(HB),9.490.000₫,11.490.000₫,-17%,,https://www.dienmayxanh.com/tu-lanh/aqua-inverter-260-lit-aqr-b306ma-hb,03,,Fridge
Aqua Inverter 318 lít AQR-T369FA (WBS),9.000.000₫,10.500.000₫,-14%,42,https://www.dienmayxanh.com/tu-lanh/tu-lanh-aqua-inverter-318-lit-aqr-t369fa-wbs,03,,Fridge
LG Inverter 374 lít GN-D372BLA,12.990.000₫,18.990.000₫,-31%,106,https://www.dienmayxanh.com/tu-lanh/lg-inverter-374-lit-gn-d372bla,04,,Fridge
LG Inverter 217 lít GV-B212WB,6.190.000₫,8.990.000₫,-31%,349,https://www.dienmayxanh.com/tu-lanh/tu-lanh-lg-gv-b212wb,04,,Fridge
LG Inverter 266 lít GV-B262WB,5.990.000₫,10.990.000₫,-45%,382,https://www.dienmayxanh.com/tu-lanh/tu-lanh-lg-inverter-266-lit-gv-b262wb,04,,Fridge
LG Inverter 315 lít GN-M312BL,9.390.000₫,11.990.000₫,-21%,127,https://www.dienmayxanh.com/tu-lanh/lg-inverter-315-lit-gn-m312bl,04,,Fridge
LG Inverter 264 lít GV-D262BL,6.490.000₫,11.990.000₫,-45%,102,https://www.dienmayxanh.com/tu-lanh/tu-lanh-lg-inverter-264-lit-gv-d262bl,04,,Fridge
LG Inverter 519 lít GR-B256JDS Mới 2023,14.990.000₫,19.990.000₫,-25%,10,https://www.dienmayxanh.com/tu-lanh/lg-gr-b256jds,04,,Fridge
LG Inverter 374 lít GN-D372BL,12.490.000₫,16.490.000₫,-24%,134,https://www.dienmayxanh.com/tu-lanh/lg-inverter-374-lit-gn-d372bl,04,,Fridge
LG Inverter 394 lít GN-D392BLA,15.490.000₫,19.490.000₫,-20%,183,https://www.dienmayxanh.com/tu-lanh/lg-inverter-394-lit-gn-d392bla,04,,Fridge
LG Inverter 635 lít GR-X257MC,32.990.000₫,56.990.000₫,-42%,65,https://www.dienmayxanh.com/tu-lanh/lg-inverter-635-lit-gr-x257mc,04,,Fridge
LG Inverter 649 lít GR-B257JDS,12.990.000₫,23.490.000₫,-44%,254,https://www.dienmayxanh.com/tu-lanh/lg-inverter-649-lit-gr-b257jds,04,,Fridge
LG Inverter 649 lít GR-B257WB,15.890.000₫,25.490.000₫,-37%,111,https://www.dienmayxanh.com/tu-lanh/lg-inverter-649-lit-gr-b257wb,04,,Fridge
LG Inverter 635 lít GR-D257WB,26.990.000₫,35.990.000₫,-25%,124,https://www.dienmayxanh.com/tu-lanh/lg-inverter-635-lit-gr-d257wb,04,,Fridge
LG Inverter 335 lít GN-M332BL,10.990.000₫,13.990.000₫,-21%,80,https://www.dienmayxanh.com/tu-lanh/lg-inverter-335-lit-gn-m332bl,04,,Fridge
LG Inverter 314 lít GN-D312BL,10.390.000₫,12.990.000₫,-20%,68,https://www.dienmayxanh.com/tu-lanh/lg-inverter-314-lit-gn-d312bl,04,,Fridge
LG Inverter 635 lít GR-D257MC,29.990.000₫,40.990.000₫,-26%,51,https://www.dienmayxanh.com/tu-lanh/lg-inverter-635-lit-gr-d257mc,04,,Fridge
LG Inverter 635 lít GR-X257JS,32.690.000₫,55.990.000₫,-41%,48,https://www.dienmayxanh.com/tu-lanh/lg-inverter-635-lit-gr-x257js,04,,Fridge
LG Inverter 530 lít GR-B53MB,19.390.000₫,28.990.000₫,-33%,7,https://www.dienmayxanh.com/tu-lanh/tu-lanh-lg-gr-b53mb,04,,Fridge
LG Inverter 635 lít GR-D257JS,29.990.000₫,38.990.000₫,-23%,45,https://www.dienmayxanh.com/tu-lanh/lg-inverter-635-lit-gr-d257js,04,,Fridge
LG Inverter 530 lít GR-B53PS,19.000.000₫,27.990.000₫,-32%,9,https://www.dienmayxanh.com/tu-lanh/tu-lanh-lg-inverter-530-lit-gr-b53ps,04,,Fridge
LG Inverter 655 lít GR-Q257MC,27.990.000₫,41.990.000₫,-33%,,https://www.dienmayxanh.com/tu-lanh/tu-lanh-lg-inverter-655-lit-gr-q257mc,04,,Fridge
LG Inverter 496 lít GR-X22MB,54.990.000₫,,,31,https://www.dienmayxanh.com/tu-lanh/lg-inverter-496-lit-gr-x22mb,04,,Fridge
LG Inverter 613 lít GR-B247WB,16.000.000₫,18.300.000₫,-12%,78,https://www.dienmayxanh.com/tu-lanh/lg-gr-b247wb,04,,Fridge
LG Inverter 601 lít GR-X247JS,41.700.000₫,46.100.000₫,-9%,64,https://www.dienmayxanh.com/tu-lanh/lg-gr-x247js,04,,Fridge
LG Inverter 601 lít GR-D247JDS,32.480.000₫,34.890.000₫,-6%,40,https://www.dienmayxanh.com/tu-lanh/lg-gr-d247jds,04,,Fridge
LG Inverter 601 lít GR-X247MC,44.300.000₫,48.300.000₫,-8%,43,https://www.dienmayxanh.com/tu-lanh/lg-gr-x247mc,04,,Fridge
LG Inverter 601 lít GR-D247MC,28.700.000₫,33.110.000₫,-13%,17,https://www.dienmayxanh.com/tu-lanh/lg-gr-d247mc,04,,Fridge
Toshiba Inverter 180 lít GR-B22VU UKG,5.190.000₫,5.690.000₫,-8%,521,https://www.dienmayxanh.com/tu-lanh/toshiba-gr-b22vu-ukg,05,,Fridge
Toshiba Inverter 511 lít GR-RF610WE-PGV(22)-XK,20.490.000₫,24.090.000₫,-14%,171,https://www.dienmayxanh.com/tu-lanh/toshiba-gr-rf610we-pgv-22-xk,05,,Fridge
Toshiba Inverter 249 lít GR-RT325WE-PMV(06)-MG,7.690.000₫,9.990.000₫,-23%,88,https://www.dienmayxanh.com/tu-lanh/toshiba-inverter-249-lit-gr-rt325we-pmv-06-mg,05,,Fridge
Toshiba Inverter 233 lít GR-A28VM(UKG1),6.790.000₫,7.490.000₫,-9%,100,https://www.dienmayxanh.com/tu-lanh/toshiba-gr-a28vm-ukg1,05,,Fridge
Toshiba Inverter 311 lít GR-RT395WE-PMV(06)-MG,9.990.000₫,13.090.000₫,-23%,38,https://www.dienmayxanh.com/tu-lanh/toshiba-gr-rt395we-pmv-06-mg,05,,Fridge
Toshiba Inverter 253 lít GR-B31VU SK,6.890.000₫,7.190.000₫,,256,https://www.dienmayxanh.com/tu-lanh/toshiba-gr-b31vu-sk,05,,Fridge
Toshiba Inverter 460 lít GR-RS600WI-PMV(37)-SG,13.490.000₫,14.490.000₫,-6%,27,https://www.dienmayxanh.com/tu-lanh/tu-lanh-toshiba-inverter-460-lit-gr-rs600wi-pmv-37-sg,05,,Fridge
Toshiba Inverter 337 lít GR-RT435WE-PMV(06)-MG,10.990.000₫,14.290.000₫,-23%,31,https://www.dienmayxanh.com/tu-lanh/toshiba-gr-rt435we-pmv-06-mg,05,,Fridge
Toshiba Inverter 407 lít GR-RT535WE-PMV(06)-MG,12.990.000₫,16.090.000₫,-19%,13,https://www.dienmayxanh.com/tu-lanh/toshiba-gr-rt535we-pmv-06-mg,05,,Fridge
Toshiba Inverter 596 lít GR-RS780WI-PGV(22)-XK,19.690.000₫,29.990.000₫,-34%,12,https://www.dienmayxanh.com/tu-lanh/toshiba-inverter-596-lit-gr-rs780wi-pgv-22-xk,05,,Fridge
Toshiba Inverter 509 lít GR-RF605WI-PMV(06)-MG,20.490.000₫,25.990.000₫,-21%,25,https://www.dienmayxanh.com/tu-lanh/tu-lanh-toshiba-inverter-509-lit-gr-rf605wi-pmv-06-mg,05,,Fridge
Toshiba Inverter 194 lít GR-A25VM(UKG1),6.190.000₫,6.590.000₫,-6%,71,https://www.dienmayxanh.com/tu-lanh/toshiba-gr-a25vm-ukg1,05,,Fridge
Toshiba Inverter 596 lít GR-RS775WI-PMV(06)-MG,17.990.000₫,,,5,https://www.dienmayxanh.com/tu-lanh/tu-lanh-toshiba-inverter-596-lit-gr-rs775wi-pmv-06-mg,05,,Fridge
Toshiba Inverter 325 lít GR-RB410WE-PMV(37)-SG,9.990.000₫,15.290.000₫,-34%,27,https://www.dienmayxanh.com/tu-lanh/tu-lanh-toshiba-inverter-325-lit-gr-rb410we-pmv-37-sg,05,,Fridge
Toshiba Inverter 322 lít GR-RB405WE-PMV(06)-MG,10.990.000₫,17.090.000₫,-35%,24,https://www.dienmayxanh.com/tu-lanh/tu-lanh-toshiba-inverter-322-lit-gr-rb405we-pmv-06-mg,05,,Fridge
Toshiba Inverter 336 lít GR-RT435WEA-PMV(06)-MG,11.990.000₫,15.190.000₫,-21%,11,https://www.dienmayxanh.com/tu-lanh/tu-lanh-toshiba-inverter-336-lit-gr-rt435wea-pmv-06-mg,05,,Fridge
Toshiba Inverter 511 lít GR-RF610WE-PMV(37)-SG,18.990.000₫,,,3,https://www.dienmayxanh.com/tu-lanh/toshiba-inverter-511-lit-gr-rf610we-pmv-37-sg,05,,Fridge
Toshiba Inverter 608 lít GR-AG66VA (XK),19.400.000₫,20.490.000₫,-5%,37,https://www.dienmayxanh.com/tu-lanh/toshiba-gr-ag66va-xk,05,,Fridge
Toshiba Inverter 270 lít GR-RB350WE-PMV(30)-BS,6.990.000₫,11.590.000₫,-39%,15,https://www.dienmayxanh.com/tu-lanh/toshiba-gr-rb350we-pmv-30-bs,05,,Fridge
Toshiba Inverter 268 lít GR-RB345WE-PMV(30)-BS,7.790.000₫,9.090.000₫,-14%,14,https://www.dienmayxanh.com/tu-lanh/toshiba-gr-rb345we-pmv-30-bs,05,,Fridge
Toshiba Inverter 515 lít GR-RF670WI-PGV(A9)-BG,26.990.000₫,,,,https://www.dienmayxanh.com/tu-lanh/tu-lanh-toshiba-inverter-515-lit-gr-rf670wi-pgv-a9-bg,05,,Fridge
Toshiba Inverter 515 lít GR-RF669WI-PGV(A9)-BG,28.990.000₫,,,,https://www.dienmayxanh.com/tu-lanh/tu-lanh-toshiba-inverter-515-lit-gr-rf669wi-pgv-a9-bg,05,,Fridge
Toshiba Inverter 513 lít GR-RS682WE-PMV(06)-MG,19.300.000₫,,,22,https://www.dienmayxanh.com/tu-lanh/toshiba-gr-rs682we-pmv-06-mg,05,,Fridge
Sharp Inverter 401 lít SJ-FXP480VG-BK,19.490.000₫,20.490.000₫,,67,https://www.dienmayxanh.com/tu-lanh/sharp-sj-fxp480vg-bk,06,,Fridge
Sharp Inverter 605 lít SJ-FX688VG-BK,23.990.000₫,28.990.000₫,-17%,22,https://www.dienmayxanh.com/tu-lanh/sharp-sj-fx688vg-bk,06,,Fridge
Sharp Inverter 525 lít SJ-FX600V-SL,18.990.000₫,19.990.000₫,-5%,19,https://www.dienmayxanh.com/tu-lanh/sharp-sj-fx600v-sl,06,,Fridge
Sharp Inverter 362 lít SJ-FX420VG-BK,17.990.000₫,18.490.000₫,,11,https://www.dienmayxanh.com/tu-lanh/tu-lanh-sharp-inverter-362-lit-sj-fx420vg-bk,06,,Fridge
Sharp Inverter 287 lít SJ-X316E-DS,8.690.000₫,8.890.000₫,,37,https://www.dienmayxanh.com/tu-lanh/sharp-sj-x316e-ds,06,,Fridge
Sharp Inverter 224 lít SJ-X251E-SL,5.890.000₫,7.290.000₫,-19%,41,https://www.dienmayxanh.com/tu-lanh/sharp-sj-x251e-sl,06,,Fridge
Sharp Inverter 150 lít SJ-X176E-SL,4.690.000₫,5.990.000₫,-21%,154,https://www.dienmayxanh.com/tu-lanh/sharp-sj-x176e-sl,06,,Fridge
Sharp Inverter 165 lít SJ-X196E-DSS,6.190.000₫,,,89,https://www.dienmayxanh.com/tu-lanh/sharp-sj-x196e-dss,06,,Fridge
Sharp Inverter 572 lít SJ-FX640V-SL,22.000.000₫,27.890.000₫,-21%,18,https://www.dienmayxanh.com/tu-lanh/sharp-sj-fx640v-sl,06,,Fridge
Sharp Inverter 401 lít SJ-FXP480V-SL,17.990.000₫,18.990.000₫,-5%,70,https://www.dienmayxanh.com/tu-lanh/sharp-sj-fxp480v-sl,06,,Fridge
Sharp Inverter 572 lít SJ-FXP640VG-BK,23.890.000₫,27.690.000₫,-13%,12,https://www.dienmayxanh.com/tu-lanh/sharp-sj-fxp640vg-bk,06,,Fridge
Sharp Inverter 401 lít SJ-FXP480VG-CH,20.190.000₫,21.190.000₫,,36,https://www.dienmayxanh.com/tu-lanh/sharp-sj-fxp480vg-ch,06,,Fridge
Sharp Inverter 182 lít SJ-X201E-DS,6.590.000₫,6.690.000₫,,190,https://www.dienmayxanh.com/tu-lanh/sharp-sj-x201e-ds,06,,Fridge
Sharp Inverter 253 lít SJ-X281E-DS,7.690.000₫,7.790.000₫,,103,https://www.dienmayxanh.com/tu-lanh/tu-lanh-sharp-sj-x281e-ds,06,,Fridge
Sharp Inverter 556 lít SJ-FX630V-ST,15.490.000₫,19.990.000₫,-22%,102,https://www.dienmayxanh.com/tu-lanh/sharp-sj-fx630v-st,06,,Fridge
Sharp Inverter 525 lít SJ-FXP600VG-BK,21.600.000₫,26.690.000₫,-19%,16,https://www.dienmayxanh.com/tu-lanh/sharp-sj-fxp600vg-bk,06,,Fridge
Sharp Inverter 360 lít SJ-XP382AE-DS Mới 2023,11.090.000₫,,,,https://www.dienmayxanh.com/tu-lanh/tu-lanh-sharp-inverter-360-lit-sj-xp382ae-ds,06,,Fridge
Sharp Inverter 520 lít SJ-XP570PG-MR,14.600.000₫,,,,https://www.dienmayxanh.com/tu-lanh/sharp-sj-xp570pg-mr,06,,Fridge
Sharp Inverter 560 lít SJ-XP620PG-BK,15.000.000₫,,,,https://www.dienmayxanh.com/tu-lanh/sharp-inverter-560-lit-sj-xp620pg-bk,06,,Fridge
Sharp Inverter 330 lít SJ-XP352AE-SL Mới 2023,10.590.000₫,,,,https://www.dienmayxanh.com/tu-lanh/tu-lanh-sharp-inverter-330-lit-sj-xp352ae-sl,06,,Fridge
Sharp Inverter 442 lít SJ-SBX440VG-BK,16.990.000₫,,,,https://www.dienmayxanh.com/tu-lanh/tu-lanh-sharp-inverter-442-lit-sj-sbx440vg-bk,06,,Fridge
Sharp Inverter 532 lít SJ-SBX530VG-BK,17.390.000₫,18.990.000₫,-8%,,https://www.dienmayxanh.com/tu-lanh/tu-lanh-sharp-inverter-532-lit-sj-sbx530vg-bk,06,,Fridge
Sharp Inverter 607 lít SJ-FXPI689V-RS,29.990.000₫,31.990.000₫,-6%,,https://www.dienmayxanh.com/tu-lanh/tu-lanh-sharp-inverter-607-lit-sj-fxpi689v-rs,06,,Fridge
Beko Inverter 375 lít RDNT401I50VK,7.490.000₫,9.490.000₫,-21%,51,https://www.dienmayxanh.com/tu-lanh/beko-inverter-375-lit-rdnt401i50vk,07,,Fridge
Beko Inverter 189 lít RDNT201I50VK,5.490.000₫,5.990.000₫,-8%,26,https://www.dienmayxanh.com/tu-lanh/tu-lanh-beko-inverter-189-lit-rdnt201i50vk,07,,Fridge
Beko Inverter 340 lít RDNT371I50VK,8.490.000₫,8.990.000₫,-5%,35,https://www.dienmayxanh.com/tu-lanh/beko-inverter-340-lit-rdnt371i50vk,07,,Fridge
Beko Inverter 250 lít RDNT271I50VWB,6.790.000₫,,,150,https://www.dienmayxanh.com/tu-lanh/beko-rdnt271i50vwb,07,,Fridge
Beko Inverter 230 lít RDNT251I50VWB,6.490.000₫,,,45,https://www.dienmayxanh.com/tu-lanh/beko-rdnt251i50vwb,07,,Fridge
Beko 90 lít RS9052S Mới 2023,3.090.000₫,3.190.000₫,,,https://www.dienmayxanh.com/tu-lanh/rs9052s,07,,Fridge
Beko Inverter 340 lít RDNT371E50VZGB,9.990.000₫,10.990.000₫,-9%,6,https://www.dienmayxanh.com/tu-lanh/beko-rdnt371e50vzgb,07,,Fridge
Beko Inverter 375 lít RDNT401E50VZDK,9.490.000₫,10.490.000₫,-9%,32,https://www.dienmayxanh.com/tu-lanh/beko-rdnt401e50vzdk,07,,Fridge
Beko Inverter 553 lít GNO51651GBVN,21.990.000₫,24.990.000₫,-12%,4,https://www.dienmayxanh.com/tu-lanh/beko-inverter-553-lit-gno51651gbvn,07,,Fridge
Beko Inverter 340 lít RDNT371E50VZK,9.990.000₫,10.990.000₫,-9%,31,https://www.dienmayxanh.com/tu-lanh/beko-rdnt371e50vzk,07,,Fridge
Beko Inverter 422 lít RDNT470I50VK,9.400.000₫,,,15,https://www.dienmayxanh.com/tu-lanh/beko-inverter-422-lit-rdnt470i50vk,07,,Fridge
Beko Inverter 553 lít GNO51651KVN,18.000.000₫,19.000.000₫,-5%,6,https://www.dienmayxanh.com/tu-lanh/beko-inverter-553-lit-gno51651kvn,07,,Fridge
Beko Inverter 622 lít GNO62251GBVN,16.990.000₫,19.990.000₫,-15%,,https://www.dienmayxanh.com/tu-lanh/tu-lanh-beko-inverter-622-lit-gno62251gbvn,07,,Fridge
Electrolux 94 lít EUM0930AD-VN,3.990.000₫,,,136,https://www.dienmayxanh.com/tu-lanh/electrolux-94-lit-eum0930ad-vn,08,,Fridge
Electrolux Inverter 308 lít EBB3462K-H,14.090.000₫,17.290.000₫,-18%,26,https://www.dienmayxanh.com/tu-lanh/electrolux-ebb3462k-h,08,,Fridge
Electrolux Inverter 312 lít ETB3440K-H,11.890.000₫,13.890.000₫,-14%,22,https://www.dienmayxanh.com/tu-lanh/electrolux-etb3440k-h,08,,Fridge
Electrolux Inverter 341 lít ETB3740K-H,12.890.000₫,14.890.000₫,-13%,6,https://www.dienmayxanh.com/tu-lanh/electrolux-etb3740k-h,08,,Fridge
Electrolux Inverter 308 lít EBB3442K-H,12.400.000₫,15.400.000₫,-19%,36,https://www.dienmayxanh.com/tu-lanh/electrolux-ebb3442k-h,08,,Fridge
Electrolux Inverter 541 lít EQE6000A-B,19.990.000₫,25.990.000₫,-23%,7,https://www.dienmayxanh.com/tu-lanh/electrolux-inverter-541-lit-eqe6000a-b,08,,Fridge
Electrolux Inverter 335 lít EBB3742K-H,13.200.000₫,15.700.000₫,-15%,12,https://www.dienmayxanh.com/tu-lanh/electrolux-ebb3742k-h,08,,Fridge
Electrolux Inverter 619 lít ESE6645A-BVN,32.990.000₫,39.990.000₫,-17%,3,https://www.dienmayxanh.com/tu-lanh/electrolux-inverter-619-lit-ese6645a-bvn,08,,Fridge
Electrolux Inverter 571 lít ESE6141A-BVN,23.500.000₫,26.500.000₫,-11%,,https://www.dienmayxanh.com/tu-lanh/electrolux-inverter-571-lit-ese6141a-bvn,08,,Fridge
Casper Inverter 200 lít RT-215VS,6.990.000₫,,,11,https://www.dienmayxanh.com/tu-lanh/casper-inverter-200-lit-rt-215vs,09,,Fridge
Casper Inverter 258 lít RT-270VD,7.990.000₫,,,11,https://www.dienmayxanh.com/tu-lanh/casper-inverter-258-lit-rt-270vd,09,,Fridge
Casper Inverter 462 lít RM-520VT,16.490.000₫,,,8,https://www.dienmayxanh.com/tu-lanh/casper-inverter-462-lit-rm-520vt,09,,Fridge
Casper Inverter 550 lít RS-570VBW,12.990.000₫,16.490.000₫,-21%,12,https://www.dienmayxanh.com/tu-lanh/casper-inverter-550-lit-rs-570vbw,09,,Fridge
Casper Inverter 300 lít RB-320VT,9.800.000₫,,,,https://www.dienmayxanh.com/tu-lanh/casper-inverter-300-lit-rb-320vt,09,,Fridge
Casper 185 lít RT-200VS,6.390.000₫,,,19,https://www.dienmayxanh.com/tu-lanh/casper-185-lit-rt-200vs,09,,Fridge
Hitachi Inverter 569 lít R-WB640VGV0 GBK,34.890.000₫,40.490.000₫,-13%,22,https://www.dienmayxanh.com/tu-lanh/hitachi-inverter-569-lit-r-wb640vgv0,10,,Fridge
Hitachi Inverter 339 lít R-FVX450PGV9 GBK,13.390.000₫,14.290.000₫,-6%,19,https://www.dienmayxanh.com/tu-lanh/hitachi-inverter-406-lit-r-fvx450pgv9,10,,Fridge
Hitachi Inverter 569 lít R-WB640PGV1 GMG,29.290.000₫,33.890.000₫,-13%,26,https://www.dienmayxanh.com/tu-lanh/hitachi-inverter-569-lit-r-wb640pgv1,10,,Fridge
Hitachi Inverter 509 lít R-FW650PGV8 GBK,20.490.000₫,23.490.000₫,-12%,28,https://www.dienmayxanh.com/tu-lanh/hitachi-inverter-509-lit-r-fw650pgv8,10,,Fridge
Hitachi Inverter 275 lít R-B330PGV8 BSL,10.890.000₫,11.490.000₫,-5%,17,https://www.dienmayxanh.com/tu-lanh/hitachi-inverter-275-lit-r-b330pgv8,10,,Fridge
Hitachi Inverter 349 lít R-FVY480PGV0 GBK,16.290.000₫,17.190.000₫,-5%,15,https://www.dienmayxanh.com/tu-lanh/hitachi-inverter-349-lit-r-fvy480pgv0,10,,Fridge
Hitachi Inverter 573 lít R-SX800GPGV0 GBK,42.200.000₫,51.490.000₫,-18%,6,https://www.dienmayxanh.com/tu-lanh/hitachi-inverter-573-lit-r-sx800gpgv0,10,,Fridge
Hitachi Inverter 569 lít R-WB640PGV1 GCK,29.290.000₫,30.990.000₫,-5%,,https://www.dienmayxanh.com/tu-lanh/tu-lanh-hitachi-569-lit-r-wb640pgv1-gck,10,,Fridge
