product_name,current_price,price,percent_discount,rating,link,brand_id,series,device
Samsung Smart TV QLED QA65QN90C Mới 2023,53.900.000₫,54.900.000₫,,,https://www.dienmayxanh.com/tivi/smart-tivi-neo-qled-4k-65-inch-samsung-qa65qn90c,01,Neo QLED,Tivi
Samsung Smart TV QLED QA75QN85A,36.800.000₫,84.900.000₫,-56%,3,https://www.dienmayxanh.com/tivi/neo-qled-4k-samsung-qa75qn85a,01,Neo QLED,Tivi
Samsung Smart TV QLED QA55QN85A,24.900.000₫,41.900.000₫,-40%,9,https://www.dienmayxanh.com/tivi/neo-qled-4k-samsung-qa55qn85a,01,Neo QLED,Tivi
Samsung Smart TV QLED QA65QN700B,32.900.000₫,59.900.000₫,-45%,,https://www.dienmayxanh.com/tivi/smart-neo-qled-8k-65-inch-samsung-qa65qn700b,01,Neo QLED,Tivi
Samsung Smart TV QLED QA85QN85B,64.900.000₫,89.900.000₫,-27%,4,https://www.dienmayxanh.com/tivi/smart-neo-qled-4k-85-inch-samsung-qa85qn85b,01,Neo QLED,Tivi
Samsung Smart TV QLED QA50QN90A,19.900.000₫,39.900.000₫,-50%,9,https://www.dienmayxanh.com/tivi/neo-qled-4k-samsung-qa50qn90a,01,Neo QLED,Tivi
Samsung Smart TV QLED QA55QN90A,30.900.000₫,44.900.000₫,-31%,47,https://www.dienmayxanh.com/tivi/neo-qled-4k-samsung-qa55qn90a,01,Neo QLED,Tivi
Samsung Smart TV QLED QA65QN900B,63.600.000₫,99.900.000₫,-36%,,https://www.dienmayxanh.com/tivi/smart-neo-qled-8k-65-inch-samsung-qa65qn900b,01,Neo QLED,Tivi
Samsung Smart TV QLED QA75QN85B,54.900.000₫,69.900.000₫,-21%,,https://www.dienmayxanh.com/tivi/smart-neo-qled-4k-75-inch-samsung-qa75qn85b,01,Neo QLED,Tivi
Samsung Smart TV QLED QA85QN85A,53.200.000₫,124.900.000₫,-57%,,https://www.dienmayxanh.com/tivi/neo-qled-4k-samsung-qa85qn85a,01,Neo QLED,Tivi
Samsung Smart TV QLED QA98QN90A,139.890.000₫,155.090.000₫,-9%,,https://www.dienmayxanh.com/tivi/smart-neo-qled-4k-98-inch-samsung-qa98qn90a,01,Neo QLED,Tivi
Samsung Smart TV QLED QA75QN800A,139.900.000₫,,,,https://www.dienmayxanh.com/tivi/neo-qled-8k-samsung-qa75qn800a,01,Neo QLED,Tivi
Samsung Smart TV QLED QA85QN900C Mới 2023,218.990.000₫,,,,https://www.dienmayxanh.com/tivi/smart-tivi-neo-qled-8k-85-inch-samsung-qa85qn900c,01,Neo QLED,Tivi
Samsung Smart TV QLED QA75QN85C Mới 2023,76.900.000₫,,,,https://www.dienmayxanh.com/tivi/smart-tivi-neo-qled-4k-75-inch-samsung-qa75qn85c,01,Neo QLED,Tivi
Samsung Smart TV QLED QA85Q80B,45.200.000₫,59.900.000₫,-24%,3,https://www.dienmayxanh.com/tivi/smart-qled-4k-85-inch-samsung-qa85q80b,01,QLED,Tivi
Samsung Smart TV QLED QA75Q70B,32.200.000₫,38.900.000₫,-17%,6,https://www.dienmayxanh.com/tivi/smart-qled-4k-75-inch-samsung-qa75q70b,01,QLED,Tivi
Samsung Smart TV QLED QA75Q60C Mới 2023,35.900.000₫,,,,https://www.dienmayxanh.com/tivi/smart-tivi-qled-4k-75-inch-samsung-qa75q60c,01,QLED,Tivi
Samsung Smart TV QLED QA65Q65A,14.990.000₫,18.900.000₫,-20%,115,https://www.dienmayxanh.com/tivi/qled-4k-samsung-qa65q65a,01,QLED,Tivi
Samsung Smart TV QLED QA43Q65A,11.890.000₫,12.390.000₫,,106,https://www.dienmayxanh.com/tivi/qled-4k-samsung-qa43q65a,01,QLED,Tivi
Samsung Smart TV QLED QA55Q65A,15.400.000₫,,,179,https://www.dienmayxanh.com/tivi/qled-4k-samsung-qa55q65a,01,QLED,Tivi
Samsung Smart TV QLED QA50Q65A,13.900.000₫,14.400.000₫,,149,https://www.dienmayxanh.com/tivi/qled-4k-samsung-qa50q65a,01,QLED,Tivi
Samsung Smart TV QLED QA55Q60C Mới 2023,16.900.000₫,,,5,https://www.dienmayxanh.com/tivi/smart-tivi-qled-4k-55-inch-samsung-qa55q60c,01,QLED,Tivi
Samsung Smart TV QLED QA75Q65A,23.900.000₫,33.900.000₫,-29%,16,https://www.dienmayxanh.com/tivi/qled-4k-samsung-qa75q65a,01,QLED,Tivi
Samsung Smart TV QLED QA43Q60C Mới 2023,13.900.000₫,,,6,https://www.dienmayxanh.com/tivi/smart-tivi-qled-4k-43-inch-samsung-qa43q60c,01,QLED,Tivi
Samsung Smart TV QLED QA65Q60C Mới 2023,20.900.000₫,,,6,https://www.dienmayxanh.com/tivi/smart-tivi-qled-4k-65-inch-samsung-qa65q60c,01,QLED,Tivi
Samsung Smart TV QLED QA50Q60C Mới 2023,15.900.000₫,,,5,https://www.dienmayxanh.com/tivi/smart-tivi-qled-4k-50-inch-samsung-qa50q60c,01,QLED,Tivi
Samsung Smart TV QLED QA55Q70B,18.700.000₫,18.900.000₫,,20,https://www.dienmayxanh.com/tivi/smart-qled-4k-55-inch-samsung-qa55q70b,01,QLED,Tivi
Samsung Smart TV QLED QA65Q70B,21.400.000₫,22.400.000₫,,17,https://www.dienmayxanh.com/tivi/smart-qled-4k-65-inch-samsung-qa65q70b,01,QLED,Tivi
Samsung Smart TV QLED QA75Q80B,29.900.000₫,40.900.000₫,-26%,6,https://www.dienmayxanh.com/tivi/smart-qled-4k-75-inch-samsung-qa75q80b,01,QLED,Tivi
Samsung Smart TV QLED QA65Q80B,23.500.000₫,27.900.000₫,-15%,7,https://www.dienmayxanh.com/tivi/smart-qled-4k-65-inch-samsung-qa65q80b,01,QLED,Tivi
Samsung Smart TV QLED QA55Q80A,21.900.000₫,33.900.000₫,-35%,43,https://www.dienmayxanh.com/tivi/qled-4k-samsung-qa55q80a,01,QLED,Tivi
Samsung Smart TV QLED QA50Q80A,17.900.000₫,28.900.000₫,-38%,26,https://www.dienmayxanh.com/tivi/qled-4k-samsung-qa50q80a,01,QLED,Tivi
Samsung Smart TV QLED QA65Q80A,21.900.000₫,42.900.000₫,-48%,44,https://www.dienmayxanh.com/tivi/qled-4k-samsung-qa65q80a,01,QLED,Tivi
Samsung Smart TV QLED QA65Q80R,38.030.000₫,48.890.000₫,-22%,7,https://www.dienmayxanh.com/tivi/samsung-qa65q80r,01,QLED,Tivi
Samsung Smart TV QLED QA82Q75R,43.890.000₫,69.990.000₫,-37%,,https://www.dienmayxanh.com/tivi/samsung-qa82q75r,01,QLED,Tivi
Samsung Smart TV QLED Xoay QA43LS05B,26.000.000₫,26.900.000₫,,,https://www.dienmayxanh.com/tivi/smart-man-hinh-xoay-the-sero-qled-samsung-4k-43-inch-qa43ls05b,01,QLED,Tivi
Samsung Smart TV QLED QA85Q70C Mới 2023,64.890.000₫,,,,https://www.dienmayxanh.com/tivi/smart-tivi-qled-4k-85-inch-samsung-qa85q70c,01,QLED,Tivi
Samsung Smart TV QLED QA75Q75R,39.190.000₫,49.990.000₫,-21%,,https://www.dienmayxanh.com/tivi/samsung-qa75q75r,01,QLED,Tivi
Samsung Smart TV QLED QA65Q60T,22.900.000₫,25.900.000₫,-11%,7,https://www.dienmayxanh.com/tivi/samsung-qa65q60t,01,QLED,Tivi
Samsung Smart TV QLED QA55Q80T,26.310.000₫,,,5,https://www.dienmayxanh.com/tivi/samsung-qa55q80t,01,QLED,Tivi
Samsung Smart TV Crystal UHD UA55AU8100,12.900.000₫,13.400.000₫,,317,https://www.dienmayxanh.com/tivi/led-4k-samsung-ua55au8100,01,Crystal UHD,Tivi
Samsung Smart TV Crystal UHD UA50AU8100,11.400.000₫,12.400.000₫,-8%,167,https://www.dienmayxanh.com/tivi/led-4k-samsung-ua50au8100,01,Crystal UHD,Tivi
Samsung Smart TV Crystal UHD UA65AU8100,11.990.000₫,16.400.000₫,-26%,203,https://www.dienmayxanh.com/tivi/led-4k-samsung-ua65au8100,01,Crystal UHD,Tivi
Samsung Smart TV UA43CU8000 Mới 2023,11.400.000₫,11.900.000₫,,6,https://www.dienmayxanh.com/tivi/smart-tivi-samsung-4k-43-inch-ua43cu8000,01,Crystal UHD,Tivi
Samsung Smart TV Crystal UHD UA75AU8100,18.990.000₫,27.890.000₫,-31%,35,https://www.dienmayxanh.com/tivi/led-4k-samsung-ua75au8100,01,Crystal UHD,Tivi
Samsung Smart TV UA50CU8000 Mới 2023,13.400.000₫,,,4,https://www.dienmayxanh.com/tivi/smart-tivi-samsung-4k-50-inch-ua50cu8000,01,Crystal UHD,Tivi
Samsung Smart TV UA55CU8000 Mới 2023,14.900.000₫,,,7,https://www.dienmayxanh.com/tivi/smart-tivi-samsung-4k-55-inch-ua55cu8000,01,Crystal UHD,Tivi
Samsung Smart TV UA65CU8000 Mới 2023,17.900.000₫,18.900.000₫,-5%,,https://www.dienmayxanh.com/tivi/smart-tivi-samsung-4k-65-inch-ua65cu8000,01,Crystal UHD,Tivi
Samsung Smart TV Crystal UHD UA43AU7200,7.400.000₫,12.390.000₫,-40%,33,https://www.dienmayxanh.com/tivi/led-4k-samsung-ua43au7200,01,Crystal UHD,Tivi
Samsung Smart TV Crystal UHD UA70AU8100,16.900.000₫,31.890.000₫,-47%,29,https://www.dienmayxanh.com/tivi/led-4k-samsung-ua70au8100,01,Crystal UHD,Tivi
Samsung Smart TV Crystal UHD UA65BU8500,17.900.000₫,21.900.000₫,-18%,10,https://www.dienmayxanh.com/tivi/smart-samsung-4k-65-inch-ua65bu8500,01,Crystal UHD,Tivi
Samsung Smart TV Crystal UHD UA50AU7200,9.400.000₫,13.890.000₫,-32%,51,https://www.dienmayxanh.com/tivi/led-4k-samsung-ua50au7200,01,Crystal UHD,Tivi
Samsung Smart TV Crystal UHD UA55BU8500,14.900.000₫,16.900.000₫,-11%,10,https://www.dienmayxanh.com/tivi/smart-samsung-4k-55-inch-ua55bu8500,01,Crystal UHD,Tivi
Samsung Smart TV UA55AU7200,9.900.000₫,16.890.000₫,-41%,68,https://www.dienmayxanh.com/tivi/led-4k-samsung-ua55au7200,01,Crystal UHD,Tivi
Samsung Smart TV Crystal UHD UA85BU8000,33.490.000₫,41.900.000₫,-20%,8,https://www.dienmayxanh.com/tivi/smart-samsung-4k-85-inch-ua85bu8000,01,Crystal UHD,Tivi
Samsung Smart TV UA75CU8000 Mới 2023,28.400.000₫,31.900.000₫,-10%,,https://www.dienmayxanh.com/tivi/smart-tivi-samsung-4k-75-inch-ua75cu8000,01,Crystal UHD,Tivi
Samsung Smart TV Crystal UHD UA75TU8100,28.100.000₫,35.900.000₫,-21%,4,https://www.dienmayxanh.com/tivi/samsung-ua75tu8100,01,Crystal UHD,Tivi
Samsung Smart TV Crystal UHD UA75BU8000,21.890.000₫,22.390.000₫,,,https://www.dienmayxanh.com/tivi/smart-samsung-4k-75-inch-ua75bu8000,01,Crystal UHD,Tivi
Samsung Smart TV Crystal UHD UA60BU8000,20.900.000₫,22.900.000₫,-8%,,https://www.dienmayxanh.com/tivi/smart-samsung-4k-60-inch-ua60bu8000,01,Crystal UHD,Tivi
Samsung Smart TV QLED Khung tranh QA50LS03A,16.900.000₫,29.900.000₫,-43%,37,https://www.dienmayxanh.com/tivi/the-frame-qled-4k-samsung-qa50ls03a,01,Lifestyle,Tivi
Samsung Smart TV Kiểu chữ I QA55LS01BA,23.800.000₫,23.900.000₫,,4,https://www.dienmayxanh.com/tivi/smart-tivi-kieu-chu-i-co-chan-the-serif-qled-samsung-4k-55-inch-qa55ls01ba,01,Lifestyle,Tivi
Smart Tivi Ngoài Trời The Terrace QLED Samsung 4K 75 inch QA75LST7T,29.900.000₫,50.400.000₫,-40%,,https://www.dienmayxanh.com/tivi/samsung-qa75lst7t,01,Lifestyle,Tivi
Samsung Smart TV QLED Khung tranh QA75LS03B,38.600.000₫,41.900.000₫,-7%,,https://www.dienmayxanh.com/tivi/smart-khung-tranh-the-frame-qled-samsung-4k-75-inch-qa75ls03b,01,Lifestyle,Tivi
Samsung Smart TV QLED Khung tranh QA85LS03B,69.900.000₫,,,,https://www.dienmayxanh.com/tivi/smart-khung-tranh-the-frame-qled-samsung-4k-85-inch-qa85ls03b,01,Lifestyle,Tivi
Samsung Smart TV QLED Kiểu chữ I QA50LS01BB,21.900.000₫,,,,https://www.dienmayxanh.com/tivi/smart-kieu-chu-i-co-chan-the-serif-qled-samsung-4k-50-inch-qa50ls01bb,01,Lifestyle,Tivi
Samsung Smart TV Micro LED The Wall MNA110MS1A,3.499.000.000₫,,,,https://www.dienmayxanh.com/tivi/samsung-micro-led-4k-mna110ms1a,01,The Wall,Tivi
Samsung Smart TV Micro LED The Wall MNA99MS1A,2.999.000.000₫,,,,https://www.dienmayxanh.com/tivi/samsung-micro-led-4k-mna99ms1a,01,The Wall,Tivi
Samsung Smart TV OLED QA55S95B,36.800.000₫,43.900.000₫,-16%,,https://www.dienmayxanh.com/tivi/smart-tivi-oled-samsung-4k-55-inch-qa55s95b,01,OLED,Tivi
Samsung Smart TV OLED QA77S95CA Mới 2023,102.890.000₫,108.780.000₫,-5%,,https://www.dienmayxanh.com/tivi/smart-tivi-oled-samsung-4k-77-inch-qa77s95ca,01,OLED,Tivi
Samsung Smart TV OLED QA65S95CA Mới 2023,63.390.000₫,69.890.000₫,-9%,,https://www.dienmayxanh.com/tivi/smart-tivi-oled-samsung-4k-65-inch-qa65s95ca,01,OLED,Tivi
Samsung Smart TV OLED QA55S95CA Mới 2023,43.890.000₫,,,,https://www.dienmayxanh.com/tivi/smart-tivi-oled-samsung-4k-55-inch-qa55s95ca,01,OLED,Tivi
Samsung Smart TV OLED QA77S90CA Mới 2023,93.990.000₫,,,,https://www.dienmayxanh.com/tivi/smart-tivi-oled-samsung-4k-77-inch-qa77s90ca,01,OLED,Tivi
Samsung Smart TV OLED QA65S90CA Mới 2023,58.990.000₫,,,,https://www.dienmayxanh.com/tivi/smart-tivi-oled-samsung-4k-65-inch-qa65s90ca,01,OLED,Tivi
Sony Google TV OLED XR-65A80K,45.890.000₫,53.890.000₫,-14%,14,https://www.dienmayxanh.com/tivi/google-oled-sony-4k-65-inch-xr-65a80k,02,Bravia XR OLED,Tivi
Sony Google TV OLED XR-48A90K,36.680.000₫,41.880.000₫,-12%,,https://www.dienmayxanh.com/tivi/google-oled-sony-4k-48-inch-xr-48a90k,02,Bravia XR OLED,Tivi
Sony Google TV OLED XR-55A80K,36.690.000₫,42.890.000₫,-14%,7,https://www.dienmayxanh.com/tivi/google-oled-sony-4k-55-inch-xr-55a80k,02,Bravia XR OLED,Tivi
Sony Google TV OLED XR-55A80L Mới 2023,44.900.000₫,46.900.000₫,,,https://www.dienmayxanh.com/tivi/google-tivi-oled-sony-4k-55-inch-55a80l,02,Bravia XR OLED,Tivi
Sony Android TV OLED XR-65A90J,48.800.000₫,64.900.000₫,-24%,,https://www.dienmayxanh.com/tivi/oled-sony-xr-65a90j,02,Bravia XR OLED,Tivi
Sony Google TV OLED XR-77A80L Mới 2023,92.900.000₫,95.400.000₫,,,https://www.dienmayxanh.com/tivi/google-tivi-oled-sony-4k-77-inch-77a80l,02,Bravia XR OLED,Tivi
Sony Android TV OLED XR-55A90J,41.990.000₫,52.900.000₫,-20%,3,https://www.dienmayxanh.com/tivi/oled-sony-xr-55a90j,02,Bravia XR OLED,Tivi
Sony Google TV OLED XR-65A80L Mới 2023,62.900.000₫,64.900.000₫,,,https://www.dienmayxanh.com/tivi/google-tivi-oled-sony-4k-65-inch-65a80l,02,Bravia XR OLED,Tivi
Sony Google TV KD-65X75K,15.900.000₫,18.900.000₫,-15%,85,https://www.dienmayxanh.com/tivi/google-sony-4k-65-inch-kd-65x75k,02,Bravia XR LED,Tivi
Sony Google TV KD-55X80K,16.400.000₫,17.900.000₫,-8%,182,https://www.dienmayxanh.com/tivi/android-sony-4k-55-inch-kd-55x80k,02,Bravia XR LED,Tivi
Sony Google TV KD-43X75K,10.400.000₫,11.400.000₫,-8%,244,https://www.dienmayxanh.com/tivi/google-sony-4k-43-inch-kd-43x75k,02,Bravia XR LED,Tivi
Sony Google TV KD-43X80K,13.900.000₫,14.400.000₫,,128,https://www.dienmayxanh.com/tivi/android-sony-4k-43-inch-kd-43x80k,02,Bravia XR LED,Tivi
Sony Google TV KD-55X75K,12.790.000₫,15.400.000₫,-16%,191,https://www.dienmayxanh.com/tivi/google-sony-4k-55-inch-kd-55x75k,02,Bravia XR LED,Tivi
Sony Google TV KD-32W830K,7.490.000₫,8.190.000₫,-8%,61,https://www.dienmayxanh.com/tivi/google-sony-32-inch-kd-32w830k,02,Bravia XR LED,Tivi
Sony Google TV KD-65X80K,20.900.000₫,21.900.000₫,,126,https://www.dienmayxanh.com/tivi/android-sony-4k-65-inch-kd-65x80k,02,Bravia XR LED,Tivi
Sony Google TV KD-50X80K,15.900.000₫,16.400.000₫,,105,https://www.dienmayxanh.com/tivi/android-sony-4k-50-inch-kd-50x80k,02,Bravia XR LED,Tivi
Sony Google TV KD-50X75K,13.400.000₫,13.900.000₫,,91,https://www.dienmayxanh.com/tivi/google-sony-4k-50-inch-kd-50x75k,02,Bravia XR LED,Tivi
Sony Google TV KD-65X85K,22.900.000₫,26.400.000₫,-13%,38,https://www.dienmayxanh.com/tivi/google-sony-4k-65-inch-kd-65x85k,02,Bravia XR LED,Tivi
Sony Google TV KD-75X80K,30.890.000₫,32.890.000₫,-6%,40,https://www.dienmayxanh.com/tivi/android-sony-4k-75-inch-kd-75x80k,02,Bravia XR LED,Tivi
Sony Google TV KD-55X85K,20.400.000₫,22.900.000₫,-10%,25,https://www.dienmayxanh.com/tivi/google-sony-4k-55-inch-kd-55x85k,02,Bravia XR LED,Tivi
Sony Google TV XR-55X90K,24.400.000₫,25.900.000₫,-5%,22,https://www.dienmayxanh.com/tivi/google-sony-4k-55-inch-xr-55x90k,02,Bravia XR LED,Tivi
Sony Google TV XR-65X90K,26.900.000₫,30.900.000₫,-12%,29,https://www.dienmayxanh.com/tivi/google-sony-4k-65-inch-xr-65x90k,02,Bravia XR LED,Tivi
Sony Google TV KD-55X80L Mới 2023,18.390.000₫,18.890.000₫,,,https://www.dienmayxanh.com/tivi/google-tivi-sony-4k-55-inch-55x80l,02,Bravia XR LED,Tivi
Sony Google TV KD-50X80L Mới 2023,16.890.000₫,17.190.000₫,,,https://www.dienmayxanh.com/tivi/google-tivi-sony-4k-50-inch-50x80l,02,Bravia XR LED,Tivi
Sony Google TV KD-50X85K,18.900.000₫,19.900.000₫,-5%,15,https://www.dienmayxanh.com/tivi/google-sony-4k-50-inch-kd-50x85k,02,Bravia XR LED,Tivi
Sony Google TV KD-65X80L Mới 2023,22.890.000₫,23.590.000₫,,,https://www.dienmayxanh.com/tivi/google-tivi-sony-4k-65-inch-65x80l,02,Bravia XR LED,Tivi
Sony Google TV KD-43X80L Mới 2023,15.390.000₫,15.590.000₫,,4,https://www.dienmayxanh.com/tivi/google-tivi-sony-4k-43-inch-43x80l,02,Bravia XR LED,Tivi
Sony Android TV KD-65X95J,31.900.000₫,39.900.000₫,-20%,10,https://www.dienmayxanh.com/tivi/led-sony-kd-65x95j,02,Bravia XR LED,Tivi
Sony Google TV KD-85X85K,46.790.000₫,60.890.000₫,-23%,6,https://www.dienmayxanh.com/tivi/google-sony-4k-85-inch-kd-85x85k,02,Bravia XR LED,Tivi
Sony Google TV KD-75X80L Mới 2023,33.900.000₫,35.900.000₫,-5%,,https://www.dienmayxanh.com/tivi/google-tivi-sony-4k-75-inch-75x80l,02,Bravia XR LED,Tivi
Sony Google TV KD-75X85K,32.980.000₫,39.880.000₫,-17%,6,https://www.dienmayxanh.com/tivi/google-sony-4k-75-inch-kd-75x85k,02,Bravia XR LED,Tivi
Google Tivi Sony 4K 55 inch XR-55X90L,28.900.000₫,29.900.000₫,,,https://www.dienmayxanh.com/tivi/google-tivi-sony-4k-55-inch-xr-55x90l,02,Bravia XR LED,Tivi
Sony Google TV XR-85X90K,57.790.000₫,69.890.000₫,-17%,6,https://www.dienmayxanh.com/tivi/google-sony-4k-85-inch-xr-85x90k,02,Bravia XR LED,Tivi
Sony Google TV KD-85X80L Mới 2023,50.890.000₫,53.890.000₫,-5%,,https://www.dienmayxanh.com/tivi/google-tivi-sony-4k-85-inch-85x80l,02,Bravia XR LED,Tivi
Google Tivi Sony 4K 65 inch KD-65X85L,29.890.000₫,30.890.000₫,,,https://www.dienmayxanh.com/tivi/google-tivi-sony-4k-65-inch-kd-65x85l,02,Bravia XR LED,Tivi
Sony Android TV KD-85X95J,64.980.000₫,85.890.000₫,-24%,,https://www.dienmayxanh.com/tivi/led-sony-kd-85x95j,02,Bravia XR LED,Tivi
Sony Google TV KD-50X81DK,15.400.000₫,16.400.000₫,-6%,,https://www.dienmayxanh.com/tivi/google-sony-4k-50-inch-kd-50x81dk,02,Bravia XR LED,Tivi
Sony Google TV KD-55X85L Mới 2023,22.900.000₫,23.600.000₫,,,https://www.dienmayxanh.com/tivi/google-tivi-sony-4k-55-inch-kd-55x85l,02,Bravia XR LED,Tivi
Sony Google TV XR-65X90L Mới 2023,34.900.000₫,36.400.000₫,,,https://www.dienmayxanh.com/tivi/google-tivi-sony-4k-65-inch-xr-65x90l,02,Bravia XR LED,Tivi
Sony Google TV XR-75X90L Mới 2023,47.900.000₫,49.900.000₫,,,https://www.dienmayxanh.com/tivi/google-tivi-sony-4k-75-inch-xr-75x90l,02,Bravia XR LED,Tivi
Sony Google TV KD-75X85L Mới 2023,39.890.000₫,41.390.000₫,,,https://www.dienmayxanh.com/tivi/google-tivi-sony-4k-75-inch-kd-75x85l,02,Bravia XR LED,Tivi
Sony Google TV KD-75X77L Mới 2023,29.900.000₫,30.900.000₫,,,https://www.dienmayxanh.com/tivi/google-tivi-sony-4k-75-inch-kd-75x77l,02,Bravia XR LED,Tivi
Sony Google TV KD-65X77L Mới 2023,19.900.000₫,20.400.000₫,,,https://www.dienmayxanh.com/tivi/google-tivi-sony-4k-65-inch-kd-65x77l,02,Bravia XR LED,Tivi
Sony Google TV KD-55X77L Mới 2023,15.400.000₫,15.900.000₫,,,https://www.dienmayxanh.com/tivi/google-tivi-sony-4k-55-inch-kd-55x77l,02,Bravia XR LED,Tivi
Sony Google TV KD-50X77L Mới 2023,14.700.000₫,,,,https://www.dienmayxanh.com/tivi/google-tivi-sony-4k-50-inch-kd-50x77l,02,Bravia XR LED,Tivi
Sony Google TV KD-43X77L Mới 2023,12.200.000₫,,,,https://www.dienmayxanh.com/tivi/google-tivi-sony-4k-43-inch-kd-43x77l,02,Bravia XR LED,Tivi
Sony Google TV XR-65X95K,49.990.000₫,60.900.000₫,-17%,,https://www.dienmayxanh.com/tivi/google-sony-4k-65-inch-xr-65x95k,02,Bravia XR Mini LED,Tivi
Sony Google TV XR-75X95K,64.390.000₫,79.890.000₫,-19%,6,https://www.dienmayxanh.com/tivi/google-mini-led-sony-4k-75-inch-xr-75x95k,02,Bravia XR Mini LED,Tivi
Sony Google TV XR-85X95K,88.090.000₫,130.890.000₫,-32%,,https://www.dienmayxanh.com/tivi/google-sony-4k-85-inch-xr-85x95k,02,Bravia XR Mini LED,Tivi
Sony Google TV XR-65X95L Mới 2023,59.900.000₫,61.900.000₫,,,https://www.dienmayxanh.com/tivi/google-tivi-miniled-sony-4k-65-inch-xr-65x95l,02,Bravia XR Mini LED,Tivi
LG Smart TV OLED 55C2PSA,31.200.000₫,49.900.000₫,-37%,23,https://www.dienmayxanh.com/tivi/smart-oled-lg-4k-55-inch-55c2psa,03,OLED evo,Tivi
LG Smart TV OLED 48C2PSA,24.900.000₫,40.900.000₫,-39%,13,https://www.dienmayxanh.com/tivi/smart-oled-lg-4k-48-inch-48c2psa,03,OLED evo,Tivi
LG Smart TV OLED 55G2PSA,40.900.000₫,58.900.000₫,-30%,3,https://www.dienmayxanh.com/tivi/smart-oled-lg-4k-55-inch-55g2psa,03,OLED evo,Tivi
LG Smart TV OLED 55G1PTA,25.990.000₫,58.900.000₫,-55%,6,https://www.dienmayxanh.com/tivi/smart-oled-lg-4k-55-inch-55g1pta,03,OLED evo,Tivi
LG Smart TV OLED 42C2PSA,24.900.000₫,36.900.000₫,-32%,12,https://www.dienmayxanh.com/tivi/smart-oled-lg-4k-42-inch-42c2psa,03,OLED evo,Tivi
LG Smart TV OLED 65G2PSA,59.800.000₫,84.900.000₫,-29%,5,https://www.dienmayxanh.com/tivi/smart-oled-lg-4k-65-inch-65g2psa,03,OLED evo,Tivi
LG Smart TV OLED 55C3PSA Mới 2023,39.600.000₫,44.900.000₫,-11%,,https://www.dienmayxanh.com/tivi/smart-tivi-oled-lg-4k-55-inch-55c3psa,03,OLED evo,Tivi
LG Smart TV OLED 65G1PTA,36.990.000₫,84.900.000₫,-56%,3,https://www.dienmayxanh.com/tivi/smart-oled-lg-4k-65-inch-65g1pta,03,OLED evo,Tivi
LG Smart TV OLED 48C3PSA Mới 2023,32.900.000₫,36.900.000₫,-10%,,https://www.dienmayxanh.com/tivi/smart-tivi-oled-lg-4k-48-inch-48c3psa,03,OLED evo,Tivi
LG Smart TV OLED 77C3PSA Mới 2023,94.900.000₫,,,,https://www.dienmayxanh.com/tivi/smart-tivi-oled-lg-4k-77-inch-77c3psa,03,OLED evo,Tivi
LG Smart TV OLED 83C3PSA Mới 2023,149.000.000₫,,,,https://www.dienmayxanh.com/tivi/smart-tivi-oled-lg-4k-83-inch-83c3psa,03,OLED evo,Tivi
LG Smart TV OLED 55G3PSA Mới 2023,54.900.000₫,,,,https://www.dienmayxanh.com/tivi/smart-tivi-oled-evo-lg-4k-55-inch-55g3psa,03,OLED evo,Tivi
LG Smart TV OLED 65G3PSA Mới 2023,64.500.000₫,69.900.000₫,-7%,,https://www.dienmayxanh.com/tivi/smart-tivi-oled-evo-lg-4k-65-inch-65g3psa,03,OLED evo,Tivi
LG Smart TV OLED 77G3PSA Mới 2023,109.900.000₫,,,,https://www.dienmayxanh.com/tivi/smart-tivi-oled-evo-lg-4k-77-inch-77g3psa,03,OLED evo,Tivi
LG Smart TV OLED 55A2PSA,23.900.000₫,42.900.000₫,-44%,16,https://www.dienmayxanh.com/tivi/smart-oled-lg-4k-55-inch-55a2psa,03,OLED,Tivi
LG Smart TV OLED 65A2PSA,31.200.000₫,57.900.000₫,-46%,84,https://www.dienmayxanh.com/tivi/smart-oled-lg-4k-65-inch-65a2psa,03,OLED,Tivi
LG Smart TV OLED 65C2PSA,40.900.000₫,65.900.000₫,-37%,53,https://www.dienmayxanh.com/tivi/smart-oled-lg-4k-65-inch-65c2psa,03,OLED,Tivi
LG Smart TV OLED 48A2PSA,19.900.000₫,32.900.000₫,-39%,23,https://www.dienmayxanh.com/tivi/smart-oled-lg-4k-48-inch-48a2psa,03,OLED,Tivi
LG Smart TV OLED 77A2PSA,59.800.000₫,94.900.000₫,-36%,9,https://www.dienmayxanh.com/tivi/smart-oled-lg-4k-77-inch-77a2psa,03,OLED,Tivi
LG Smart TV OLED 48C1PTB,19.900.000₫,39.900.000₫,-50%,26,https://www.dienmayxanh.com/tivi/oled-lg-48c1ptb,03,OLED,Tivi
LG Smart TV OLED 83C2PSA,128.000.000₫,149.000.000₫,-14%,,https://www.dienmayxanh.com/tivi/smart-tivi-oled-lg-4k-83-inch-42c2psa,03,OLED,Tivi
LG Smart TV OLED 48A3PSA Mới 2023,28.400.000₫,31.900.000₫,-10%,,https://www.dienmayxanh.com/tivi/smart-tivi-oled-lg-4k-48-inch-48a3psa,03,OLED,Tivi
Smart Tivi OLED LG 4K 55 inch 55A3PSA,32.700.000₫,39.900.000₫,-18%,,https://www.dienmayxanh.com/tivi/smart-tivi-oled-lg-4k-55-inch-55a3psa,03,OLED,Tivi
LG Smart TV OLED 88Z2PSA,890.000.000₫,,,,https://www.dienmayxanh.com/tivi/smart-oled-lg-8k-88-inch-88z2psa,03,OLED,Tivi
LG Smart TV OLED 65A3PSA Mới 2023,43.300.000₫,52.900.000₫,-18%,,https://www.dienmayxanh.com/tivi/smart-tivi-oled-lg-4k-65-inch-65a3psa,03,OLED,Tivi
LG Smart TV OLED 65C3PSA Mới 2023,59.500.000₫,63.900.000₫,-6%,,https://www.dienmayxanh.com/tivi/smart-tivi-oled-lg-4k-65-inch-65c3psa,03,OLED,Tivi
LG Smart TV QNED 75QNED91TPA,55.000.000₫,88.900.000₫,-38%,,https://www.dienmayxanh.com/tivi/smart-qned-4k-75-inch-75qned91tpa,03,QNED MiniLED,Tivi
LG Smart TV 65QNED86SQA,32.100.000₫,54.900.000₫,-41%,47,https://www.dienmayxanh.com/tivi/smart-qned-lg-4k-65-inch-65qned86sqa,03,QNED MiniLED,Tivi
LG Smart TV QNED 65QNED91TPA,30.300.000₫,61.900.000₫,-51%,,https://www.dienmayxanh.com/tivi/smart-qned-4k-65-inch-65qned91tpa,03,QNED MiniLED,Tivi
LG Smart TV QNED 75QNED99TPB,96.000.000₫,139.900.000₫,-31%,,https://www.dienmayxanh.com/tivi/smart-qned-lg-8k-75-inch-75qned99tpa,03,QNED MiniLED,Tivi
LG Smart TV QNED 75QNED99SQB,112.000.000₫,164.900.000₫,-32%,,https://www.dienmayxanh.com/tivi/smart-qned-lg-8k-75-inch-75qned99sqb,03,QNED MiniLED,Tivi
LG Smart TV NanoCell 55NANO76SQA,14.170.000₫,22.900.000₫,-38%,108,https://www.dienmayxanh.com/tivi/smart-nanocell-lg-4k-55-inch-55nano76sqa,03,NanoCell,Tivi
LG Smart TV NanoCell 43NANO76SQA,10.900.000₫,15.900.000₫,-31%,48,https://www.dienmayxanh.com/tivi/smart-nanocell-lg-4k-43-inch-43nano76sqa,03,NanoCell,Tivi
LG Smart TV NanoCell 65NANO76SQA,17.900.000₫,29.900.000₫,-40%,82,https://www.dienmayxanh.com/tivi/smart-nanocell-lg-4k-65-inch-65nano76sqa,03,NanoCell,Tivi
LG Smart TV NanoCell 50NANO76SQA,12.900.000₫,19.400.000₫,-33%,42,https://www.dienmayxanh.com/tivi/smart-nanocell-lg-4k-50-inch-50nano76sqa,03,NanoCell,Tivi
LG Smart TV NanoCell 75NANO76SQA,25.700.000₫,46.900.000₫,-45%,17,https://www.dienmayxanh.com/tivi/smart-nanocell-lg-4k-75-inch-75nano76sqa,03,NanoCell,Tivi
LG Smart TV NanoCell 55NANO75TPA,12.900.000₫,25.900.000₫,-50%,76,https://www.dienmayxanh.com/tivi/nanocell-lg-55nano75tpa,03,NanoCell,Tivi
Smart Tivi NanoCell LG 4K 50 inch 50NANO75TPA,11.900.000₫,21.900.000₫,-45%,68,https://www.dienmayxanh.com/tivi/nanocell-lg-50nano75tpa,03,NanoCell,Tivi
LG Smart TV NanoCell 70NANO76SQA,21.900.000₫,39.900.000₫,-45%,4,https://www.dienmayxanh.com/tivi/smart-nanocell-lg-4k-70-inch-70nano76sqa,03,NanoCell,Tivi
LG Smart TV NanoCell 43NANO75TPA,10.400.000₫,16.900.000₫,-38%,77,https://www.dienmayxanh.com/tivi/nanocell-lg-43nano75tpa,03,NanoCell,Tivi
LG Smart TV NanoCell 55NANO86TPA,16.900.000₫,27.900.000₫,-39%,25,https://www.dienmayxanh.com/tivi/nanocell-lg-55nano86tpa,03,NanoCell,Tivi
LG Smart TV NanoCell 86NANO76SQA,41.300.000₫,68.900.000₫,-40%,3,https://www.dienmayxanh.com/tivi/smart-nanocell-lg-4k-86-inch-86nano76sqa,03,NanoCell,Tivi
LG Smart TV 65UQ7550PSF,12.490.000₫,22.400.000₫,-44%,68,https://www.dienmayxanh.com/tivi/smart-lg-4k-65-inch-65uq7550psf,03,UHD,Tivi
LG Smart TV 55UQ8000PSC,12.900.000₫,19.900.000₫,-35%,155,https://www.dienmayxanh.com/tivi/smart-lg-4k-55-inch-55uq8000psc,03,UHD,Tivi
LG Smart TV 43UQ7550PSF,8.490.000₫,12.900.000₫,-34%,130,https://www.dienmayxanh.com/tivi/smart-lg-4k-43-inch-43uq7550psf,03,UHD,Tivi
LG Smart TV 43UQ8000PSC,9.900.000₫,14.400.000₫,-31%,89,https://www.dienmayxanh.com/tivi/smart-lg-4k-43-inch-43uq8000psc,03,UHD,Tivi
LG Smart TV 65UQ8000PSC,14.900.000₫,25.400.000₫,-41%,75,https://www.dienmayxanh.com/tivi/smart-lg-4k-65-inch-65uq8000psc,03,UHD,Tivi
LG Smart TV 55UQ7550PSF,11.900.000₫,16.900.000₫,-29%,71,https://www.dienmayxanh.com/tivi/smart-lg-4k-55-inch-55uq7550psf,03,UHD,Tivi
LG Smart TV 50UQ7550PSF,9.900.000₫,14.900.000₫,-33%,90,https://www.dienmayxanh.com/tivi/smart-lg-4k-50-inch-50uq7550psf,03,UHD,Tivi
LG Smart TV 50UQ8000PSC,10.520.000₫,17.400.000₫,-39%,43,https://www.dienmayxanh.com/tivi/smart-lg-4k-50-inch-50uq8000psc,03,UHD,Tivi
LG Smart TV 75UQ8000PSC,19.170.000₫,35.900.000₫,-46%,28,https://www.dienmayxanh.com/tivi/smart-lg-4k-75-inch-75uq8000psc,03,UHD,Tivi
LG Smart TV 70UQ8000PSC,19.900.000₫,30.900.000₫,-35%,17,https://www.dienmayxanh.com/tivi/smart-lg-4k-70-inch-70uq8000psc,03,UHD,Tivi
LG Smart TV 86UQ9100PSD,37.700.000₫,61.900.000₫,-39%,4,https://www.dienmayxanh.com/tivi/smart-lg-4k-86-inch-86uq9100psd,03,UHD,Tivi
LG Smart TV 43UP7750PTB,13.900.000₫,15.400.000₫,-9%,93,https://www.dienmayxanh.com/tivi/led-lg-43up7750ptb,03,UHD,Tivi
LG Smart TV 60UQ8150PSB,14.900.000₫,22.900.000₫,-34%,3,https://www.dienmayxanh.com/tivi/smart-lg-4k-60-inch-60uq8150psb,03,UHD,Tivi
LG Smart TV 65UR7550PSC Mới 2023,15.600.000₫,16.900.000₫,-7%,,https://www.dienmayxanh.com/tivi/smart-tivi-lg-4k-65-inch-65ur7550psc,03,UHD,Tivi
LG Smart TV 43UP7800PTB,10.900.000₫,15.900.000₫,-31%,134,https://www.dienmayxanh.com/tivi/led-lg-43up7800ptb,03,UHD,Tivi
LG Smart TV 86UR8050PSB Mới 2023,40.600.000₫,45.900.000₫,-11%,,https://www.dienmayxanh.com/tivi/smart-tivi-lg-4k-86-inch-86ur8050psb,03,UHD,Tivi
LG Smart TV 65UR9050PSK Mới 2023,18.300.000₫,20.900.000₫,-12%,,https://www.dienmayxanh.com/tivi/smart-tivi-lg-4k-65-inch-65ur9050psk,03,UHD,Tivi
LG Smart TV 50UP7750PTB,12.700.000₫,18.900.000₫,-32%,44,https://www.dienmayxanh.com/tivi/led-lg-50up7750ptb,03,UHD,Tivi
LG Smart TV 55UP7750PTB,17.900.000₫,21.900.000₫,-18%,98,https://www.dienmayxanh.com/tivi/led-lg-55up7750ptb,03,UHD,Tivi
LG Smart TV 70UP7750PTB,22.900.000₫,33.900.000₫,-32%,10,https://www.dienmayxanh.com/tivi/led-lg-70up7750ptb,03,UHD,Tivi
LG Smart TV 75UP7750PTB,22.000.000₫,41.900.000₫,-47%,9,https://www.dienmayxanh.com/tivi/led-lg-75up7750ptb,03,UHD,Tivi
Smart Tivi LG 4K 50 inch 50UP7800PTB,17.400.000₫,19.400.000₫,-10%,27,https://www.dienmayxanh.com/tivi/led-lg-50up7800ptb,03,UHD,Tivi
LG Smart TV 55UP7800PTB,18.900.000₫,22.900.000₫,-17%,81,https://www.dienmayxanh.com/tivi/led-lg-55up7800ptb,03,UHD,Tivi
LG Smart TV 75UR9050PSK Mới 2023,28.000.000₫,31.900.000₫,-12%,,https://www.dienmayxanh.com/tivi/smart-tivi-lg-4k-75-inch-75ur9050psk,03,UHD,Tivi
LG Smart TV 75UR7550PSC Mới 2023,24.400.000₫,26.900.000₫,-9%,,https://www.dienmayxanh.com/tivi/smart-tivi-lg-4k-75-inch-75ur7550psc,03,UHD,Tivi
Casper Android TV QLED 55QG8000,7.990.000₫,15.990.000₫,-50%,20,https://www.dienmayxanh.com/tivi/android-qled-4k-55-inch-casper-55qc8000,04,QLED,Tivi
TCL Google TV QLED 55Q646 Mới 2023,12.490.000₫,14.990.000₫,-16%,5,https://www.dienmayxanh.com/tivi/google-tivi-qled-tcl-4k-55-inch-55q646,05,QLED,Tivi
TCL Google TV QLED 43Q636,11.490.000₫,,,82,https://www.dienmayxanh.com/tivi/google-tcl-4k-43-inch-43q636,05,QLED,Tivi
TCL Google TV QLED 55C735,22.990.000₫,,,,https://www.dienmayxanh.com/tivi/google-qled-tcl-4k-55-inch-55c735,05,QLED,Tivi
TCL Google TV QLED 65C735,26.990.000₫,,,,https://www.dienmayxanh.com/tivi/google-tivi-qled-tcl-4k-65-inch-65c735,05,QLED,Tivi
TCL Android TV QLED 98C735,76.990.000₫,109.900.000₫,-29%,,https://www.dienmayxanh.com/tivi/android-tivi-qled-tcl-4k-98-inch-c73,05,QLED,Tivi
TCL Google TV QLED 55C745 Mới 2023,18.990.000₫,21.990.000₫,-13%,,https://www.dienmayxanh.com/tivi/google-tivi-qled-tcl-4k-55-inch-55c745,05,QLED,Tivi
TCL Google TV QLED 65C745 Mới 2023,23.990.000₫,26.990.000₫,-11%,,https://www.dienmayxanh.com/tivi/google-tivi-qled-tcl-4k-65-inch-65c745,05,QLED,Tivi
TCL Google TV QLED 65C845 Mới 2023,34.990.000₫,37.990.000₫,-7%,,https://www.dienmayxanh.com/tivi/google-tivi-qled-tcl-4k-65-inch-65c845,05,QLED,Tivi
TCL Google TV QLED 75C845 Mới 2023,43.990.000₫,47.990.000₫,-8%,,https://www.dienmayxanh.com/tivi/google-tivi-qled-tcl-4k-75-inch-75c845,05,QLED,Tivi
Sharp Android TV 2T-C32EG2X,4.490.000₫,5.290.000₫,-15%,29,https://www.dienmayxanh.com/tivi/android-tivi-sharp-32-inch-2t-c32eg2x,06,,Tivi
Sharp Android TV 2T-C42EG2X,5.790.000₫,7.290.000₫,-20%,37,https://www.dienmayxanh.com/tivi/android-tivi-sharp-42-inch-2t-c42eg2x,06,,Tivi
Sharp Android TV 4T-C50EK2X,6.990.000₫,10.990.000₫,-36%,4,https://www.dienmayxanh.com/tivi/android-tivi-sharp-4k-50-inch-4t-c50ek2x,06,,Tivi
Sharp Android TV 4T-C55EK2X,8.990.000₫,11.990.000₫,-25%,7,https://www.dienmayxanh.com/tivi/android-tivi-sharp-4k-55-inch-4t-c55ek2x,06,,Tivi
Sharp Android TV 4T-C65EK2X,10.990.000₫,18.990.000₫,-42%,,https://www.dienmayxanh.com/tivi/android-tivi-sharp-4k-60-inch-4t-c65ek2x,06,,Tivi
Toshiba Google TV 43C350LP,7.990.000₫,11.490.000₫,-30%,133,https://www.dienmayxanh.com/tivi/google-tivi-toshiba-4k-43-inch-43c350lp,07,,Tivi
Toshiba Android TV 43V35KP,6.490.000₫,8.990.000₫,-27%,70,https://www.dienmayxanh.com/tivi/android-tivi-toshiba-43-inch-43v35kp,07,,Tivi
Toshiba Google TV 65C350LP,11.990.000₫,22.990.000₫,-47%,49,https://www.dienmayxanh.com/tivi/google-tivi-toshiba-4k-65-inch-65c350lp,07,,Tivi
Toshiba Google TV 55C350LP,9.790.000₫,15.690.000₫,-37%,61,https://www.dienmayxanh.com/tivi/google-tivi-toshiba-4k-55-inch-55c350lp,07,,Tivi
Toshiba Google TV QLED 65M550LP,13.690.000₫,24.990.000₫,-45%,7,https://www.dienmayxanh.com/tivi/google-tivi-qled-toshiba-4k-65-inch-65m550lp,07,,Tivi
Toshiba Google TV 75C350LP,16.990.000₫,31.290.000₫,-45%,8,https://www.dienmayxanh.com/tivi/google-tivi-toshiba-4k-75-inch-75c350lp,07,,Tivi
Toshiba Google TV QLED 55M550LP,11.590.000₫,19.990.000₫,-42%,6,https://www.dienmayxanh.com/tivi/google-tivi-qled-toshiba-4k-55-inch-55m550lp,07,,Tivi
Toshiba Smart TV OLED 55X9900LP,54.990.000₫,,,,https://www.dienmayxanh.com/tivi/smart-tivi-oled-toshiba-4k-55-inch-55x9900lp,07,,Tivi
Toshiba Smart TV OLED 65X9900LP,69.990.000₫,,,,https://www.dienmayxanh.com/tivi/smart-tivi-oled-toshiba-4k-65-inch-65x9900lp,07,,Tivi
Toshiba Google TV QLED 50M550LP,11.790.000₫,17.990.000₫,-34%,,https://www.dienmayxanh.com/tivi/google-tivi-qled-toshiba-4k-50-inch-50m550lp,07,,Tivi
AQUA Android TV LE55AQT6600UG,7.590.000₫,11.990.000₫,-36%,,https://www.dienmayxanh.com/tivi/led-aqua-le55aqt6600ug,08,,Tivi
AQUA Android TV LE32AQT6600G,3.590.000₫,5.990.000₫,-40%,,https://www.dienmayxanh.com/tivi/android-tivi-aqua-32-inch-le32aqt6600g,08,,Tivi
iFFALCON Google TV 65U62,7.990.000₫,13.490.000₫,-40%,9,https://www.dienmayxanh.com/tivi/google-iffalcon-4k-65-inch-65u62,09,,Tivi
iFFALCON Google TV 43U62,5.290.000₫,7.990.000₫,-33%,9,https://www.dienmayxanh.com/tivi/google-iffalcon-4k-43-inch-43u62,09,,Tivi
iFFALCON Google TV 55U62,7.190.000₫,9.990.000₫,-28%,23,https://www.dienmayxanh.com/tivi/google-iffalcon-4k-55-inch-55u62,09,,Tivi
iFFALCON Android TV 32S52,3.990.000₫,4.590.000₫,-13%,47,https://www.dienmayxanh.com/tivi/android-iffalcon-32-inch-32s52,09,,Tivi
