product_name,current_price,price,percent_discount,rating,link,brand_id,series,device
LG Inverter 11.5 Kg T2351VSAB,6.590.000₫,9.390.000₫,-29%,230,https://www.dienmayxanh.com/may-giat/may-giat-lg-inverter-115-kg-t2351vsab,01,,Washing Machine
LG Inverter 8.5 Kg FV1408S4W,9.390.000₫,12.190.000₫,-22%,978,https://www.dienmayxanh.com/may-giat/may-giat-lg-inverter-85-kg-fv1408s4w,01,,Washing Machine
LG Inverter 10 Kg FV1410S3B,11.950.000₫,18.290.000₫,-34%,478,https://www.dienmayxanh.com/may-giat/lg-inverter-10-kg-fv1410s3b,01,,Washing Machine
LG Inverter 10 Kg FV1410S5W,9.490.000₫,15.990.000₫,-40%,278,https://www.dienmayxanh.com/may-giat/lg-inverter-10-kg-fv1410s5w,01,,Washing Machine
LG Inverter Giặt 9 Kg - Sấy 5 Kg FV1409G4V,12.400.000₫,20.990.000₫,-40%,317,https://www.dienmayxanh.com/may-giat/fv1409g4v,01,,Washing Machine
LG Inverter 9 Kg T2109VSAB,6.540.000₫,7.090.000₫,-7%,207,https://www.dienmayxanh.com/may-giat/may-giat-lg-t2109vsab,01,,Washing Machine
LG Inverter 10.5 Kg FV1450S3W2,11.990.000₫,17.690.000₫,-32%,162,https://www.dienmayxanh.com/may-giat/lg-inverter-105-kg-fv1450s3w2,01,,Washing Machine
LG Inverter 9 Kg FV1409S2V,11.590.000₫,16.790.000₫,-30%,302,https://www.dienmayxanh.com/may-giat/may-giat-lg-fv1409s2v,01,,Washing Machine
LG Inverter 10.5 Kg T2350VSAB,6.950.000₫,7.990.000₫,-13%,123,https://www.dienmayxanh.com/may-giat/may-giat-lg-inverter-105-kgt2350vsab,01,,Washing Machine
LG Inverter 14 Kg TV2514DV3B Mới 2023,10.590.000₫,11.990.000₫,-11%,16,https://www.dienmayxanh.com/may-giat/may-giat-lg-inverter-14-kg-tv2514dv3b,01,,Washing Machine
LG Inverter 11 Kg FV1411S4P,14.190.000₫,19.790.000₫,-28%,116,https://www.dienmayxanh.com/may-giat/lg-inverter-11-kg-fv1411s4p,01,,Washing Machine
LG Inverter 9 Kg FV1409S4W,8.990.000₫,13.890.000₫,-35%,334,https://www.dienmayxanh.com/may-giat/lg-fv1409s4w,01,,Washing Machine
LG Inverter 12 Kg FV1412S3BA Mới 2023,16.490.000₫,21.490.000₫,-23%,5,https://www.dienmayxanh.com/may-giat/may-giat-lg-fv1412s3ba,01,,Washing Machine
LG Inverter 10 Kg FV1410S4P,12.950.000₫,16.990.000₫,-23%,273,https://www.dienmayxanh.com/may-giat/lg-inverter-10-kg-fv1410s4p,01,,Washing Machine
LG Inverter 13 Kg T2313VSAB,8.250.000₫,12.090.000₫,-31%,167,https://www.dienmayxanh.com/may-giat/lg-inverter-13-kg-t2313vsab,01,,Washing Machine
LG Inverter 16 Kg TV2516DV3B Mới 2023,10.590.000₫,13.990.000₫,-24%,10,https://www.dienmayxanh.com/may-giat/may-giat-lg-inverter-16-kg-tv2516dv3b,01,,Washing Machine
LG Inverter 11 Kg FV1411S4WA Mới 2023,12.890.000₫,16.990.000₫,-24%,8,https://www.dienmayxanh.com/may-giat/may-giat-lg-fv1411s4wa,01,,Washing Machine
LG Inverter 8.5 Kg FV1408S4V,10.390.000₫,12.990.000₫,-20%,129,https://www.dienmayxanh.com/may-giat/may-giat-lg-fv1408s4v,01,,Washing Machine
LG Inverter Giặt 10 Kg - Sấy 6 Kg FV1410D4P,15.700.000₫,22.190.000₫,-29%,12,https://www.dienmayxanh.com/may-giat/lg-inverter-10-kg-fv1410d4p,01,,Washing Machine
LG Inverter Giặt 11 Kg - Sấy 7 Kg FV1411H3BA,17.950.000₫,27.090.000₫,-33%,20,https://www.dienmayxanh.com/may-giat/may-giat-say-lg-inverter-11kg-fv1411h3ba,01,,Washing Machine
LG Inverter 15 Kg F2515STGW,18.890.000₫,26.990.000₫,-30%,84,https://www.dienmayxanh.com/may-giat/lg-f2515stgw,01,,Washing Machine
LG Inverter Giặt 15 Kg - Sấy 8 Kg F2515RTGB,21.790.000₫,30.990.000₫,-29%,48,https://www.dienmayxanh.com/may-giat/may-giat-say-lg-inverter-15-kg-f2515rtgb,01,,Washing Machine
LG Inverter 11 Kg TH2111DSAB,8.790.000₫,11.090.000₫,-20%,208,https://www.dienmayxanh.com/may-giat/lg-th2111dsab,01,,Washing Machine
LG Inverter Giặt 11 Kg - Sấy 7 Kg FV1411D4W,15.950.000₫,25.090.000₫,-36%,18,https://www.dienmayxanh.com/may-giat/may-giat-say-lg-inverter-11kg-fv1411d4w,01,,Washing Machine
LG Inverter 12 Kg FV1412S3PA Mới 2023,15.990.000₫,19.990.000₫,-20%,,https://www.dienmayxanh.com/may-giat/may-giat-lg-fv1412s3pa,01,,Washing Machine
LG Inverter 18 Kg TV2518DV3B Mới 2023,11.790.000₫,15.990.000₫,-26%,,https://www.dienmayxanh.com/may-giat/may-giat-lg-inverter-18-kg-tv2518dv3b,01,,Washing Machine
LG Inverter 14 Kg FV1414S3P Mới 2023,15.950.000₫,23.990.000₫,-33%,,https://www.dienmayxanh.com/may-giat/may-giat-lg-inverter-14-kg-fv1414s3p,01,,Washing Machine
Tủ chăm sóc quần áo thông minh LG Inverter 6.5 Kg Styler S5MB,45.490.000₫,65.000.000₫,-30%,11,https://www.dienmayxanh.com/may-giat/tu-cham-soc-quan-ao-thong-minh-lg-s5mb,01,,Washing Machine
Tủ chăm sóc quần áo thông minh LG Inverter 5.2 Kg S3MFC,36.900.000₫,55.000.000₫,-32%,,https://www.dienmayxanh.com/may-giat/tu-cham-soc-quan-ao-thong-minh-lg-s3mfc,01,,Washing Machine
LG Inverter 13 Kg FV1413S4W Mới 2023,14.940.000₫,17.490.000₫,-14%,5,https://www.dienmayxanh.com/may-giat/may-giat-lg-fv1413s4w,01,,Washing Machine
LG Inverter 19 Kg TH2519SSAK,13.990.000₫,17.990.000₫,-22%,38,https://www.dienmayxanh.com/may-giat/lg-th2519ssak,01,,Washing Machine
LG Inverter 19 Kg TV2519DV7B Mới 2023,14.090.000₫,16.990.000₫,-17%,,https://www.dienmayxanh.com/may-giat/may-giat-lg-inverter-19-kg-tv2519dv7b,01,,Washing Machine
LG Inverter Giặt 14 Kg - Sấy 10 Kg WT1410NHB,47.490.000₫,64.990.000₫,-26%,,https://www.dienmayxanh.com/may-giat/may-giat-say-lg-inverter-14-kg-wt1410nhb,01,,Washing Machine
LG Inverter 20 Kg TV2520DV7J Mới 2023,14.950.000₫,17.490.000₫,-14%,,https://www.dienmayxanh.com/may-giat/may-giat-lg-inverter-20-kg-tv2520dv7j,01,,Washing Machine
LG Inverter 13 Kg TH2113SSAK,10.990.000₫,13.690.000₫,-19%,24,https://www.dienmayxanh.com/may-giat/lg-th2113ssak,01,,Washing Machine
LG Inverter Giặt 21 Kg - Sấy 16 Kg WT2116SHEG,64.400.000₫,74.990.000₫,-14%,,https://www.dienmayxanh.com/may-giat/may-giat-say-lg-inverter-21-kg-wt2116sheg,01,,Washing Machine
LG Inverter 14 Kg FV1414S3BA Mới 2023,18.890.000₫,25.490.000₫,-25%,,https://www.dienmayxanh.com/may-giat/may-giat-lg-fv1414s3ba,01,,Washing Machine
LG Inverter Giặt 21 Kg - Sấy 12 Kg F2721HVRB,35.990.000₫,41.990.000₫,-14%,,https://www.dienmayxanh.com/may-giat/may-giat-say-lg-inverter-21-kg-f2721hvrb,01,,Washing Machine
LG Inverter 12 Kg TH2112SSAV,10.890.000₫,12.990.000₫,-16%,29,https://www.dienmayxanh.com/may-giat/lg-th2112ssav,01,,Washing Machine
LG Inverter Giặt 15 Kg - Sấy 8 Kg F2515RTGW,23.590.000₫,29.990.000₫,-21%,31,https://www.dienmayxanh.com/may-giat/lg-f2515rtgw,01,,Washing Machine
Tủ chăm sóc quần áo thông minh LG Inverter 6.5 Kg LG S5GOC,48.850.000₫,69.900.000₫,-30%,,https://www.dienmayxanh.com/may-giat/tu-cham-soc-quan-ao-thong-minh-lg-s5goc,01,,Washing Machine
Tủ chăm sóc quần áo thông minh LG Inverter 6.5 Kg LG S5BOC,53.000.000₫,69.900.000₫,-24%,,https://www.dienmayxanh.com/may-giat/tu-cham-soc-quan-ao-thong-minh-lg-s5boc,01,,Washing Machine
Samsung Inverter 8 Kg WW80T3020WW/SV,5.990.000₫,8.000.000₫,-25%,202,https://www.dienmayxanh.com/may-giat/samsung-inverter-8kg-ww80t3020ww-sv,02,,Washing Machine
Samsung Inverter 10 Kg WW10T634DLX/SV,9.990.000₫,15.690.000₫,-36%,283,https://www.dienmayxanh.com/may-giat/samsung-ai-ww10t634dlx-sv,02,,Washing Machine
Samsung Inverter 10 Kg WW10TP44DSB/SV,11.490.000₫,17.590.000₫,-34%,258,https://www.dienmayxanh.com/may-giat/samsung-10kg-ww10tp44dsb-sv,02,,Washing Machine
Samsung Inverter 10 Kg WW10TA046AE/SV,11.690.000₫,15.590.000₫,-25%,271,https://www.dienmayxanh.com/may-giat/samsung-inverter-10kg-ww10ta046ae-sv,02,,Washing Machine
Samsung Inverter 9 Kg WW90TP44DSB/SV,9.850.000₫,15.690.000₫,-37%,539,https://www.dienmayxanh.com/may-giat/samsung-9kg-ww90tp44dsb-sv,02,,Washing Machine
Samsung Inverter 10 Kg WW10TP44DSH/SV,9.990.000₫,15.990.000₫,-37%,301,https://www.dienmayxanh.com/may-giat/samsung-ww10tp44dsh-sv,02,,Washing Machine
Samsung Inverter 9 Kg WW90T634DLN/SV,9.490.000₫,15.090.000₫,-37%,178,https://www.dienmayxanh.com/may-giat/may-giat-samsung-inverter-9-kg-ww90t634dln-sv,02,,Washing Machine
Samsung Inverter 9.5 Kg WW95T4040CE/SV,7.890.000₫,11.090.000₫,-28%,160,https://www.dienmayxanh.com/may-giat/samsung-ww95t4040ce-sv,02,,Washing Machine
Samsung Inverter 9.5 Kg WA95CG4545BDSV Mới 2023,6.790.000₫,8.790.000₫,-22%,24,https://www.dienmayxanh.com/may-giat/may-giat-samsung-9-5kg-wa95cg4545bdsv,02,,Washing Machine
Samsung Inverter 9.5 Kg WW95TA046AX/SV,7.890.000₫,12.290.000₫,-35%,205,https://www.dienmayxanh.com/may-giat/samsung-ww95ta046ax-sv,02,,Washing Machine
Samsung Inverter 12 Kg WA12CG5745BVSV Mới 2023,8.290.000₫,11.090.000₫,-25%,82,https://www.dienmayxanh.com/may-giat/may-giat-samsung-12kg-wa12cg5745bvsv,02,,Washing Machine
Samsung Inverter 9 Kg WW90T3040WW/SV,6.990.000₫,10.000.000₫,-30%,41,https://www.dienmayxanh.com/may-giat/samsung-inverter-9-kg-ww90t3040ww-sv,02,,Washing Machine
Samsung Inverter 12 Kg WA12CG5886BVSV Mới 2023,10.190.000₫,13.090.000₫,-22%,35,https://www.dienmayxanh.com/may-giat/may-giat-samsung-12kg-wa12cg5886bvsv,02,,Washing Machine
Samsung Inverter 13 Kg WW13T504DAB/SV,12.990.000₫,21.190.000₫,-38%,102,https://www.dienmayxanh.com/may-giat/samsung-inverter-13-kg-ww13t504dab-sv,02,,Washing Machine
Samsung Inverter Giặt 9.5 Kg - Sấy 6 Kg WD95T754DBX/SV,12.890.000₫,16.590.000₫,-22%,499,https://www.dienmayxanh.com/may-giat/say-samsung-addwash-wd95t754dbx-sv,02,,Washing Machine
Samsung Inverter 13 Kg WW13T504DAW/SV,11.990.000₫,19.190.000₫,-37%,108,https://www.dienmayxanh.com/may-giat/samsung-inverter-13-kg-ww13t504daw-sv,02,,Washing Machine
Samsung Inverter 14 Kg WA14CG5745BVSV Mới 2023,10.190.000₫,13.090.000₫,-22%,35,https://www.dienmayxanh.com/may-giat/may-giat-samsung-14kg-wa14cg5745bvsv,02,,Washing Machine
Samsung Inverter Giặt 14 Kg - Sấy 8 Kg WD14TP44DSB/SV,16.450.000₫,25.690.000₫,-35%,31,https://www.dienmayxanh.com/may-giat/say-samsung-wd14tp44dsb-sv,02,,Washing Machine
Samsung Inverter 23 Kg WA23A8377GV/SV,16.450.000₫,18.990.000₫,-13%,13,https://www.dienmayxanh.com/may-giat/samsung-inverter-23-kg-wa23a8377gv-sv,02,,Washing Machine
Samsung Inverter 16 Kg WA16R6380BV/SV,9.990.000₫,15.000.000₫,-33%,21,https://www.dienmayxanh.com/may-giat/samsung-wa16r6380bv-sv,02,,Washing Machine
Samsung Inverter 14 Kg WA14CG5886BVSV Mới 2023,12.190.000₫,15.090.000₫,-19%,12,https://www.dienmayxanh.com/may-giat/may-giat-samsung-14kg-wa14cg5886bvsv,02,,Washing Machine
Samsung Inverter 12 Kg WW12TP94DSB/SV,13.790.000₫,22.590.000₫,-38%,200,https://www.dienmayxanh.com/may-giat/samsung-addwash-12kg-ww12tp94dsb-sv,02,,Washing Machine
Samsung Inverter Giặt 11 Kg - Sấy 7 Kg WD11T734DBX/SV,16.990.000₫,21.290.000₫,-20%,183,https://www.dienmayxanh.com/may-giat/say-samsung-11kg-wd11t734dbx-sv,02,,Washing Machine
Samsung Inverter 12 Kg WA12T5360BV/SV,6.990.000₫,13.350.000₫,-47%,35,https://www.dienmayxanh.com/may-giat/samsung-wa12t5360bv-sv,02,,Washing Machine
Samsung Inverter Giặt 12 Kg - Sấy 8 Kg WD12TP34DSX/SV,15.450.000₫,22.590.000₫,-31%,20,https://www.dienmayxanh.com/may-giat/say-samsung-inverter-12-wd12tp34dsx-sv,02,,Washing Machine
Samsung Inverter 12 Kg WA12T5360BY/SV,6.990.000₫,13.050.000₫,-46%,18,https://www.dienmayxanh.com/may-giat/samsung-wa12t5360by-sv,02,,Washing Machine
Samsung Inverter Giặt 21 Kg - Sấy 12 Kg WD21T6500GV/SV,24.490.000₫,33.590.000₫,-27%,16,https://www.dienmayxanh.com/may-giat/say-samsung-inverter-21-kg-wd21t6500gv-sv,02,,Washing Machine
Tủ chăm sóc quần áo thông minh Samsung Inverter 10 Kg DF10A9500CG/SV,39.990.000₫,48.500.000₫,-17%,5,https://www.dienmayxanh.com/may-giat/tu-cham-soc-quan-ao-thong-minh-samsung-df10a9500cg-sv,02,,Washing Machine
Samsung Inverter 24 Kg WF24B9600KV/SV Mới 2023,32.990.000₫,33.990.000₫,,,https://www.dienmayxanh.com/may-giat/may-giat-samsung-inverter-24-kg-wf24b9600kv-sv,02,,Washing Machine
Samsung Inverter 10 Kg WA10T5260BV/SV,7.050.000₫,11.250.000₫,-37%,46,https://www.dienmayxanh.com/may-giat/samsung-wa10t5260bv-sv,02,,Washing Machine
Samsung Inverter 10 Kg WA10T5260BY/SV,7.390.000₫,10.490.000₫,-29%,341,https://www.dienmayxanh.com/may-giat/samsung-wa10t5260by-sv,02,,Washing Machine
Tủ chăm sóc quần áo thông minh Samsung Inverter 6 Kg DF60A8500EG/SV,34.990.000₫,41.000.000₫,-14%,5,https://www.dienmayxanh.com/may-giat/tu-cham-soc-quan-ao-thong-minh-samsung-df60a8500eg-sv,02,,Washing Machine
Samsung Inverter 11 Kg WA11T5260BV/SV,Ngừng kinh doanh,,,19,https://www.dienmayxanh.com/may-giat/samsung-wa11t5260bv-sv,02,,Washing Machine
Samsung Inverter 17 Kg WA17CG6886BVSV Mới 2023,16.490.000₫,17.490.000₫,-5%,,https://www.dienmayxanh.com/may-giat/may-giat-samsung-inverter-17kg-wa17cg6886bvsv,02,,Washing Machine
Samsung Inverter Giặt 21 Kg - Sấy 12 Kg WD21B6400KV/SV,36.990.000₫,37.990.000₫,,,https://www.dienmayxanh.com/may-giat/may-giat-say-samsung-inverter-21-kg-wd21b6400kv-sv,02,,Washing Machine
Samsung Inverter Giặt 14 Kg - Sấy 8 Kg WD14BB944DGMSV,24.990.000₫,25.990.000₫,,,https://www.dienmayxanh.com/may-giat/may-giat-say-samsung-wd14bb944dgmsv,02,,Washing Machine
Samsung Inverter Giặt 12 Kg - Sấy 8 Kg WD12BB944DGHSV,22.990.000₫,23.990.000₫,,,https://www.dienmayxanh.com/may-giat/may-giat-say-samsung-wd12bb944dghsv,02,,Washing Machine
Samsung Inverter 14 Kg WW14BB944DGHSV Mới 2023,20.990.000₫,21.990.000₫,,,https://www.dienmayxanh.com/may-giat/may-giat-samsung-ww14bb944dghsv,02,,Washing Machine
Panasonic Inverter Giặt 9.5 Kg - Sấy tiện ích 2 Kg NA-V95FC1LVT,13.990.000₫,,,216,https://www.dienmayxanh.com/may-giat/may-giat-panasonic-inverter-95-kg-na-v95fc1lvt,03,,Washing Machine
Panasonic 8.5 Kg NA-F85A9BRV,6.790.000₫,,,690,https://www.dienmayxanh.com/may-giat/panasonic-85-kg-na-f85a9brv,03,,Washing Machine
Panasonic 9 Kg NA-F90A9BRV,7.590.000₫,,,214,https://www.dienmayxanh.com/may-giat/panasonic-9-kg-na-f90a9brv,03,,Washing Machine
Panasonic 10 Kg NA-F100A9BRV,8.590.000₫,,,122,https://www.dienmayxanh.com/may-giat/panasonic-10-kg-na-f100a9brv,03,,Washing Machine
Panasonic Inverter 10.5 Kg NA-FD10AR1BV,10.590.000₫,,,185,https://www.dienmayxanh.com/may-giat/panasonic-na-fd10ar1bv,03,,Washing Machine
Panasonic Inverter 9.5 Kg NA-FD95X1LRV,9.090.000₫,,,200,https://www.dienmayxanh.com/may-giat/panasonic-95kg-na-fd95x1lrv,03,,Washing Machine
Panasonic Inverter 11.5 Kg NA-FD11AR1BV,11.990.000₫,,,233,https://www.dienmayxanh.com/may-giat/panasonic-na-fd11ar1bv,03,,Washing Machine
Panasonic Inverter 9.5 Kg NA-FD95V1BRV,10.590.000₫,,,162,https://www.dienmayxanh.com/may-giat/panasonic-na-fd95v1brv,03,,Washing Machine
Panasonic Inverter 12.5 Kg NA-FD125V1BV,15.090.000₫,,,59,https://www.dienmayxanh.com/may-giat/panasonic-na-fd125v1bv,03,,Washing Machine
Panasonic Inverter 10.5 Kg NA-FD10VR1BV,11.990.000₫,,,137,https://www.dienmayxanh.com/may-giat/panasonic-na-fd10vr1bv,03,,Washing Machine
Panasonic Inverter Giặt 10.5 Kg - Sấy tiện ích 2 Kg NA-V105FC1LV,15.090.000₫,,,80,https://www.dienmayxanh.com/may-giat/may-giat-panasonic-inverter-105-kg-na-v105fc1lv,03,,Washing Machine
Panasonic Inverter Giặt 9.5 Kg - Sấy 6 Kg NA-S956FR1BV,19.090.000₫,,,38,https://www.dienmayxanh.com/may-giat/may-giat-say-panasonic-inverter-95-kg-na-s956fr1bv,03,,Washing Machine
Panasonic Inverter Giặt 9.5 Kg - Sấy tiện ích 2 Kg NA-V95FR1BVT,15.590.000₫,,,36,https://www.dienmayxanh.com/may-giat/may-giat-panasonic-inverter-95-kg-na-v95fr1bvt,03,,Washing Machine
Panasonic Inverter Giặt 10.5 Kg - Sấy 6 Kg NA-S056FR1BV,20.090.000₫,,,28,https://www.dienmayxanh.com/may-giat/may-giat-say-panasonic-inverter-105-kg-na-s056fr1bv,03,,Washing Machine
Panasonic Inverter Giặt 10 Kg - Sấy 6 Kg NA-S106FC1LV,17.990.000₫,,,43,https://www.dienmayxanh.com/may-giat/may-giat-say-panasonic-inverter-10-kg-na-s106fc1lv,03,,Washing Machine
Panasonic Inverter Giặt 10.5 Kg - Sấy tiện ích 2 Kg NA-V105FR1BV,16.590.000₫,,,50,https://www.dienmayxanh.com/may-giat/say-panasonic-inverter-105kg-na-v105fr1bv,03,,Washing Machine
Panasonic Inverter 14 Kg NA-FD14V1BRV,17.090.000₫,,,17,https://www.dienmayxanh.com/may-giat/panasonic-na-fd14v1brv,03,,Washing Machine
Panasonic Inverter 16 Kg NA-FD16V1BRV,20.090.000₫,,,17,https://www.dienmayxanh.com/may-giat/panasonic-na-fd16v1brv,03,,Washing Machine
Panasonic Inverter Giặt 9 Kg - Sấy 6 Kg NA-S96FC1LVT,16.990.000₫,,,49,https://www.dienmayxanh.com/may-giat/may-giat-say-panasonic-inverter-9-kg-na-s96fc1lvt,03,,Washing Machine
Toshiba 7 Kg AW-L805AV (SG),3.990.000₫,5.190.000₫,-23%,316,https://www.dienmayxanh.com/may-giat/toshiba-7-kg-aw-l805av-sg,04,,Washing Machine
Toshiba 9 Kg M1000FV(MK),5.690.000₫,5.990.000₫,-5%,35,https://www.dienmayxanh.com/may-giat/may-giat-toshiba-9-kg-aw-m1000fv-mk,04,,Washing Machine
Toshiba 9 Kg AW-K1005FV(SG),4.990.000₫,6.890.000₫,-27%,265,https://www.dienmayxanh.com/may-giat/toshiba-aw-k1005fv-sg,04,,Washing Machine
Toshiba Inverter 9.5 Kg TW-BK105S2V(WS),7.390.000₫,7.690.000₫,,219,https://www.dienmayxanh.com/may-giat/toshiba-tw-bk105s2v-ws,04,,Washing Machine
Toshiba Inverter 10.5 Kg TW-BK115G4V (MG),9.990.000₫,10.490.000₫,,44,https://www.dienmayxanh.com/may-giat/toshiba-tw-bk115g4v-mg,04,,Washing Machine
Toshiba Inverter 10 Kg AW-DM1100PV(KK),6.990.000₫,7.990.000₫,-12%,40,https://www.dienmayxanh.com/may-giat/toshiba-inverter-10kg-aw-dm1100pv-kk,04,,Washing Machine
Toshiba 8 Kg M905BVMK,4.990.000₫,5.490.000₫,-9%,69,https://www.dienmayxanh.com/may-giat/may-giat-toshiba-8kg-aw-m905bvmk,04,,Washing Machine
Toshiba 10 Kg AW-M1100PV(MK),5.990.000₫,6.990.000₫,-14%,30,https://www.dienmayxanh.com/may-giat/may-giat-toshiba-10-kg-aw-m1100pv-mk,04,,Washing Machine
Toshiba Inverter 8.5 Kg TW-BH95S2V WK,6.690.000₫,6.990.000₫,,533,https://www.dienmayxanh.com/may-giat/toshiba-tw-bh95s2v-wk,04,,Washing Machine
Toshiba Inverter 9.5 Kg TW-BL105A4V(SS),7.990.000₫,8.990.000₫,-11%,121,https://www.dienmayxanh.com/may-giat/toshiba-95-kg-tw-bl105a4v-ss,04,,Washing Machine
Toshiba Inverter 9.5 Kg TW-BK105S3V(SK),8.390.000₫,8.690.000₫,,106,https://www.dienmayxanh.com/may-giat/toshiba-tw-bk105s3v-sk,04,,Washing Machine
Toshiba Inverter 12 Kg AW-DUK1300KV(SG),8.490.000₫,8.990.000₫,-5%,23,https://www.dienmayxanh.com/may-giat/toshiba-inverter-12-kg-aw-duk1300kv-sg,04,,Washing Machine
Toshiba Inverter 8.5 Kg TW-BL95A4V(SS),6.990.000₫,7.990.000₫,-12%,28,https://www.dienmayxanh.com/may-giat/toshiba-inverter-85-kg-tw-bl95a4v-ss,04,,Washing Machine
Toshiba Inverter 9 Kg AW-DK1000FV(KK),6.990.000₫,,,102,https://www.dienmayxanh.com/may-giat/toshiba-aw-dk1000fv-kk,04,,Washing Machine
Toshiba Inverter 9.5 Kg TW-BK105G4V(MG),8.990.000₫,9.990.000₫,-10%,62,https://www.dienmayxanh.com/may-giat/toshiba-tw-bk105g4v-mg,04,,Washing Machine
Toshiba Inverter 10.5 Kg TW-BL115A2V(SS),9.790.000₫,9.990.000₫,,19,https://www.dienmayxanh.com/may-giat/toshiba-105-kg-tw-bl115a2v-ss,04,,Washing Machine
Toshiba 8 Kg AW-K905DV(SG),4.490.000₫,6.490.000₫,-30%,84,https://www.dienmayxanh.com/may-giat/toshiba-aw-k905dv-sg,04,,Washing Machine
Toshiba Inverter 10.5 Kg AW-DUK1150HV(MG),7.040.000₫,9.090.000₫,-22%,36,https://www.dienmayxanh.com/may-giat/toshiba-10-5-kg-aw-duk1150hv-mg,04,,Washing Machine
Toshiba Inverter 10 Kg AW-DUM1100JV(SG),9.890.000₫,10.590.000₫,-6%,,https://www.dienmayxanh.com/may-giat/toshiba-inverter-10kg-aw-dum1100jv-sg,04,,Washing Machine
Toshiba Inverter Giặt 12.5 Kg - Sấy 8 Kg TWD-BM135GF4V(MG),14.990.000₫,,,,https://www.dienmayxanh.com/may-giat/may-giat-say-toshiba-inverter-twd-bm135gf4v-mg,04,,Washing Machine
Toshiba Inverter 12 Kg AW-DUM1300KV(MG),11.690.000₫,12.990.000₫,-10%,4,https://www.dienmayxanh.com/may-giat/toshiba-inverter-12kg-aw-dum1300kv-mg,04,,Washing Machine
Toshiba Inverter Giặt 10.5 Kg - Sấy 7 Kg TWD-BM115GF4V(SK),12.990.000₫,,,,https://www.dienmayxanh.com/may-giat/may-giat-say-toshiba-twd-bm115gf4v-sk,04,,Washing Machine
Electrolux Inverter 10 Kg EWF1024P5SB,10.750.000₫,16.990.000₫,-36%,323,https://www.dienmayxanh.com/may-giat/electrolux-inverter-10-kg-ewf1024p5sb,05,,Washing Machine
Electrolux Inverter 9 Kg EWF9024P5WB,8.790.000₫,13.990.000₫,-37%,129,https://www.dienmayxanh.com/may-giat/electrolux-inverter-9-kg-ewf9024p5wb,05,,Washing Machine
Electrolux Inverter 10 Kg EWF1024P5WB,9.750.000₫,15.990.000₫,-39%,235,https://www.dienmayxanh.com/may-giat/electrolux-inverter-10-kg-ewf1024p5wb,05,,Washing Machine
Electrolux Inverter 10 Kg EWF1024M3SB Mới 2023,10.590.000₫,14.990.000₫,-29%,41,https://www.dienmayxanh.com/may-giat/may-giat-electrolux-inverter-10-kg-ewf1024m3sb,05,,Washing Machine
Electrolux Inverter 9 Kg EWF9024P5SB,9.750.000₫,14.990.000₫,-34%,110,https://www.dienmayxanh.com/may-giat/electrolux-inverter-9-kg-ewf9024p5sb,05,,Washing Machine
Electrolux Inverter 10 Kg EWF1024D3WB Mới 2023,8.990.000₫,13.990.000₫,-35%,35,https://www.dienmayxanh.com/may-giat/may-giat-electrolux-inverter-10-kg-ewf1024d3wb,05,,Washing Machine
Electrolux Inverter Giặt 9 Kg - Sấy 6 Kg EWW9024P5WB,12.990.000₫,19.990.000₫,-35%,41,https://www.dienmayxanh.com/may-giat/say-electrolux-inverter-9-kg-eww9024p5wb,05,,Washing Machine
Electrolux Inverter Giặt 10 Kg - Sấy 7 Kg EWW1024P5WB,17.990.000₫,21.990.000₫,-18%,28,https://www.dienmayxanh.com/may-giat/say-electrolux-inverter-10-kg-eww1024p5wb,05,,Washing Machine
Electrolux Inverter 8 Kg EWF8024P5WB,7.990.000₫,11.990.000₫,-33%,45,https://www.dienmayxanh.com/may-giat/electrolux-inverter-8-kg-ewf8024p5wb,05,,Washing Machine
Electrolux Inverter 8 Kg EWF8024P5SB,8.990.000₫,12.990.000₫,-30%,45,https://www.dienmayxanh.com/may-giat/electrolux-inverter-8-kg-ewf8024p5sb,05,,Washing Machine
Electrolux Inverter 11 Kg EWF1142Q7WB,14.990.000₫,19.990.000₫,-25%,14,https://www.dienmayxanh.com/may-giat/electrolux-inverter-11-kg-ewf1142q7wb,05,,Washing Machine
Electrolux Inverter 10 Kg EWF1042R7SB,13.990.000₫,18.990.000₫,-26%,14,https://www.dienmayxanh.com/may-giat/electrolux-inverter-10-kg-ewf1042r7sb,05,,Washing Machine
Electrolux Inverter 10 Kg EWF1042Q7WB,12.990.000₫,17.990.000₫,-27%,15,https://www.dienmayxanh.com/may-giat/electrolux-inverter-10-kg-ewf1042q7wb,05,,Washing Machine
Electrolux Inverter 9 Kg EWF9042R7SB,13.490.000₫,16.990.000₫,-20%,12,https://www.dienmayxanh.com/may-giat/electrolux-inverter-9-kg-ewf9042r7sb,05,,Washing Machine
Electrolux Inverter 10 Kg EWF1024BDWA,10.490.000₫,13.290.000₫,-21%,1212,https://www.dienmayxanh.com/may-giat/electrolux-ewf1024bdwa,05,,Washing Machine
Electrolux Inverter 11 Kg EWF1141R9SB,16.990.000₫,25.990.000₫,-34%,8,https://www.dienmayxanh.com/may-giat/electrolux-inverter-11-kg-ewf1141r9sb,05,,Washing Machine
Electrolux Inverter Giặt 11 Kg - Sấy 7 Kg EWW1142Q7WB,17.490.000₫,25.990.000₫,-32%,12,https://www.dienmayxanh.com/may-giat/say-electrolux-inverter-11-kg-eww1142q7wb,05,,Washing Machine
Máy giặt Electrolux Inverter 11 kg EWF1142R7SB,15.990.000₫,20.990.000₫,-23%,7,https://www.dienmayxanh.com/may-giat/electrolux-inverter-11-kg-ewf1142r7sb,05,,Washing Machine
Electrolux Inverter 9 Kg EWF9042Q7WB,12.490.000₫,15.990.000₫,-21%,3,https://www.dienmayxanh.com/may-giat/electrolux-inverter-9-kg-ewf9042q7wb,05,,Washing Machine
Electrolux Inverter 9 Kg EWF9024ADSA,10.190.000₫,12.790.000₫,-20%,695,https://www.dienmayxanh.com/may-giat/electrolux-ewf9024adsa,05,,Washing Machine
Electrolux Inverter 11 Kg EWF1141SESA,20.990.000₫,,,29,https://www.dienmayxanh.com/may-giat/electrolux-ewf1141sesa,05,,Washing Machine
Aqua 8.8 Kg AQW-FR88GT.BK,4.990.000₫,8.090.000₫,-38%,132,https://www.dienmayxanh.com/may-giat/aqua-88-kg-aqw-fr88gtbk,06,,Washing Machine
Aqua Inverter 10.5 Kg AQW-DR105JT BK Mới 2023,7.990.000₫,9.290.000₫,-13%,17,https://www.dienmayxanh.com/may-giat/may-giat-aqua-inverter-105-kg-aqw-dr105jt-bk,06,,Washing Machine
Aqua Inverter 8.5 Kg AQD-A852J BK Mới 2023,6.690.000₫,7.190.000₫,-6%,11,https://www.dienmayxanh.com/may-giat/may-giat-aqua-inverter-85-kg-aqd-a852j-bk,06,,Washing Machine
Aqua 10 Kg AQW-F100GT.BK,6.390.000₫,8.090.000₫,-21%,138,https://www.dienmayxanh.com/may-giat/aqua-10-kg-aqw-f100gtbk,06,,Washing Machine
Aqua 9 Kg AQW-S90CT S,5.590.000₫,5.790.000₫,,57,https://www.dienmayxanh.com/may-giat/may-giat-aqua-9-kg-aqw-s90ct-s,06,,Washing Machine
Aqua Inverter 8 Kg AQD-A800F W,6.190.000₫,10.090.000₫,-38%,682,https://www.dienmayxanh.com/may-giat/aqua-aqd-a800f-w,06,,Washing Machine
Aqua 8 Kg AQW-KS80GT S,4.890.000₫,4.990.000₫,,177,https://www.dienmayxanh.com/may-giat/aqua-8-kg-aqw-ks80gt-s,06,,Washing Machine
Aqua 12 Kg AQW-FW120GT.BK,6.990.000₫,8.690.000₫,-19%,95,https://www.dienmayxanh.com/may-giat/aqua-12-kg-aqw-fw120gtbk,06,,Washing Machine
Aqua 9.8 Kg AQW-FR98GT.BK,5.090.000₫,8.290.000₫,-38%,92,https://www.dienmayxanh.com/may-giat/aqua-98-kg-aqw-fr98gtbk,06,,Washing Machine
Aqua Inverter 9 Kg AQD- D902G BK,8.390.000₫,12.490.000₫,-32%,63,https://www.dienmayxanh.com/may-giat/aqua-aqd-d902g-bk,06,,Washing Machine
Aqua Inverter 10 Kg AQW-DR101GT BK,7.590.000₫,10.490.000₫,-27%,93,https://www.dienmayxanh.com/may-giat/aqua-aqw-dr101gt-bk,06,,Washing Machine
Aqua 10.5 Kg AQW-FR105JT BK Mới 2023,6.990.000₫,7.690.000₫,-9%,16,https://www.dienmayxanh.com/may-giat/may-giat-aqua-105-kg-aqw-fr105jt-bk,06,,Washing Machine
Aqua 10 Kg AQW-FR101GT BK,5.490.000₫,8.390.000₫,-34%,62,https://www.dienmayxanh.com/may-giat/aqua-10-kg-aqw-fr101gt-bk,06,,Washing Machine
Aqua Inverter 10 Kg AQD-A1002G S,7.990.000₫,12.690.000₫,-37%,54,https://www.dienmayxanh.com/may-giat/aqua-inverter-10-kg-aqd-a1002g-s,06,,Washing Machine
Aqua Inverter 11 Kg AQD- D1102G BK,9.190.000₫,17.990.000₫,-48%,44,https://www.dienmayxanh.com/may-giat/aqua-aqd-d1102g-bk,06,,Washing Machine
Aqua Inverter 12 Kg AQW-DR120HT BK,7.290.000₫,10.890.000₫,-33%,9,https://www.dienmayxanh.com/may-giat/may-giat-aqua-aqw-dr120ht-bk,06,,Washing Machine
Aqua Inverter 10 Kg AQD- D1002G BK,8.990.000₫,15.090.000₫,-40%,40,https://www.dienmayxanh.com/may-giat/aqua-aqd-d1002g-bk,06,,Washing Machine
Aqua 9 Kg AQW-F91GT S,5.890.000₫,6.190.000₫,,17,https://www.dienmayxanh.com/may-giat/may-giat-aqua-9-kg-aqw-f91gt-s,06,,Washing Machine
Aqua Inverter Giặt 10 Kg - Sấy 6 Kg AQD-AH1000G.PS,13.990.000₫,20.990.000₫,-33%,5,https://www.dienmayxanh.com/may-giat/may-giat-say-aqua-inverter-10-kg-aqd-ah1000gps,06,,Washing Machine
Aqua Inverter 10 Kg AQD-A1000G S,7.390.000₫,12.990.000₫,-43%,32,https://www.dienmayxanh.com/may-giat/may-giat-aqua-inverter-10-kg-aqd-a1000g-s,06,,Washing Machine
Aqua Inverter 10.5 Kg AQW-DR105FT BK,7.490.000₫,10.990.000₫,-31%,112,https://www.dienmayxanh.com/may-giat/aqua-aqw-dr105ft-bk,06,,Washing Machine
Aqua Inverter 13 Kg AQW- DR130UGT PS,11.390.000₫,15.990.000₫,-28%,7,https://www.dienmayxanh.com/may-giat/aqua-aqw-dr130ugt-ps,06,,Washing Machine
Aqua 10.5 Kg AQW-FR105GT BK,5.990.000₫,8.390.000₫,-28%,125,https://www.dienmayxanh.com/may-giat/aqua-aqw-fr105gt-bk,06,,Washing Machine
Aqua Inverter 12 Kg AQD-A1200H PS,11.390.000₫,18.990.000₫,-40%,5,https://www.dienmayxanh.com/may-giat/may-giat-aqua-inverter-12-kg-aqd-a1200h-ps,06,,Washing Machine
Aqua Inverter 15 Kg AQW- DR150UGT PS,12.390.000₫,17.990.000₫,-31%,6,https://www.dienmayxanh.com/may-giat/aqua-aqw-dr150ugt-ps,06,,Washing Machine
Aqua 12 Kg AQW-FR120HT BK,8.490.000₫,9.390.000₫,-9%,,https://www.dienmayxanh.com/may-giat/may-giat-aqua-aqw-fr120ht-bk,06,,Washing Machine
Aqua Inverter Giặt 15 Kg - Sấy 10 Kg AQD-DH1500G PP,35.990.000₫,,,,https://www.dienmayxanh.com/may-giat/may-giat-say-aqua-inverter-15-kg-aqd-dh1500g-pp,06,,Washing Machine
Aqua Inverter 10 Kg AQW-DR100ET S,5.990.000₫,8.390.000₫,-28%,211,https://www.dienmayxanh.com/may-giat/aqua-aqw-dr100et-s,06,,Washing Machine
Aqua Inverter 12 Kg AQW-DR120CT S,8.090.000₫,10.990.000₫,-26%,13,https://www.dienmayxanh.com/may-giat/aqua-aqw-dr120ct-s,06,,Washing Machine
Aqua Inverter 10 Kg AQD- DD1001G PS,11.890.000₫,16.590.000₫,-28%,,https://www.dienmayxanh.com/may-giat/aqua-aqd-dd1001g-ps,06,,Washing Machine
Aqua Inverter 10.5 Kg AQD-DD1050E S,15.090.000₫,,,5,https://www.dienmayxanh.com/may-giat/aqua-aqd-dd1050e-s,06,,Washing Machine
Aqua Inverter 11 Kg AQD- DD1102G.BK,13.190.000₫,18.990.000₫,-30%,,https://www.dienmayxanh.com/may-giat/aqua-inverter-11-kg-aqd-dd1102gbk,06,,Washing Machine
Aqua Inverter 15 Kg AQD-A1500H PS,14.990.000₫,21.090.000₫,-28%,,https://www.dienmayxanh.com/may-giat/may-giat-aqua-aqd-a1500h-ps,06,,Washing Machine
Aqua Inverter 9.5 Kg AQD-A952J BK Mới 2023,7.990.000₫,8.690.000₫,-8%,,https://www.dienmayxanh.com/may-giat/may-giat-aqua-inverter-9-5-kg-aqd-a952j-bk,06,,Washing Machine
Aqua Inverter 10.5 Kg AQD-A1052J BK Mới 2023,9.790.000₫,10.790.000₫,-9%,,https://www.dienmayxanh.com/may-giat/may-giat-aqua-inverter-105-kg-aqd-a1052j-bk,06,,Washing Machine
Casper Inverter 9.5 Kg WF-95I140BGB,5.990.000₫,8.490.000₫,-29%,65,https://www.dienmayxanh.com/may-giat/casper-inverter-125-kg-wf-95i140bgb,07,,Washing Machine
Casper Inverter 9.5 Kg WF-95I140BWC,4.990.000₫,6.990.000₫,-28%,79,https://www.dienmayxanh.com/may-giat/casper-inverter-95-kg-wf-95i140bwc,07,,Washing Machine
Casper Inverter 10.5 Kg WF-105I140BWC,5.990.000₫,8.490.000₫,-29%,12,https://www.dienmayxanh.com/may-giat/casper-inverter-105-kg-wf-105i140bwc,07,,Washing Machine
Casper Inverter 8.5 Kg WF-85I140BGB,5.490.000₫,6.990.000₫,-21%,24,https://www.dienmayxanh.com/may-giat/casper-inverter-85-kg-wf-85i140bgb,07,,Washing Machine
Casper 8.5 Kg WT-85N68BGA,4.390.000₫,4.890.000₫,-10%,32,https://www.dienmayxanh.com/may-giat/casper-85-kg-wt-85n68bga,07,,Washing Machine
Sharp 8.2 Kg ES-W82GV-H,4.490.000₫,5.490.000₫,-18%,37,https://www.dienmayxanh.com/may-giat/sharp-es-w82gv-h,08,,Washing Machine
Sharp 10.2 Kg ES-W102PV-H,6.390.000₫,6.790.000₫,-5%,19,https://www.dienmayxanh.com/may-giat/sharp-es-w102pv-h,08,,Washing Machine
Sharp Inverter 9.5 Kg ES-X95HV-S,6.290.000₫,6.990.000₫,-10%,13,https://www.dienmayxanh.com/may-giat/sharp-es-x95hv-s,08,,Washing Machine
Sharp Inverter 10.5 Kg ES-FK1054SV-G,8.090.000₫,9.990.000₫,-19%,5,https://www.dienmayxanh.com/may-giat/sharp-inverter-105-kg-es-fk1054sv-g,08,,Washing Machine
Sharp Inverter 12.5 Kg ES-FK1252SV-G,8.990.000₫,10.590.000₫,-15%,5,https://www.dienmayxanh.com/may-giat/sharp-inverter-125-kg-es-fk1252sv-g,08,,Washing Machine
Sharp 10 Kg ES-W100PV-H,5.990.000₫,6.690.000₫,-10%,7,https://www.dienmayxanh.com/may-giat/sharp-es-w100pv-h,08,,Washing Machine
Sharp Inverter 10.5 Kg ES-FK1054PV-S,12.190.000₫,15.490.000₫,-21%,,https://www.dienmayxanh.com/may-giat/sharp-inverter-105-kg-es-fk1054pv-s,08,,Washing Machine
Sharp Inverter 9.5 Kg ES-FK954SV-G,9.990.000₫,12.490.000₫,-20%,4,https://www.dienmayxanh.com/may-giat/sharp-inverter-95-kg-es-fk954sv-g,08,,Washing Machine
TCL 10 Kg TWA100-B302GM,5.190.000₫,5.490.000₫,-5%,10,https://www.dienmayxanh.com/may-giat/tcl-twa100-b302gm,09,,Washing Machine
Beko Inverter 10 Kg WCV10648XSTM,8.490.000₫,13.490.000₫,-37%,19,https://www.dienmayxanh.com/may-giat/beko-inverter-10-kg-wcv10648xstm,10,,Washing Machine
Beko Inverter 9 Kg WCV9614XB0STM,6.990.000₫,10.490.000₫,-33%,13,https://www.dienmayxanh.com/may-giat/beko-inverter-9-kg-wcv9614xb0stm,10,,Washing Machine
Beko Inverter 8 Kg WCV8614XB0STS,6.490.000₫,8.490.000₫,-23%,15,https://www.dienmayxanh.com/may-giat/beko-inverter-8-kg-wcv8614xb0sts,10,,Washing Machine
Beko Inverter 10 Kg WCV10614XB0STM,7.990.000₫,12.490.000₫,-36%,15,https://www.dienmayxanh.com/may-giat/beko-inverter-10-kg-wcv10614xb0stm,10,,Washing Machine
Beko Inverter 8 Kg WCV8649XWST,4.990.000₫,9.990.000₫,-50%,114,https://www.dienmayxanh.com/may-giat/beko-wcv8649xwst,10,,Washing Machine
Beko Inverter 9 Kg WCV9648XSTM Mới 2023,7.490.000₫,8.490.000₫,-11%,,https://www.dienmayxanh.com/may-giat/may-giat-beko-inverter-9-kg-wcv9648xstm,10,,Washing Machine
Beko Inverter 10 Kg WCV10614XB0STW Mới 2023,7.990.000₫,,,,https://www.dienmayxanh.com/may-giat/may-giat-beko-wcv10614xb0stw,10,,Washing Machine
Whirlpool 9.5 Kg VWVC9502FS,5.690.000₫,7.990.000₫,-28%,16,https://www.dienmayxanh.com/may-giat/whirlpool-vwvc9502fs,11,,Washing Machine
Whirlpool Inverter Giặt 10.5 Kg - Sấy 7 Kg WWEB10702FW,12.840.000₫,16.690.000₫,-23%,4,https://www.dienmayxanh.com/may-giat/say-whirlpool-wweb10702fw,11,,Washing Machine
Whirlpool Inverter 8 Kg FWEB8002FW,6.940.000₫,9.190.000₫,-24%,7,https://www.dienmayxanh.com/may-giat/whirlpool-fweb8002fw,11,,Washing Machine
Whirlpool Inverter 9 Kg FWEB9002FG,9.490.000₫,12.490.000₫,-24%,3,https://www.dienmayxanh.com/may-giat/whirlpool-fweb9002fg,11,,Washing Machine
Whirlpool Inverter 9 Kg FWEB9002FW,8.290.000₫,11.190.000₫,-25%,3,https://www.dienmayxanh.com/may-giat/whirlpool-fweb9002fw,11,,Washing Machine
Whirlpool Inverter Giặt 10.5 Kg - Sấy 7 Kg WWEB10702FG,13.190.000₫,17.690.000₫,-25%,3,https://www.dienmayxanh.com/may-giat/say-whirlpool-wweb10702fg,11,,Washing Machine
Whirlpool Inverter 8 Kg FFB8458WV EU,7.790.000₫,9.990.000₫,-22%,3,https://www.dienmayxanh.com/may-giat/whirlpool-ffb8458wv-eu,11,,Washing Machine
Whirlpool Inverter 10.5 Kg FWEB10502FG,12.390.000₫,15.990.000₫,-22%,,https://www.dienmayxanh.com/may-giat/whirlpool-fweb10502fg,11,,Washing Machine
Whirlpool Inverter 10.5 Kg FWEB10502FW,9.340.000₫,13.490.000₫,-30%,,https://www.dienmayxanh.com/may-giat/whirlpool-fweb10502fw,11,,Washing Machine
Whirlpool Inverter 8 Kg FWEB8002FG,7.190.000₫,9.990.000₫,-28%,,https://www.dienmayxanh.com/may-giat/whirlpool-inverter-8-kg-fweb8002fg,11,,Washing Machine
Whirlpool Inverter 10.5 Kg FWMD10502FG,13.740.000₫,17.990.000₫,-23%,3,https://www.dienmayxanh.com/may-giat/whirlpool-fwmd10502fg,11,,Washing Machine
Whirlpool 10.5 Kg VWVC10502FS,6.810.000₫,9.490.000₫,-28%,,https://www.dienmayxanh.com/may-giat/whirlpool-vwvc10502fs,11,,Washing Machine
Whirlpool Inverter Giặt 9.5 Kg - Sấy 7 Kg WWEB95702FG,13.190.000₫,16.490.000₫,-20%,,https://www.dienmayxanh.com/may-giat/say-whirlpool-wweb95702fg,11,,Washing Machine
