product_name,current_price,price,percent_discount,rating,link,brand_id,series,device
Cáp Type C - Lightning 1m Apple MM0A3,490.000₫,590.000₫,-16%,164,https://www.thegioididong.com/cap-dien-thoai/cap-type-c-lightning-1m-apple-mm0a3-trang,01,,Cables
Cáp Type C - Lightning 2m Apple MQGH2,990.000₫,,,7,https://www.thegioididong.com/cap-dien-thoai/cap-type-c-lightning-2m-apple-mqgh2-trang,01,,Cables
Cáp Type C - Type C 2m Apple MLL82,620.000₫,690.000₫,-10%,22,https://www.thegioididong.com/cap-dien-thoai/cap-type-c-type-c-2m-apple-mll82-trang,01,,Cables
Cáp chuyển đổi Lightning - 3.5mm Apple MMX62,270.000₫,300.000₫,-10%,118,https://www.thegioididong.com/cap-dien-thoai/cap-chuyen-doi-lightning-sang-35mm-mmx62,01,,Cables
Cáp chuyển đổi USB-C sang VGA Multiport Apple MJ1L2,2.070.000₫,2.590.000₫,-20%,,https://www.thegioididong.com/cap-dien-thoai/cap-chuyen-usb-c-sang-vga-multiport-apple-mj1l2,01,,Cables
Cáp chuyển đổi Thunderbolt 3 (USB-C) sang Thunderbolt 2 Apple MMEL2,1.350.000₫,1.690.000₫,-20%,4,https://www.thegioididong.com/cap-dien-thoai/cap-thunderbolt-3-usb-c-thunderbolt-2-apple-mmel2,01,,Cables
Cáp Lightning 1m Apple MXLY2,385.000₫,550.000₫,-30%,80,https://www.thegioididong.com/cap-dien-thoai/cap-lightning-1m-apple-mxly2,01,,Cables
Cáp Type C - Type C 1m Apple MUF72,530.000₫,590.000₫,-10%,20,https://www.thegioididong.com/cap-dien-thoai/cap-type-c-type-c-1m-apple-muf72-trang,01,,Cables
Cáp Type-C - Type-C 0.8m Apple MQ4H2,1.030.000₫,1.290.000₫,-20%,3,https://www.thegioididong.com/cap-dien-thoai/cap-type-c-type-c-80cm-apple-mq4h2,01,,Cables
Cáp Thunderbolt 2m Apple MD861,1.070.000₫,1.190.000₫,-10%,,https://www.thegioididong.com/cap-dien-thoai/cap-type-c-thunderbolt-2m-apple-md861-trang,01,,Cables
Cáp Lightning 2m Apple MD819,525.000₫,750.000₫,-30%,14,https://www.thegioididong.com/cap-dien-thoai/cap-lightning-2m-apple-md819-trang,01,,Cables
Cáp Lightning MFI 0.9m Anker Select+ A8012,250.000₫,360.000₫,-30%,38,https://www.thegioididong.com/cap-dien-thoai/cap-lightning-mfi-09m-anker-a8012,02,,Cables
Cáp Micro USB 0.9m Anker PowerLine A8132,90.000₫,100.000₫,-10%,72,https://www.thegioididong.com/cap-dien-thoai/cap-micro-09m-anker-a8132,02,,Cables
Cáp Type C - Type C 0.9m Anker PowerLine III A8852,250.000₫,,,28,https://www.thegioididong.com/cap-dien-thoai/cap-type-c-type-c-anker-powerline-iii-a8852,02,,Cables
Cáp Lightning MFI 0.9m Anker PowerLine+ II A8452,385.000₫,430.000₫,-10%,7,https://www.thegioididong.com/cap-dien-thoai/cap-lightning-mfi-09m-anker-powerline-ii-a8452,02,,Cables
Cáp Lightning MFI 0.9m Anker Powerline II A8432,245.000₫,330.000₫,-25%,9,https://www.thegioididong.com/cap-dien-thoai/cap-lightning-mfi-09m-anker-powerline-ii-a8432,02,,Cables
Cáp Type C 0.9m Anker PowerLine+ A8168,350.000₫,,,7,https://www.thegioididong.com/cap-dien-thoai/cap-type-c-09m-anker-a8168-xam,02,,Cables
Cáp Micro USB 0.9m Anker PowerLine+ A8142,200.000₫,,,13,https://www.thegioididong.com/cap-dien-thoai/cap-micro-usb-09m-anker-a8142,02,,Cables
Cáp Type C - Type C 0.9m Anker PowerLine+ A8187,350.000₫,,,10,https://www.thegioididong.com/cap-dien-thoai/cap-type-c-type-c-09m-anker-a8187-xam,02,,Cables
Cáp Type C - Type C 1m Xmobile DS101,220.000₫,,,42,https://www.thegioididong.com/cap-dien-thoai/cap-type-c-type-c-1m-xmobile-ds101,03,,Cables
Cáp Type C - Type C 2m Xmobile DR-T08,220.000₫,,,38,https://www.thegioididong.com/cap-dien-thoai/cap-type-c-type-c-2m-xmobile-dr-t08,03,,Cables
Cáp Type C 1m Xmobile CN035,190.000₫,,,61,https://www.thegioididong.com/cap-dien-thoai/cap-type-c-1m-xmobile-cn035-xanh,03,,Cables
Cáp Type C - Lightning 0.2m Xmobile CN036,120.000₫,,,33,https://www.thegioididong.com/cap-dien-thoai/cap-type-c-lightning-20cm-xmobile-cn036,03,,Cables
Cáp Type C - Lightning 2m Xmobile L2145,220.000₫,,,32,https://www.thegioididong.com/cap-dien-thoai/cap-type-c-lightning-2m-xmobile-l2145,03,,Cables
Cáp Type C - Lightning 1m Xmobile L2145,220.000₫,,,52,https://www.thegioididong.com/cap-dien-thoai/cap-type-c-lightning-1m-xmobile-l2145,03,,Cables
Cáp Type C 2m Xmobile DR-T07,190.000₫,,,37,https://www.thegioididong.com/cap-dien-thoai/cap-type-c-2m-xmobile-dr-t07,03,,Cables
Cáp Type C - Type C 1m Xmobile DR-T06,220.000₫,,,85,https://www.thegioididong.com/cap-dien-thoai/cap-type-c-type-c-1m-xmobile-dr-t06,03,,Cables
Cáp Type C 1m Xmobile CN033,190.000₫,,,60,https://www.thegioididong.com/cap-dien-thoai/cap-type-c-1m-xmobile-cn033,03,,Cables
Cáp Type C - Type C 2m Xmobile TCS2000,240.000₫,300.000₫,-20%,19,https://www.thegioididong.com/cap-dien-thoai/cap-type-c-type-c-2m-xmobile-tcs2000,03,,Cables
Cáp Type C - Lightning 1m Xmobile LPDC-21,220.000₫,,,89,https://www.thegioididong.com/cap-dien-thoai/cap-type-c-lightning-xmobile-lpdc-21,03,,Cables
Cáp Micro USB 2m Xmobile DR-M03,80.000₫,100.000₫,-20%,116,https://www.thegioididong.com/cap-dien-thoai/cap-micro-2m-xmobile-dr-m03,03,,Cables
Cáp Micro USB 1m Xmobile DR-M02,100.000₫,,,150,https://www.thegioididong.com/cap-dien-thoai/cap-micro-1m-xmobile-dr-m02,03,,Cables
Cáp Type C 1m Xmobile DS09CP-WB,190.000₫,,,48,https://www.thegioididong.com/cap-dien-thoai/cap-type-c-1m-xmobile-ds09cp-wb,03,,Cables
Cáp Type C 0.2m Xmobile TC200B,80.000₫,100.000₫,-20%,61,https://www.thegioididong.com/cap-dien-thoai/cap-type-c-20cm-xmobile-tc200b,03,,Cables
Cáp Lightning 0.2m Xmobile DR-L06,100.000₫,,,37,https://www.thegioididong.com/cap-dien-thoai/cap-lightning-20cm-xmobile-dr-l06-den,03,,Cables
Cáp Lightning 0.2m Xmobile LJET-L11,100.000₫,,,65,https://www.thegioididong.com/cap-dien-thoai/cap-lightning-xmobile-ljet-l11,03,,Cables
Cáp Micro USB 1m Xmobile LTM-02,100.000₫,,,293,https://www.thegioididong.com/cap-dien-thoai/cap-micro-1m-xmobile-ltm-02-xanh-reu,03,,Cables
Cáp 3 đầu Lightning Type C Micro 1m Xmobile DR002,220.000₫,,,87,https://www.thegioididong.com/cap-dien-thoai/cap-3-dau-lightning-type-c-micro-1m-xmobile-dr002,03,,Cables
Cáp Type C 2m Xmobile FD-L01,150.000₫,190.000₫,-20%,130,https://www.thegioididong.com/cap-dien-thoai/cap-type-c-2m-xmobile-fd-l01-den,03,,Cables
Cáp Lightning 1m Xmobile AL31-1000,190.000₫,,,108,https://www.thegioididong.com/cap-dien-thoai/cap-lightning-1m-xmobile-al31-1000,03,,Cables
Cáp Type C 1m Xmobile TC27-1000,190.000₫,,,98,https://www.thegioididong.com/cap-dien-thoai/cap-type-c-1m-xmobile-tc27-1000-trang,03,,Cables
Cáp Lightning 1m Xmobile DR-L001X,190.000₫,,,120,https://www.thegioididong.com/cap-dien-thoai/cap-lightning-1m-xmobile-dr-l001x-do-den,03,,Cables
Cáp Type C - Type C 0.2m Xmobile TCC04-200,80.000₫,120.000₫,-30%,85,https://www.thegioididong.com/cap-dien-thoai/cap-type-c-type-c-20cm-xmobile-tcc04-200,03,,Cables
Cáp chuyển đổi 2 cổng lightning - 3.5mm Âm Xmobile TS-E123,150.000₫,300.000₫,-50%,72,https://www.thegioididong.com/cap-dien-thoai/cap-chuyen-doi-2-cong-lightning-sang-35mm-xmobile,03,,Cables
Cáp Lightning 1m Xmobile LTL-01X,190.000₫,,,282,https://www.thegioididong.com/cap-dien-thoai/cap-lightning-1m-xmobile-ltl-01x-xanh-reu,03,,Cables
Cáp Micro USB 1m Xmobile Paladin,100.000₫,,,3,https://www.thegioididong.com/cap-dien-thoai/cap-micro-1-m-xmobile-paladin-xam,03,,Cables
Cáp Type C - Lightning 2m Xmobile CL-PD01-2000,220.000₫,,,75,https://www.thegioididong.com/cap-dien-thoai/cap-type-c-lightning-2m-xmobile-cl-pd01-2000-den,03,,Cables
Cáp Type C - Lightning 1m Xmobile CL-PD01-1000,220.000₫,,,37,https://www.thegioididong.com/cap-dien-thoai/cap-type-c-lightning-1m-xmobile-cl-pd01-1000-den,03,,Cables
Cáp Type C - Lightning 1m Xmobile LPDC-05,220.000₫,,,78,https://www.thegioididong.com/cap-dien-thoai/cap-type-c-lightning-1m-xmobile-lpdc-05-trang,03,,Cables
Cáp Type C - Lightning 0.2m Xmobile L10,120.000₫,,,56,https://www.thegioididong.com/cap-dien-thoai/cap-type-c-lightning-20cm-xmobile-l10-trang,03,,Cables
Cáp Type C 1m Xmobile MU09-1000X,150.000₫,,,5,https://www.thegioididong.com/cap-dien-thoai/cap-type-c-1m-xmobile-mu09-1000x-trang,03,,Cables
Cáp Micro USB 1m Xmobile Paladin,100.000₫,,,20,https://www.thegioididong.com/cap-dien-thoai/cap-micro-1m-xmobile-paladin-bac,03,,Cables
Cáp Micro USB 2m Xmobile LTMP-2006,80.000₫,100.000₫,-20%,77,https://www.thegioididong.com/cap-dien-thoai/cap-micro-2m-xmobile-ltmp-2006-xanh-navy,03,,Cables
Cáp âm thanh 3.5mm 1.2m Xmobile DS036TB,60.000₫,100.000₫,-40%,47,https://www.thegioididong.com/cap-dien-thoai/cap-35mm-tren-xe-hoi-1m-xmobile-ds036tb-den-vang,03,,Cables
Cáp Micro USB Xmobile MU03,40.000₫,,,5,https://www.thegioididong.com/cap-dien-thoai/cap-micro-usb-20cm-x-mobile-mu03,03,,Cables
Cáp Lightning 2m AVA+ LJET-L21,150.000₫,190.000₫,-20%,53,https://www.thegioididong.com/cap-dien-thoai/cap-lightning-2m-ava-ljet-l21,04,,Cables
Cáp Micro USB 0.2m AVA+ LJET-M01,35.000₫,70.000₫,-50%,44,https://www.thegioididong.com/cap-dien-thoai/cap-micro-ava-ljet-m01,04,,Cables
Cáp Type C 0.2m AVA+ DR-T03,90.000₫,100.000₫,-10%,9,https://www.thegioididong.com/cap-dien-thoai/cap-type-c-0-2m-ava-dr-t03-xam,04,,Cables
Cáp Lightning 0.2m AVA+ CN034,90.000₫,100.000₫,-10%,56,https://www.thegioididong.com/cap-dien-thoai/cap-lightning-20cm-ava-cn034,04,,Cables
Cáp Type C 0.2m AVA+ DR-T03,80.000₫,100.000₫,-20%,51,https://www.thegioididong.com/cap-dien-thoai/cap-type-c-20cm-ava-dr-t03,04,,Cables
Cáp Mirco USB 0.2m AVA+ HKU601,35.000₫,70.000₫,-50%,35,https://www.thegioididong.com/cap-dien-thoai/cap-mirco-20cm-ava-hku601,04,,Cables
Cáp Type C 2m AVA+ DS08C,110.000₫,190.000₫,-42%,57,https://www.thegioididong.com/cap-dien-thoai/cap-type-c-2m-ava-ds08c,04,,Cables
Cáp Lightning 2m AVA+ Kalf,170.000₫,190.000₫,-10%,72,https://www.thegioididong.com/cap-dien-thoai/cap-lightning-2m-ava-kalf-trang,04,,Cables
Cáp Lightning 0.2m AVA+ DR-L05,90.000₫,100.000₫,-10%,64,https://www.thegioididong.com/cap-dien-thoai/cap-lightning-20cm-ava-dr-l05,04,,Cables
Cáp Type C 0.2m AVA+ DS06CB-TB,90.000₫,100.000₫,-10%,56,https://www.thegioididong.com/cap-dien-thoai/cap-type-c-20cm-ava-ds06cb-tb,04,,Cables
Cáp Lightning 1m AVA+ Kalf,170.000₫,190.000₫,-10%,105,https://www.thegioididong.com/cap-dien-thoai/cap-lightning-1m-ava-kalf,04,,Cables
Cáp Lightning 0.2m AVA+ Kalf,90.000₫,100.000₫,-10%,45,https://www.thegioididong.com/cap-dien-thoai/cap-lightning-20cm-ava-kalf,04,,Cables
Cáp Type C 1m AVA+ TC1000N,190.000₫,,,111,https://www.thegioididong.com/cap-dien-thoai/cap-type-c-ava-tc1000n,04,,Cables
Cáp Micro USB 0.2m AVA+ MU200,35.000₫,70.000₫,-50%,53,https://www.thegioididong.com/cap-dien-thoai/cap-micro-ava-mu200,04,,Cables
Cáp Lightning 1m AVA+ DR-L04,170.000₫,190.000₫,-10%,148,https://www.thegioididong.com/cap-dien-thoai/cap-lightning-ava-dr-l04,04,,Cables
Cáp Type C 1m AVA+ DR-T02,190.000₫,,,71,https://www.thegioididong.com/cap-dien-thoai/cap-type-c-1m-ava-dr-t02,04,,Cables
Cáp Type C 1m AVA+ DS07,190.000₫,,,92,https://www.thegioididong.com/cap-dien-thoai/cap-type-c-ava-ds07,04,,Cables
Cáp Micro USB 0.2m AVA Speed II,10.000₫,35.000₫,-71%,60,https://www.thegioididong.com/cap-dien-thoai/cap-micro-20cm-ava-speed-ii,05,,Cables
Cáp Micro USB 1m AVA Speed II X,70.000₫,,,9,https://www.thegioididong.com/cap-dien-thoai/cap-micro-usb-1m-ava-speed-ii-x-trang,05,,Cables
Cáp Micro USB 1m AVA DR-M01,20.000₫,70.000₫,-71%,23,https://www.thegioididong.com/cap-dien-thoai/cap-micro-1m-ava-dr-m01-trang,05,,Cables
Cáp Micro USB 1m AVA LTPL-05X,20.000₫,70.000₫,-71%,52,https://www.thegioididong.com/cap-dien-thoai/cap-micro-1m-ava-ltpl-05x,05,,Cables
Cáp Micro USB 2m AVA DS454,20.000₫,70.000₫,-71%,23,https://www.thegioididong.com/cap-dien-thoai/cap-micro-2m-ava-ds454-den,05,,Cables
Cáp Type C 0.2m AVA DS458,30.000₫,50.000₫,-40%,52,https://www.thegioididong.com/cap-dien-thoai/cap-type-c-20cm-ava-ds458-trang,05,,Cables
Cáp Type C 0.2m AVA DS628,30.000₫,50.000₫,-40%,49,https://www.thegioididong.com/cap-dien-thoai/cap-type-c-20cm-ava-ds628-den,05,,Cables
Cáp Lightning 0.2m AVA Speed II,20.000₫,50.000₫,-60%,64,https://www.thegioididong.com/cap-dien-thoai/cap-lightning-20cm-ava-speed-ii-trang,05,,Cables
Cáp Lightning AVA LTPL-01,90.000₫,,,12,https://www.thegioididong.com/cap-dien-thoai/cap-lightning-2m-ava-ltpl-01-den,05,,Cables
Cáp Lightning 0.2m AVA LTPL-01,20.000₫,50.000₫,-60%,24,https://www.thegioididong.com/cap-dien-thoai/cap-lightning-20cm-ava-ltpl-01-den,05,,Cables
Cáp Type C AVA DS447-WB,Ngừng kinh doanh,,,9,https://www.thegioididong.com/cap-dien-thoai/cap-type-c-1m-ava-ds447-wb-den,05,,Cables
Cáp Type C 2m Belkin CAB002,360.000₫,450.000₫,-20%,8,https://www.thegioididong.com/cap-dien-thoai/cap-type-c-2m-belkin-cab002,06,,Cables
Cáp Type C 1m Belkin CAB002,190.000₫,385.000₫,-50%,,https://www.thegioididong.com/cap-dien-thoai/cap-type-c-1m-belkin-cab002-den,06,,Cables
Cáp Type C - Lightning MFI 2m Belkin CAA004,650.000₫,,,,https://www.thegioididong.com/cap-dien-thoai/cap-type-c-lightning-mfi-2m-belkin-caa004-den,06,,Cables
Cáp Lightning MFI 2m Belkin CAA002,460.000₫,580.000₫,-20%,3,https://www.thegioididong.com/cap-dien-thoai/cap-lightning-mfi-2m-belkin-caa002-den,06,,Cables
Cáp Type C 2m Belkin CAB002,270.000₫,450.000₫,-40%,,https://www.thegioididong.com/cap-dien-thoai/cap-type-c-type-c-0-9m-anker-powerline-iii-flow-a8552-tim,06,,Cables
Cáp Type C - Type C 1m Playa PM2004,255.000₫,320.000₫,-20%,7,https://www.thegioididong.com/cap-dien-thoai/cap-type-c-type-c-1m-playa-pm2004,06,,Cables
Cáp Type C - Type C 2m Belkin CAB003,390.000₫,,,9,https://www.thegioididong.com/cap-dien-thoai/cap-type-c-type-c-2m-belkin-cab003,06,,Cables
Cáp Type C - Type C 1m Belkin CAB003,290.000₫,325.000₫,-10%,8,https://www.thegioididong.com/cap-dien-thoai/cap-type-c-type-c-1m-belkin-cab003,06,,Cables
Cáp Type C 1m Belkin CAB002,190.000₫,385.000₫,-50%,8,https://www.thegioididong.com/cap-dien-thoai/cap-type-c-1m-belkin-cab002,06,,Cables
Cáp Type C 2m Belkin CAB001,270.000₫,390.000₫,-30%,5,https://www.thegioididong.com/cap-dien-thoai/cap-type-c-2m-belkin-cab001,06,,Cables
Cáp Type C 1m Belkin CAB001,220.000₫,320.000₫,-30%,13,https://www.thegioididong.com/cap-dien-thoai/cap-type-c-1m-belkin-cab001,06,,Cables
Cáp Type C - Lightning MFI 1m Belkin CAA003,340.000₫,425.000₫,-20%,9,https://www.thegioididong.com/cap-dien-thoai/cap-type-c-lightning-mfi-1m-belkin-caa003,06,,Cables
Cáp Type C - Lightning MFI 1m Belkin CAA004,495.000₫,550.000₫,-10%,14,https://www.thegioididong.com/cap-dien-thoai/cap-type-c-lightning-mfi-1m-belkin-caa004,06,,Cables
Cáp Lightning MFI 2m Belkin CAA002,345.000₫,580.000₫,-40%,5,https://www.thegioididong.com/cap-dien-thoai/cap-lightning-mfi-2m-belkin-caa002,06,,Cables
Cáp Lightning MFI 1m Belkin CAA002,385.000₫,430.000₫,-10%,8,https://www.thegioididong.com/cap-dien-thoai/cap-lightning-mfi-1m-belkin-caa002,06,,Cables
Cáp Lightning MFI 1m Belkin CAA001,280.000₫,350.000₫,-20%,22,https://www.thegioididong.com/cap-dien-thoai/cap-lightning-mfi-1m-belkin-caa001,06,,Cables
Cáp Type C SuperVOOC 1m OPPO DL129,210.000₫,,,84,https://www.thegioididong.com/cap-dien-thoai/cap-type-c-supervooc-oppo-dl129,07,,Cables
Cáp Type C 2m AUKEY CB-CD3,150.000₫,250.000₫,-40%,30,https://www.thegioididong.com/cap-dien-thoai/cap-type-c-2m-aukey-cb-cd3-den,08,,Cables
Cáp Lightning MFI 1.2m AUKEY CB-AL1,350.000₫,,,14,https://www.thegioididong.com/cap-dien-thoai/cap-lightning-mfi-12m-aukey-cb-al1-do,08,,Cables
Cáp Micro USB 1.2m Energizer C41UBMCGBKT,150.000₫,,,,https://www.thegioididong.com/cap-dien-thoai/cap-micro-12m-energizer-c41ubmcgbkt-den,09,,Cables
Cáp Type C 1m Hydrus DR-T05,190.000₫,,,38,https://www.thegioididong.com/cap-dien-thoai/cap-type-c-1m-hydrus-dr-t05-vang,10,,Cables
Cáp Type C 2m Hydrus DS14C-WB,190.000₫,,,28,https://www.thegioididong.com/cap-dien-thoai/cap-type-c-2m-hydrus-ds13c-wb,10,,Cables
Cáp Type C 1m Hydrus DS13C-WB,190.000₫,,,29,https://www.thegioididong.com/cap-dien-thoai/cap-type-c-1m-hydrus-ds13c-wb,10,,Cables
Cáp Type C - Type C 2m Hydrus DS465,220.000₫,,,40,https://www.thegioididong.com/cap-dien-thoai/cap-type-c-type-c-2m-hydrus-ds465,10,,Cables
Cáp Type C - Type C 1m Hydrus DS464,220.000₫,,,42,https://www.thegioididong.com/cap-dien-thoai/cap-type-c-type-c-1m-hydrus-ds464,10,,Cables
Cáp Type C 1m Hydrus DR-T04,190.000₫,,,17,https://www.thegioididong.com/cap-dien-thoai/cap-type-c-1m-hydrus-dr-t04,10,,Cables
Cáp Lightning 1m Hydrus CS-C-021,170.000₫,190.000₫,-10%,79,https://www.thegioididong.com/cap-dien-thoai/cap-lightning-1m-hydrus-cs-c-021,10,,Cables
Cáp Type C 1m Hydrus DR-T01,190.000₫,,,10,https://www.thegioididong.com/cap-dien-thoai/cap-type-c-1m-hydrus-dr-t01,10,,Cables
Cáp Lightning MFI 1m Mophie,200.000₫,290.000₫,-30%,69,https://www.thegioididong.com/cap-dien-thoai/cap-lightning-mfi-1m-mophie,11,,Cables
Cáp Lightning 2m eValu LTL-04X,150.000₫,190.000₫,-20%,23,https://www.thegioididong.com/cap-dien-thoai/cap-lightning-2m-evalu-ltl-04x-do,12,,Cables
Cáp 3 đầu Lightning Type C Micro 1m eValu Spanker B 2,220.000₫,,,123,https://www.thegioididong.com/cap-dien-thoai/cap-3-dau-lightning-type-c-micro-evalu-spanker-b2,12,,Cables
Cáp Lightning 2m eValu LTL-04X,170.000₫,190.000₫,-10%,158,https://www.thegioididong.com/cap-dien-thoai/cap-lightning-2m-evalu-ltl-04x,12,,Cables
Cáp Micro USB 1m eValu LTM -01,100.000₫,,,140,https://www.thegioididong.com/cap-dien-thoai/cap-micro-1m-evalu-ltm-01-do-den,12,,Cables
Cáp chuyển 2RCA sang 3.5mm Âm 0.3m e.Valu LRCA-01,25.000₫,50.000₫,-50%,18,https://www.thegioididong.com/cap-dien-thoai/cap-chuyen-2rca-sang-35mm-am-30cm-evalu-lrca-01,12,,Cables
Cáp chuyển đổi e.VALU LT8611SX,250.000₫,,,4,https://www.thegioididong.com/cap-dien-thoai/adapter-chuyen-mini-displayport-hdmi-female-10cm-e,12,,Cables
Cáp Lightning 0.2m eValu LTL-02,70.000₫,,,135,https://www.thegioididong.com/cap-dien-thoai/cap-lightning-20cm-evalu-ltl-02,12,,Cables
Cáp âm thanh 3.5mm 1m eSaver DS125-TB,25.000₫,40.000₫,-30%,87,https://www.thegioididong.com/cap-dien-thoai/cap-audio-35mm-1m-esaver-ds125-tb-den,13,,Cables
Cáp Micro USB 0.2m eSaver BST-0728,40.000₫,,,20,https://www.thegioididong.com/cap-dien-thoai/cap-micro-usb-20cm-esaver-bst-0728-trang,13,,Cables
Cáp Type C - Lightning MFI 2m Mbest DS948-WB,315.000₫,350.000₫,-10%,54,https://www.thegioididong.com/cap-dien-thoai/cap-type-c-lightning-mfi-2m-mbest-ds948-wb-xanh,14,,Cables
Cáp Lightning MFI 2m Mbest DS951-WB,200.000₫,290.000₫,-30%,82,https://www.thegioididong.com/cap-dien-thoai/cap-lightning-mfi-2m-mbest-ds951-wb-gold,14,,Cables
Cáp Lightning MFI 1m Mbest DS950-WB,200.000₫,290.000₫,-30%,80,https://www.thegioididong.com/cap-dien-thoai/cap-lightning-mfi-1m-mbest-ds950-wb,14,,Cables
Cáp Type C - Type C 2m Mbest DS076X,220.000₫,,,24,https://www.thegioididong.com/cap-dien-thoai/cap-type-c-type-c-2m-mbest-ds076x-trang,14,,Cables
Cáp Type C - Type C 1m Mbest DS075X,220.000₫,,,50,https://www.thegioididong.com/cap-dien-thoai/cap-type-c-type-c-1m-mbest-ds075x-trang,14,,Cables
Cáp Type C - Lightning MFI 1m Mbest DS954,315.000₫,350.000₫,-10%,25,https://www.thegioididong.com/cap-dien-thoai/cap-type-c-lightning-mfi-1m-mbest-ds954,14,,Cables
Cáp Type C 1m Mbest DS462X,190.000₫,,,50,https://www.thegioididong.com/cap-dien-thoai/cap-type-c-1m-mbest-ds462x,14,,Cables
Cáp Lightning MFI 1m Mbest DS949-WB,200.000₫,290.000₫,-30%,59,https://www.thegioididong.com/cap-dien-thoai/cap-lightning-mfi-1m-mbest-ds949-wb-xam,14,,Cables
Cáp Type C 1m Mbest DS002-WB,190.000₫,,,132,https://www.thegioididong.com/cap-dien-thoai/cap-type-c-1m-mbest-ds002-wb-cam,14,,Cables
Cáp Type C 2m Mbest DS463X-WB,190.000₫,,,60,https://www.thegioididong.com/cap-dien-thoai/cap-type-c-2m-mbest-ds463x-wb-den,14,,Cables
Cáp Type C 1m Mbest DS462G-WB,150.000₫,,,18,https://www.thegioididong.com/cap-dien-thoai/cap-type-c-1m-mbest-ds462g-wb-xam,14,,Cables
Cáp Type C - Type C 2m Mbest SMXU75,150.000₫,,,28,https://www.thegioididong.com/cap-dien-thoai/cap-type-c-type-c-2m-mbest-smxu75-trang,14,,Cables
Cáp Type C - Lightning MFI 1m Mbest DS640-WB,315.000₫,350.000₫,-10%,30,https://www.thegioididong.com/cap-dien-thoai/cap-type-c-lightning-mfi-1m-mbest-ds640-wb-den,14,,Cables
Cáp Type C - Type C 1m M-Best SMXU75,150.000₫,,,10,https://www.thegioididong.com/cap-dien-thoai/cap-type-c-type-c1m-m-best-smxu75-trang,14,,Cables
Cáp Type C 1.5m Sony CP-AC150,230.000₫,,,,https://www.thegioididong.com/cap-dien-thoai/cap-type-c-15m-sony-cp-ac150,15,,Cables
Cáp Micro USB 1m Sony CP-AB100,120.000₫,,,28,https://www.thegioididong.com/cap-dien-thoai/cap-micro-1m-sony-cp-ab100,15,,Cables
Cáp nối dài 3.5mm Pisen YP04,25.000₫,50.000₫,-50%,58,https://www.thegioididong.com/cap-dien-thoai/cap-noi-dai-35mm-2m-pisen-yp04,16,,Cables
Cáp Type C 1m iWALK Crazy Link CSC003,199.000₫,,,9,https://www.thegioididong.com/cap-dien-thoai/cap-type-c-1m-iwalk-csc003-den,17,,Cables
Cáp Lightning 1m iWALK Crazy Link CSC002,199.000₫,,,10,https://www.thegioididong.com/cap-dien-thoai/cap-lightning-1m-iwalk-csc002-den,17,,Cables
