product_name,current_price,price,percent_discount,rating,link,brand_id,series,device
Tai nghe Bluetooth AirPods 2 Lightning Charge Apple MV7N2,2.690.000₫,4.390.000₫,-38%,327,https://www.thegioididong.com/tai-nghe/tai-nghe-bluetooth-airpods-2-apple-mv7n2-trang,01,,Headphone
Tai nghe Bluetooth AirPods Pro MagSafe Charge Apple MLWK3,4.690.000₫,6.790.000₫,-30%,199,https://www.thegioididong.com/tai-nghe/bluetooth-airpods-pro-magsafe-charge-apple-mlwk3,01,,Headphone
Tai nghe Có Dây Apple MMTN2,590.000₫,790.000₫,-25%,219,https://www.thegioididong.com/tai-nghe/tai-nghe-earpods-cong-lightning-apple-mmtn2,01,,Headphone
Tai nghe Bluetooth AirPods 3 Lightning Charge Apple MPNY3,4.290.000₫,5.390.000₫,-20%,70,https://www.thegioididong.com/tai-nghe/tai-nghe-bluetooth-airpods-3-lightning-charge-apple-mpny3-trang,01,,Headphone
Tai nghe Bluetooth AirPods Pro (2nd Gen) MagSafe Charge Apple MQD83,5.990.000₫,6.990.000₫,-14%,90,https://www.thegioididong.com/tai-nghe/tai-nghe-bluetooth-airpods-pro-2-magsafe-charge-apple-mqd83-trang,01,,Headphone
Tai nghe Bluetooth AirPods 3 Wireless Charge Apple MME73,4.690.000₫,5.490.000₫,-14%,154,https://www.thegioididong.com/tai-nghe/airpods-3-hop-sac-khong-day,01,,Headphone
Tai nghe Bluetooth Chụp Tai AirPods Max Apple,12.490.000₫,13.990.000₫,-10%,3,https://www.thegioididong.com/tai-nghe/bluetooth-airpods-max-apple,01,,Headphone
Tai nghe Bluetooth True Wireless Samsung Galaxy Buds 2 Pro R510N,3.390.000₫,4.990.000₫,-32%,77,https://www.thegioididong.com/tai-nghe/tai-nghe-bluetooth-true-wireless-galaxy-buds2-pro,02,,Headphone
Tai nghe Bluetooth True Wireless Samsung Galaxy Buds 2 R177N Trắng,1.990.000₫,2.990.000₫,-33%,40,https://www.thegioididong.com/tai-nghe/samsung-galaxy-buds-2-r177n-trang,02,,Headphone
Tai nghe Bluetooth True Wireless Samsung Galaxy Buds 2 Pro R510N,3.390.000₫,4.990.000₫,-32%,46,https://www.thegioididong.com/tai-nghe/bluetooth-true-wireless-samsung-galaxy-buds2-pro-trang,02,,Headphone
Tai nghe Có Dây Samsung IA500,300.000₫,,,111,https://www.thegioididong.com/tai-nghe/nhet-tai-samsung-ia500-den,02,,Headphone
Tai nghe Bluetooth Chụp Tai Sony WH-CH510,990.000₫,1.190.000₫,-16%,52,https://www.thegioididong.com/tai-nghe/tai-nghe-chup-tai-bluetooth-sony-wh-ch510-den,03,,Headphone
Tai nghe Bluetooth True Wireless Sony WF-C700N,2.490.000₫,,,6,https://www.thegioididong.com/tai-nghe/tai-nghe-bluetooth-true-wireless-sony-wf-c700n,03,,Headphone
Tai nghe Bluetooth True Wireless Sony WF-C500,1.755.000₫,2.290.000₫,-23%,29,https://www.thegioididong.com/tai-nghe/bluetooth-true-wireless-sony-wf-c500-den,03,,Headphone
Tai nghe Bluetooth Sony WI-1000XM2,5.030.000₫,6.990.000₫,-28%,4,https://www.thegioididong.com/tai-nghe/tai-nghe-ep-bluetooth-sony-wi-1000xm2,03,,Headphone
Tai nghe Bluetooth Sony WI-C200,710.000₫,990.000₫,-28%,104,https://www.thegioididong.com/tai-nghe/tai-nghe-bluetooth-sony-wi-c200-den,03,,Headphone
Tai nghe Có Dây Sony MDR-EX15AP,200.000₫,,,115,https://www.thegioididong.com/tai-nghe/tai-nghe-ep-sony-mdr-ex15aplize,03,,Headphone
Tai nghe Bluetooth Sony WI-SP500,745.000₫,1.490.000₫,-50%,17,https://www.thegioididong.com/tai-nghe/tai-nghe-bluetooth-sony-wi-sp500,03,,Headphone
Tai nghe Có Dây Sony Extra Bass MDR-XB55AP,500.000₫,790.000₫,-36%,74,https://www.thegioididong.com/tai-nghe/tai-nghe-nhet-tai-ep-sony-extra-bass-mdr-xb55ap,03,,Headphone
Tai nghe Có Dây Sony MDR-EX155AP,310.000₫,390.000₫,-20%,25,https://www.thegioididong.com/tai-nghe/tai-nghe-nhet-tai-ep-sony-mdr-ex155ap,03,,Headphone
Tai nghe Có Dây Sony MDR-E9LP,130.000₫,160.000₫,-18%,127,https://www.thegioididong.com/tai-nghe/tai-nghe-ep-sony-mdr-e9lp-bc-e,03,,Headphone
Tai nghe Chụp Tai Sony MDR - ZX110AP,430.000₫,540.000₫,-20%,41,https://www.thegioididong.com/tai-nghe/tai-nghe-sony-mdr-zx110ap,03,,Headphone
Tai nghe Có Dây JBL C200 SIU,290.000₫,,,7,https://www.thegioididong.com/tai-nghe/tai-nghe-co-day-jbl-c200-siu,04,,Headphone
Tai nghe Có Dây Gaming JBL Quantum 50,530.000₫,890.000₫,-40%,62,https://www.thegioididong.com/tai-nghe/tai-nghe-ep-gaming-jbl-quantum-50,04,,Headphone
Tai nghe Bluetooth True Wireless JBL T115TWS,745.000₫,1.490.000₫,-50%,109,https://www.thegioididong.com/tai-nghe/bluetooth-true-wireless-jbl-t115tws,04,,Headphone
Tai nghe Bluetooth True Wireless JBL LIVE 300,3.990.000₫,,,11,https://www.thegioididong.com/tai-nghe/tai-nghe-bluetooth-true-wireless-jbl-live-300,04,,Headphone
Tai nghe Bluetooth True Wireless JBL Tune 120,995.000₫,1.990.000₫,-50%,48,https://www.thegioididong.com/tai-nghe/tai-nghe-bluetooth-true-wireless-jbl-t120,04,,Headphone
Tai nghe Bluetooth JBL T110BT,485.000₫,890.000₫,-45%,43,https://www.thegioididong.com/tai-nghe/tai-nghe-bluetooth-jbl-t110btblu-xanh-duong,04,,Headphone
Tai nghe Bluetooth True Wireless OPPO ENCO Air 2 ETE11,900.000₫,1.290.000₫,-30%,97,https://www.thegioididong.com/tai-nghe/bluetooth-true-wireless-oppo-enco-air-2-ete11,05,,Headphone
Tai nghe Bluetooth True Wireless OPPO ENCO Air 3 ETE31,1.590.000₫,,,38,https://www.thegioididong.com/tai-nghe/tai-nghe-bluetooth-tws-oppo-enco-air-3-ete31,05,,Headphone
Tai nghe Bluetooth True Wireless OPPO ENCO Buds 2 ETE41,890.000₫,990.000₫,-10%,141,https://www.thegioididong.com/tai-nghe/tai-nghe-bluetooth-tws-oppo-enco-buds-2-ete41-trang,05,,Headphone
Tai nghe Bluetooth True Wireless OPPO ENCO Air 2 Pro ETE21,1.790.000₫,,,86,https://www.thegioididong.com/tai-nghe/bluetooth-true-wireless-oppo-enco-air-2-pro-ete21,05,,Headphone
Tai nghe Bluetooth True Wireless OPPO ENCO Buds ETI81,590.000₫,790.000₫,-25%,251,https://www.thegioididong.com/tai-nghe/bluetooth-tws-oppo-enco-buds-eti81,05,,Headphone
Tai nghe Có Dây OPPO MH151,590.000₫,,,36,https://www.thegioididong.com/tai-nghe/co-day-ep-oppo-mh151,05,,Headphone
Tai nghe Có Dây OPPO MH320,180.000₫,,,308,https://www.thegioididong.com/tai-nghe/co-day-ep-oppo-mh320,05,,Headphone
Tai nghe Bluetooth TWS Xiaomi Redmi Buds 4 Lite,690.000₫,790.000₫,-12%,105,https://www.thegioididong.com/tai-nghe/tai-nghe-bluetooth-tws-xiaomi-redmi-buds-4-lite,06,,Headphone
Tai nghe Bluetooth True Wireless Beats Powerbeats Pro,3.590.000₫,5.990.000₫,-40%,12,https://www.thegioididong.com/tai-nghe/khong-day-powerbeats-pro,07,,Headphone
Tai nghe Bluetooth Beats High-Performance,3.190.000₫,3.990.000₫,-20%,,https://www.thegioididong.com/tai-nghe/bluetooth-high-performance-beats-mwnv2-mwnw2-mwnx2,07,,Headphone
Tai nghe Bluetooth True Wireless Beats Studio Buds,2.390.000₫,3.990.000₫,-40%,50,https://www.thegioididong.com/tai-nghe/beats-studio-buds-mj4x3,07,,Headphone
Tai nghe Bluetooth Chụp Tai Beats Solo3 Wireless,3.290.000₫,5.490.000₫,-40%,,https://www.thegioididong.com/tai-nghe/tai-nghe-chup-tai-beats-solo3-mx432-mv8t2-mx472,07,,Headphone
Tai nghe Bluetooth True Wireless Mozard TS13,225.000₫,450.000₫,-50%,756,https://www.thegioididong.com/tai-nghe/tai-nghe-bluetooth-true-wireless-mozard-ts13,08,,Headphone
Tai nghe Bluetooth True Wireless Mozard Air 3,445.000₫,890.000₫,-50%,196,https://www.thegioididong.com/tai-nghe/tai-nghe-bluetooth-true-wireless-mozard-air-3-den,08,,Headphone
Tai nghe Bluetooth Chụp Tai Mozard K8,400.000₫,500.000₫,-20%,150,https://www.thegioididong.com/tai-nghe/bluetooth-mozard-k8,08,,Headphone
Tai nghe Có Dây Mozard DS510-WB,120.000₫,150.000₫,-20%,260,https://www.thegioididong.com/tai-nghe/tai-nghe-ep-mozard-ds510-wb-xanh,08,,Headphone
Tai nghe Bluetooth 1 Bên Mozard Q6C,90.000₫,300.000₫,-70%,84,https://www.thegioididong.com/tai-nghe/bluetooth-mozard-q6c-xanh-navy,08,,Headphone
Tai nghe Bluetooth True Wireless Mozard Q7,280.000₫,350.000₫,-20%,27,https://www.thegioididong.com/tai-nghe/tai-nghe-bluetooth-true-wireless-mozard-q7-hong,08,,Headphone
Tai nghe Có Dây Mozard DS510-WB,120.000₫,150.000₫,-20%,54,https://www.thegioididong.com/tai-nghe/tai-nghe-ep-mozard-ds510-wb-xanh-nanvy,08,,Headphone
Tai nghe Bluetooth True Wireless Mozard Air 6,595.000₫,950.000₫,-37%,195,https://www.thegioididong.com/tai-nghe/mozard-air-6,08,,Headphone
Tai nghe Chụp Tai Mozard IP-360,95.000₫,180.000₫,-45%,135,https://www.thegioididong.com/tai-nghe/chup-tai-mozard-ip-360,08,,Headphone
Tai nghe Bluetooth 1 Bên Mozard LE003,240.000₫,300.000₫,-20%,83,https://www.thegioididong.com/tai-nghe/bluetooth-mozard-le003-den,08,,Headphone
Tai nghe Bluetooth True Wireless Mozard TS11 mini,315.000₫,790.000₫,-60%,91,https://www.thegioididong.com/tai-nghe/bluetooth-true-wireless-mozard-ts11-mini,08,,Headphone
Tai nghe Bluetooth True Wireless Mozard Q8,315.000₫,790.000₫,-60%,148,https://www.thegioididong.com/tai-nghe/bluetooth-true-wireless-mozard-q8,08,,Headphone
Tai nghe Chụp Tai Mozard IP-840,210.000₫,350.000₫,-40%,167,https://www.thegioididong.com/tai-nghe/tai-nghe-chup-tai-mozard-ip-840,08,,Headphone
Tai nghe Bluetooth True Wireless Mozard T302A,355.000₫,890.000₫,-60%,71,https://www.thegioididong.com/tai-nghe/tai-nghe-bluetooth-true-wireless-mozard-t302a-den,08,,Headphone
Tai nghe Có Dây Mozard S80,75.000₫,,,57,https://www.thegioididong.com/tai-nghe/tai-nghe-nhet-tai-ep-mozard-s80-den,08,,Headphone
Tai nghe Bluetooth 1 Bên Mozard R558A,300.000₫,,,23,https://www.thegioididong.com/tai-nghe/tai-nghe-bluetooth-mozard-r558a-xam-den,08,,Headphone
Tai nghe Bluetooth Mozard S205A,105.000₫,350.000₫,-70%,84,https://www.thegioididong.com/tai-nghe/tai-nghe-bluetooth-mozard-s205a-xanh,08,,Headphone
Tai nghe Chụp Tai Mozard IP-878,125.000₫,350.000₫,-64%,173,https://www.thegioididong.com/tai-nghe/tai-nghe-chup-tai-mozard-ip-878-den-reu,08,,Headphone
Tai nghe Bluetooth True Wireless Mozard DS635-WB,350.000₫,,,176,https://www.thegioididong.com/tai-nghe/tai-nghe-bluetooth-tws-mozard-ds635-wb-den,08,,Headphone
Tai nghe Bluetooth Mozard Q6,175.000₫,350.000₫,-50%,145,https://www.thegioididong.com/tai-nghe/tai-nghe-bluetooth-mozard-q6-do,08,,Headphone
Tai nghe Có Dây Mozard DS509-WB,150.000₫,,,75,https://www.thegioididong.com/tai-nghe/tai-nghe-ep-mozard-ds509-wb-xam,08,,Headphone
Tai nghe Bluetooth True Wireless Mozard AT5,890.000₫,,,59,https://www.thegioididong.com/tai-nghe/tai-nghe-bluetooth-tws-mozard-at5-den,08,,Headphone
Tai nghe Có Dây Awei Q60Hi,Ngừng kinh doanh,,,38,https://www.thegioididong.com/tai-nghe/tai-nghe-ep-awei-q60hi-trang,09,,Headphone
Tai nghe Có Dây Awei Q50Hi,120.000₫,150.000₫,-20%,114,https://www.thegioididong.com/tai-nghe/tai-nghe-ep-awei-q50hi-bac,09,,Headphone
Tai nghe Có Dây Awei Q29Hi,150.000₫,,,333,https://www.thegioididong.com/tai-nghe/tai-nghe-ep-awei-q29hi-den-hong,09,,Headphone
Tai nghe Có Dây Awei Q27Hi,120.000₫,150.000₫,-20%,199,https://www.thegioididong.com/tai-nghe/tai-nghe-ep-awei-q27hi-den,09,,Headphone
Tai nghe Có Dây Awei Q26Hi,75.000₫,,,67,https://www.thegioididong.com/tai-nghe/tai-nghe-ep-awei-q26hi-den,09,,Headphone
Tai nghe Bluetooth Awei G51BS,175.000₫,350.000₫,-50%,46,https://www.thegioididong.com/tai-nghe/tai-nghe-bluetooth-awei-g51bs-den,09,,Headphone
Tai nghe Bluetooth Awei A920BS,175.000₫,350.000₫,-50%,88,https://www.thegioididong.com/tai-nghe/tai-nghe-bluetooth-awei-a920bs,09,,Headphone
Tai nghe Bluetooth Awei A930BS,175.000₫,350.000₫,-50%,29,https://www.thegioididong.com/tai-nghe/tai-nghe-bluetooth-awei-a930bs,09,,Headphone
Tai nghe Bluetooth Awei A840BL,175.000₫,350.000₫,-50%,134,https://www.thegioididong.com/tai-nghe/tai-nghe-bluetooth-nfc-awei-a840bl,09,,Headphone
Tai nghe Có Dây Awei ES500Ni,150.000₫,,,133,https://www.thegioididong.com/tai-nghe/tai-nghe-ep-awei-es500ni,09,,Headphone
Tai nghe Bluetooth True Wireless AVA+ DS200A-WB,175.000₫,350.000₫,-50%,281,https://www.thegioididong.com/tai-nghe/bluetooth-true-wireless-ava-ds200a-wb,10,,Headphone
Tai nghe Bluetooth True Wireless AVA+ DS201A-WB,175.000₫,350.000₫,-50%,263,https://www.thegioididong.com/tai-nghe/bluetooth-true-wireless-ava-ds201a-wb,10,,Headphone
Tai nghe Bluetooth True Wireless AVA+ DS206,395.000₫,790.000₫,-50%,101,https://www.thegioididong.com/tai-nghe/tai-nghe-bluetooth-true-wireless-ava-ds206,10,,Headphone
Tai nghe Có Dây Type C AVA+ DS815-WB,160.000₫,200.000₫,-20%,74,https://www.thegioididong.com/tai-nghe/tai-nghe-co-day-type-c-ava-ds815-wb-trang,10,,Headphone
Tai nghe Chụp Tai Trẻ em AVA+ KD-662,100.000₫,250.000₫,-60%,38,https://www.thegioididong.com/tai-nghe/chup-tai-ava-kd-662,10,,Headphone
Tai nghe Bluetooth True Wireless Rezo Air,690.000₫,890.000₫,-22%,116,https://www.thegioididong.com/tai-nghe/tai-nghe-bluetooth-tws-rezo-air,11,,Headphone
Tai nghe Bluetooth True Wireless Rezo HT03 ANC,760.000₫,1.390.000₫,-45%,63,https://www.thegioididong.com/tai-nghe/bluetooth-true-wireless-rezo-ht03,11,,Headphone
Tai nghe Bluetooth True Wireless Rezo F15,790.000₫,,,246,https://www.thegioididong.com/tai-nghe/bluetooth-true-wireless-rezo-f15,11,,Headphone
Tai nghe Bluetooth True Wireless Rezo QT13,595.000₫,950.000₫,-37%,124,https://www.thegioididong.com/tai-nghe/bluetooth-true-wireless-rezo-qt13,11,,Headphone
Tai nghe Bluetooth True Wireless Rezo T206,675.000₫,1.250.000₫,-46%,103,https://www.thegioididong.com/tai-nghe/bluetooth-true-wireless-rezo-t206-xam-den,11,,Headphone
Tai nghe Bluetooth Chụp Tai Kanen K6,480.000₫,600.000₫,-20%,159,https://www.thegioididong.com/tai-nghe/tai-nghe-bluetooth-kanen-k6-xam-gold,12,,Headphone
Tai nghe Bluetooth Chụp Tai Kanen K9,150.000₫,500.000₫,-70%,74,https://www.thegioididong.com/tai-nghe/tai-nghe-bluetooth-kanen-k9,12,,Headphone
Tai nghe Bluetooth Chụp Tai Kanen K6,480.000₫,600.000₫,-20%,172,https://www.thegioididong.com/tai-nghe/tai-nghe-bluetooth-kanen-k6,12,,Headphone
Tai nghe Chụp Tai Kanen IP-2090,245.000₫,350.000₫,-30%,132,https://www.thegioididong.com/tai-nghe/tai-nghe-chup-tai-kanen-ip-2090,12,,Headphone
Tai nghe Bluetooth 1 Bên Roman R553X,90.000₫,300.000₫,-70%,66,https://www.thegioididong.com/tai-nghe/tai-nghe-bluetooth-roman-r553x-den,13,,Headphone
Tai nghe Bluetooth 1 Bên Roman Q5C,90.000₫,300.000₫,-70%,61,https://www.thegioididong.com/tai-nghe/tai-nghe-bluetooth-roman-q5c-den,13,,Headphone
Tai nghe Bluetooth Roman S205,105.000₫,350.000₫,-70%,33,https://www.thegioididong.com/tai-nghe/tai-nghe-bluetooth-roman-s205-xanh,13,,Headphone
Tai nghe Bluetooth 1 Bên Roman R553N,150.000₫,300.000₫,-50%,66,https://www.thegioididong.com/tai-nghe/tai-nghe-bluetooth-roman-r553n-den,13,,Headphone
Tai nghe Bluetooth True Wireless Hydrus TS12BC,350.000₫,,,250,https://www.thegioididong.com/tai-nghe/bluetooth-true-wireless-hydrus-ts12bc,14,,Headphone
Tai nghe Chụp Tai Gaming MozardX G1,590.000₫,,,32,https://www.thegioididong.com/tai-nghe/tai-nghe-chup-tai-gaming-mozardx-g1-den,15,,Headphone
Tai nghe Có Dây Gaming Rapoo VM150,500.000₫,,,16,https://www.thegioididong.com/tai-nghe/ep-gaming-rapoo-vm150,16,,Headphone
Tai nghe Bluetooth True Wireless Rapoo I300,890.000₫,,,8,https://www.thegioididong.com/tai-nghe/bluetooth-true-wireless-rapoo-i300-trang,16,,Headphone
Tai nghe Chụp Tai Gaming Rapoo VH520C 7.1,600.000₫,,,22,https://www.thegioididong.com/tai-nghe/chup-tai-gaming-rapoo-vh520c-den,16,,Headphone
Tai nghe Bluetooth True Wireless Rapoo I100,420.000₫,700.000₫,-40%,9,https://www.thegioididong.com/tai-nghe/bluetooth-true-wireless-rapoo-i100-den,16,,Headphone
Tai nghe Chụp Tai Gaming Rapoo VH500 7.1,800.000₫,,,15,https://www.thegioididong.com/tai-nghe/tai-nghe-gaming-rapoo-vh500-71-den,16,,Headphone
Tai nghe Bluetooth True Wireless Belkin Soundform Move PAC001,910.000₫,1.300.000₫,-30%,12,https://www.thegioididong.com/tai-nghe/belkin-soundform-move-pac001-den,17,,Headphone
Tai nghe Bluetooth True Wireless Belkin Soundform AUC001,895.000₫,1.790.000₫,-50%,66,https://www.thegioididong.com/tai-nghe/tai-nghe-bluetooth-tws-belkin-soundform-auc001,17,,Headphone
Tai nghe Bluetooth True Wireless Jabra Elite 2,1.480.000₫,1.850.000₫,-20%,13,https://www.thegioididong.com/tai-nghe/bluetooth-true-wireless-jabra-elite-2-den,18,,Headphone
Tai nghe Bluetooth True Wireless Jabra Elite 85T,3.650.000₫,5.990.000₫,-39%,7,https://www.thegioididong.com/tai-nghe/bluetooth-true-wireless-jabra-elite-85t-d,18,,Headphone
Tai Nghe Bluetooth True Wireless Anker SoundCore Liberty 2 Pro A3909,3.500.000₫,,,16,https://www.thegioididong.com/tai-nghe/tai-nghe-true-wireless-anker-liberty-2-pro-a3909,19,,Headphone
Tai nghe Chụp Tai Gaming Logitech G331,1.190.000₫,1.490.000₫,-20%,9,https://www.thegioididong.com/tai-nghe/tai-nghe-chup-tai-gaming-logitech-g331-den-do,20,,Headphone
Tai nghe Bluetooth True Wireless Gaming Asus Rog Cetra,1.945.000₫,2.290.000₫,-15%,15,https://www.thegioididong.com/tai-nghe/tai-nghe-bluetooth-true-wireless-gaming-asus-rog-cetra,21,,Headphone
Tai nghe Bluetooth True Wireless Gaming Asus Rog Cetra,2.090.000₫,2.490.000₫,-16%,4,https://www.thegioididong.com/tai-nghe/tai-nghe-bluetooth-true-wireless-gaming-asus-rog-cetra-trang,21,,Headphone
Tai nghe Có Dây Gaming Asus Rog Cetra II Core,980.000₫,1.090.000₫,-10%,18,https://www.thegioididong.com/tai-nghe/ep-gaming-asus-rog-cetra-ii-core-den,21,,Headphone
Tai nghe Chụp Tai Gaming Asus TUF H3,890.000₫,990.000₫,-10%,34,https://www.thegioididong.com/tai-nghe/tai-nghe-chup-tai-gaming-asus-tuf-h3-den-do,21,,Headphone
Tai nghe Bluetooth True Wireless realme Buds T100,950.000₫,1.190.000₫,-20%,77,https://www.thegioididong.com/tai-nghe/tai-nghe-bluetooth-tws-realme-buds-t100-trang,22,,Headphone
Tai nghe Bluetooth True Wireless Harman/Kardon FLY TWSBLK,2.245.000₫,4.490.000₫,-50%,5,https://www.thegioididong.com/tai-nghe/bluetooth-true-wireless-harman-kardon-fly-twsblk,23,,Headphone
Tai nghe Bluetooth Xmobile Z706A,490.000₫,700.000₫,-30%,97,https://www.thegioididong.com/tai-nghe/bluetooth-xmobile-z706a-den,24,,Headphone
