product_name,current_price,price,percent_discount,rating,link,brand_id,series,device
Loa Bluetooth JBL Go 3,890.000₫,1.090.000₫,-18%,61,https://www.thegioididong.com/loa-laptop/bluetooth-jbl-go-3-xanh-den,01,,Laptop Speaker
Loa Bluetooth JBL Pulse 5,5.880.000₫,6.690.000₫,-12%,12,https://www.thegioididong.com/loa-laptop/loa-bluetooth-jbl-pulse-5,01,,Laptop Speaker
Loa Bluetooth JBL Partybox On The Go,5.990.000₫,6.990.000₫,-14%,14,https://www.thegioididong.com/loa-laptop/jbl-partybox-on-the-go,01,,Laptop Speaker
Loa Bluetooth JBL Charge 5,3.290.000₫,3.990.000₫,-17%,12,https://www.thegioididong.com/loa-laptop/loa-bluetooth-jbl-charge-5,01,,Laptop Speaker
Loa Bluetooth JBL Boombox 3,10.250.000₫,11.990.000₫,-14%,8,https://www.thegioididong.com/loa-laptop/loa-bluetooth-jbl-boombox-3,01,,Laptop Speaker
Loa Bluetooth JBL Go Essential,690.000₫,790.000₫,-12%,15,https://www.thegioididong.com/loa-laptop/loa-bluetooth-jbl-go-essential,01,,Laptop Speaker
Loa Bluetooth JBL Partybox 310,13.900.000₫,14.900.000₫,-6%,,https://www.thegioididong.com/loa-laptop/loa-bluetooth-jbl-partybox-310,01,,Laptop Speaker
Loa Bluetooth JBL Partybox 110,10.950.000₫,12.900.000₫,-15%,3,https://www.thegioididong.com/loa-laptop/loa-bluetooth-jbl-partybox-110-imei,01,,Laptop Speaker
Loa Bluetooth JBL Flip 6,2.650.000₫,2.990.000₫,-11%,28,https://www.thegioididong.com/loa-laptop/bluetooth-jbl-flip-6,01,,Laptop Speaker
Loa siêu trầm JBL PASION 12SP,11.600.000₫,14.500.000₫,-20%,3,https://www.thegioididong.com/loa-laptop/loa-sieu-tram-jbl-pasion-12sp-300w,01,,Laptop Speaker
Amply JBL BEYOND3,17.520.000₫,21.900.000₫,-20%,,https://www.thegioididong.com/loa-laptop/amply-jbl-beyond3-720w,01,,Laptop Speaker
Amply JBL BEYOND1,13.520.000₫,16.900.000₫,-20%,,https://www.thegioididong.com/loa-laptop/thiet-bi-khuech-dai-am-tan-jbl-beyond1,01,,Laptop Speaker
Loa điện JBL IRX112BT,10.520.000₫,13.400.000₫,-21%,,https://www.thegioididong.com/loa-laptop/loa-keo-jbl-irx112bt,01,,Laptop Speaker
Loa điện JBL IRX108BT,9.360.000₫,11.700.000₫,-20%,,https://www.thegioididong.com/loa-laptop/loa-keo-jbl-irx108bt,01,,Laptop Speaker
Loa Bluetooth JBL Charge 5,3.290.000₫,3.990.000₫,-17%,22,https://www.thegioididong.com/loa-laptop/bluetooth-jbl-charge-5,01,,Laptop Speaker
Cặp loa karaoke JBL KI512,20.100.000₫,21.100.000₫,,,https://www.thegioididong.com/loa-laptop/cap-loa-karaoke-jbl-ki512-800w,01,,Laptop Speaker
Cặp loa karaoke JBL KI510,18.400.000₫,19.400.000₫,-5%,3,https://www.thegioididong.com/loa-laptop/cap-loa-karaoke-jbl-ki510-700w,01,,Laptop Speaker
Cặp loa karaoke JBL MK 12,14.800.000₫,15.800.000₫,-6%,,https://www.thegioididong.com/loa-laptop/cap-loa-karaoke-jbl-mk-12-500w,01,,Laptop Speaker
Cặp loa karaoke JBL MK 10,12.600.000₫,13.600.000₫,-7%,,https://www.thegioididong.com/loa-laptop/bo-loa-jbl-mk-10,01,,Laptop Speaker
Cặp loa karaoke JBL MK 08,9.300.000₫,10.300.000₫,-9%,,https://www.thegioididong.com/loa-laptop/cap-loa-karaoke-jbl-mk-08-300w,01,,Laptop Speaker
Cặp loa karaoke JBL Pasion 12,16.800.000₫,17.800.000₫,-5%,,https://www.thegioididong.com/loa-laptop/cap-loa-karaoke-jbl-pasion-12-500w,01,,Laptop Speaker
Cặp loa karaoke JBL Pasion 10,14.600.000₫,15.600.000₫,-6%,,https://www.thegioididong.com/loa-laptop/cap-loa-karaoke-jbl-pasion-10-400w,01,,Laptop Speaker
Cặp loa karaoke JBL Pasion 8,11.500.000₫,12.500.000₫,-8%,3,https://www.thegioididong.com/loa-laptop/cap-loa-karaoke-jbl-pasion-8-300w,01,,Laptop Speaker
Loa Bluetooth Sony SRS-XB13,990.000₫,1.290.000₫,-23%,106,https://www.thegioididong.com/loa-laptop/sony-srs-xb13,02,,Laptop Speaker
Loa Bluetooth Sony Hifi GTK-PG10,5.990.000₫,,,,https://www.thegioididong.com/loa-laptop/loa-bluetooth-sony-hifi-gtk-pg10,02,,Laptop Speaker
Loa Bluetooth Sony SRS-XP500,9.990.000₫,,,,https://www.thegioididong.com/loa-laptop/loa-bluetooth-sony-srs-xp500,02,,Laptop Speaker
Bộ loa thanh Sony HT-S400,5.990.000₫,,,6,https://www.thegioididong.com/loa-laptop/loa-thanh-sony-ht-s400,02,,Laptop Speaker
Bộ loa Sony 5.1 HT-S700RF,11.990.000₫,,,5,https://www.thegioididong.com/loa-laptop/da-n-am-thanh-sony-5-1-ht-s700rf,02,,Laptop Speaker
Bộ loa thanh Sony HT-S40R,6.380.000₫,8.490.000₫,-24%,42,https://www.thegioididong.com/loa-laptop/dan-am-thanh-sony-ht-s40r,02,,Laptop Speaker
Loa siêu trầm không dây Sony SA-SW3,7.490.000₫,,,,https://www.thegioididong.com/loa-laptop/loa-sieu-tram-khong-day-tuy-chon-sony-sa-sw3,02,,Laptop Speaker
Loa siêu trầm không dây Sony SA-SW5,15.390.000₫,,,,https://www.thegioididong.com/loa-laptop/loa-sieu-tram-khong-day-tuy-chon-sony-sa-sw5,02,,Laptop Speaker
Loa thanh Sony HT-A7000,29.890.000₫,,,,https://www.thegioididong.com/loa-laptop/loa-thanh-sony-ht-a7000,02,,Laptop Speaker
Bộ loa thanh Sony HT- G700,12.990.000₫,,,9,https://www.thegioididong.com/loa-laptop/bo-loa-thanh-sony-ht-g700-400w,02,,Laptop Speaker
Bộ loa Sony HT-S20R,4.880.000₫,6.490.000₫,-24%,61,https://www.thegioididong.com/loa-laptop/da-n-am-thanh-sony-ht-s20r,02,,Laptop Speaker
Loa thanh Sony HT-S100F,2.990.000₫,,,25,https://www.thegioididong.com/loa-laptop/loa-thanh-soundbar-sony-ht-s100f,02,,Laptop Speaker
Loa kéo LG Xboom XL7S,11.490.000₫,15.490.000₫,-25%,,https://www.thegioididong.com/loa-laptop/loa-karaoke-lg-xboom-xl7s,03,,Laptop Speaker
Bộ loa thanh LG SN4 Mới 2023,2.690.000₫,5.490.000₫,-51%,,https://www.thegioididong.com/loa-laptop/loa-thanh-lg-sn4,03,,Laptop Speaker
Bộ loa thanh LG SC9S Mới 2023,7.290.000₫,14.990.000₫,-51%,,https://www.thegioididong.com/loa-laptop/loa-thanh-lg-sc9s,03,,Laptop Speaker
Loa bluetooth LG OL45,3.990.000₫,5.190.000₫,-23%,90,https://www.thegioididong.com/loa-laptop/loa-karaoke-lg-ol45,03,,Laptop Speaker
Loa kéo Dalton TS-12G350N,4.990.000₫,6.590.000₫,-24%,4,https://www.thegioididong.com/loa-laptop/loa-keo-karaoke-dalton-ts-12g350n,04,,Laptop Speaker
Loa karaoke xách tay Dalton PS-K20A,3.990.000₫,5.890.000₫,-32%,3,https://www.thegioididong.com/loa-laptop/loa-karaoke-xach-tay-dalton-ps-k20,04,,Laptop Speaker
Loa karaoke xách tay Dalton PS-K16A,4.490.000₫,5.490.000₫,-18%,5,https://www.thegioididong.com/loa-laptop/loa-karaoke-xach-tay-dalton-ps-k16a,04,,Laptop Speaker
Loa karaoke xách tay Dalton PS-K25A,4.990.000₫,6.690.000₫,-25%,55,https://www.thegioididong.com/loa-laptop/loa-karaoke-xach-tay-dalton-ps-k25a,04,,Laptop Speaker
Loa điện Dalton TS-18A8500,19.690.000₫,21.990.000₫,-10%,33,https://www.thegioididong.com/loa-laptop/loa-dien-karaoke-dalton-ts-18a8500-3000w,04,,Laptop Speaker
Loa kéo Dalton TS-12G450X,5.690.000₫,7.900.000₫,-27%,101,https://www.thegioididong.com/loa-laptop/loa-karaoke-dalton-ts-12g450x,04,,Laptop Speaker
Loa điện Dalton TS - 18A1500,12.200.000₫,13.900.000₫,-12%,28,https://www.thegioididong.com/loa-laptop/dalton-ts-18a1500,04,,Laptop Speaker
Loa kéo Dalton TS-18G850X,11.700.000₫,12.800.000₫,-8%,96,https://www.thegioididong.com/loa-laptop/dalton-ts-18g850x,04,,Laptop Speaker
Loa kéo Dalton TS-15G600X,8.500.000₫,9.500.000₫,-10%,202,https://www.thegioididong.com/loa-laptop/dalton-ts-15g600x,04,,Laptop Speaker
Loa kéo Birici NB-6889,12.490.000₫,14.390.000₫,-13%,,https://www.thegioididong.com/loa-laptop/loa-karaoke-birici-nb-6889,05,,Laptop Speaker
Loa điện Birici MX-700,15.990.000₫,18.690.000₫,-14%,54,https://www.thegioididong.com/loa-laptop/birici-mx-700,05,,Laptop Speaker
Loa thanh Samsung HW-C400/XV,2.990.000₫,,,,https://www.thegioididong.com/loa-laptop/loa-thanh-samsung-hw-c400-xv,06,,Laptop Speaker
Bộ loa thanh Samsung HW-C450/XV,4.490.000₫,,,,https://www.thegioididong.com/loa-laptop/loa-thanh-samsung-hw-c450-xv,06,,Laptop Speaker
Bộ loa thanh Samsung HW-Q600C/XV,8.990.000₫,,,,https://www.thegioididong.com/loa-laptop/loa-thanh-samsung-hw-q600c-xv,06,,Laptop Speaker
Bộ loa thanh Samsung HW-Q700C/XV,11.990.000₫,,,,https://www.thegioididong.com/loa-laptop/loa-thanh-samsung-hw-q700c-xv,06,,Laptop Speaker
Bộ loa thanh Samsung HW-Q930C/XV,20.990.000₫,,,,https://www.thegioididong.com/loa-laptop/loa-thanh-samsung-hw-q930c-xv,06,,Laptop Speaker
Bộ loa thanh Samsung HW-Q990C/XV,32.990.000₫,,,,https://www.thegioididong.com/loa-laptop/loa-thanh-samsung-hw-q990c-xv,06,,Laptop Speaker
Loa tháp Samsung MX-ST50B,6.990.000₫,10.990.000₫,-36%,4,https://www.thegioididong.com/loa-laptop/loa-thap-samsung-mx-st50b-230w,06,,Laptop Speaker
Loa thanh Samsung HW-S61B,6.990.000₫,8.990.000₫,-22%,,https://www.thegioididong.com/loa-laptop/loa-thanh-samsung-hw-s61b,06,,Laptop Speaker
Bộ loa thanh Samsung HW-B550,4.990.000₫,6.990.000₫,-28%,24,https://www.thegioididong.com/loa-laptop/loa-thanh-samsung-hw-b550,06,,Laptop Speaker
Bộ loa thanh Samsung HW-B650,5.990.000₫,8.490.000₫,-29%,7,https://www.thegioididong.com/loa-laptop/loa-thanh-samsung-hw-b650,06,,Laptop Speaker
Bộ loa thanh Samsung HW-Q630B,5.990.000₫,9.990.000₫,-40%,41,https://www.thegioididong.com/loa-laptop/loa-thanh-samsung-hw-q630b,06,,Laptop Speaker
Bộ loa thanh Samsung HW-Q700B,7.990.000₫,13.990.000₫,-42%,5,https://www.thegioididong.com/loa-laptop/loa-thanh-samsung-hw-q700b,06,,Laptop Speaker
Bộ loa thanh Samsung HW-Q930B,17.990.000₫,24.990.000₫,-28%,,https://www.thegioididong.com/loa-laptop/loa-thanh-samsung-hw-q930b,06,,Laptop Speaker
Bộ loa thanh Samsung HW-T420,1.810.000₫,3.490.000₫,-48%,187,https://www.thegioididong.com/loa-laptop/loa-thanh-samsung-hw-t420,06,,Laptop Speaker
Loa tháp Samsung MX-T70/XV,5.490.000₫,10.990.000₫,-50%,140,https://www.thegioididong.com/loa-laptop/loa-thap-samsung-mx-t70-xv,06,,Laptop Speaker
Loa tháp Samsung MX-ST90B,11.990.000₫,19.990.000₫,-40%,,https://www.thegioididong.com/loa-laptop/loa-thanh-samsung-mx-st90b,06,,Laptop Speaker
Loa karaoke xách tay Mobell MK-4020,2.590.000₫,4.090.000₫,-36%,53,https://www.thegioididong.com/loa-laptop/loa-karaoke-xach-tay-mobell-mk-4020,07,,Laptop Speaker
Loa kéo Mobell MK-5070,2.990.000₫,4.590.000₫,-34%,64,https://www.thegioididong.com/loa-laptop/loa-keo-karaoke-mobell-mk-5070-400w,07,,Laptop Speaker
Loa kéo Mobell MK-2120C,1.490.000₫,1.890.000₫,-21%,118,https://www.thegioididong.com/loa-laptop/loa-keo-karaoke-mobell-mk-2120c-30w,07,,Laptop Speaker
Loa kéo Mobell MK-7080,7.590.000₫,8.990.000₫,-15%,66,https://www.thegioididong.com/loa-laptop/loa-keo-karaoke-mobell-mk-7080-1000w,07,,Laptop Speaker
Loa kéo Mobell MK-6080,5.990.000₫,6.990.000₫,-14%,58,https://www.thegioididong.com/loa-laptop/loa-keo-karaoke-mobell-mk-6080-500w,07,,Laptop Speaker
Loa vi tính Bluetooth Enkor S2880,1.440.000₫,1.600.000₫,-10%,229,https://www.thegioididong.com/loa-laptop/loa-vi-tinh-21-enkor-s2880-den,08,,Laptop Speaker
Loa vi tính Enkor E50,440.000₫,800.000₫,-45%,162,https://www.thegioididong.com/loa-laptop/loa-vi-tinh-21-enkor-e50-den,08,,Laptop Speaker
Loa vi tính Bluetooth Enkor E700,520.000₫,800.000₫,-35%,152,https://www.thegioididong.com/loa-laptop/loa-vi-tinh-21-enkor-e700-den,08,,Laptop Speaker
Loa vi tính Bluetooth Enkor S2850,1.190.000₫,1.400.000₫,-15%,221,https://www.thegioididong.com/loa-laptop/loa-vi-tinh-21-enkor-s2850-nau,08,,Laptop Speaker
Loa vi tính Enkor E300 Plus,300.000₫,600.000₫,-50%,175,https://www.thegioididong.com/loa-laptop/loa-enkor-e300plus,08,,Laptop Speaker
Loa kéo Nanomax X-2000,8.990.000₫,9.990.000₫,-10%,,https://www.thegioididong.com/loa-laptop/loa-karaoke-nanomax-x-2000,09,,Laptop Speaker
Loa kéo Nanomax S-5000,10.600.000₫,12.890.000₫,-17%,24,https://www.thegioididong.com/loa-laptop/loa-karaoke-nanomax-s-5000,09,,Laptop Speaker
Loa kéo Nanomax S-820,3.990.000₫,4.390.000₫,-9%,92,https://www.thegioididong.com/loa-laptop/loa-keo-karaoke-nanomax-s-820-400w,09,,Laptop Speaker
Loa kéo Nanomax S-800,3.490.000₫,3.990.000₫,-12%,48,https://www.thegioididong.com/loa-laptop/loa-keo-karaoke-nanomax-s-800-360w,09,,Laptop Speaker
Loa kéo Nanomax S-900,4.490.000₫,5.690.000₫,-21%,187,https://www.thegioididong.com/loa-laptop/loa-keo-karaoke-nanomax-s-900-420w,09,,Laptop Speaker
Loa kéo Nanomax S-1000,6.290.000₫,6.990.000₫,-10%,166,https://www.thegioididong.com/loa-laptop/nanomax-s-1000,09,,Laptop Speaker
Loa karaoke xách tay Zenbos K-180,4.990.000₫,6.650.000₫,-24%,,https://www.thegioididong.com/loa-laptop/loa-karaoke-xach-tay-zenbos-k-180,10,,Laptop Speaker
Cặp loa karaoke Zenbos CR-5,3.260.000₫,7.560.000₫,-56%,,https://www.thegioididong.com/loa-laptop/cap-loa-karaoke-zenbos-cr-5-300w,10,,Laptop Speaker
Amply Zenbos LX-6800,4.740.000₫,10.460.000₫,-54%,4,https://www.thegioididong.com/loa-laptop/amply-zenbos-lx-6800,10,,Laptop Speaker
Amply Zenbos Z-2600,3.070.000₫,7.180.000₫,-57%,7,https://www.thegioididong.com/loa-laptop/amply-karaoke-zenbos-z-2600,10,,Laptop Speaker
Cặp loa karaoke Zenbos XR-680,3.730.000₫,8.490.000₫,-56%,,https://www.thegioididong.com/loa-laptop/cap-loa-karaoke-zenbos-xr-680-400w,10,,Laptop Speaker
Loa kéo Zenbos K-200,7.990.000₫,8.990.000₫,-11%,22,https://www.thegioididong.com/loa-laptop/zenbos-k-200,10,,Laptop Speaker
Loa kéo Zenbos K-360,11.530.000₫,12.530.000₫,-7%,17,https://www.thegioididong.com/loa-laptop/zenbos-k-360,10,,Laptop Speaker
Loa kéo SuYang X-158B,10.900.000₫,13.900.000₫,-21%,3,https://www.thegioididong.com/loa-laptop/loa-karaoke-suyang-x-158b,11,,Laptop Speaker
Loa điện SuYang X-138,9.900.000₫,12.900.000₫,-23%,10,https://www.thegioididong.com/loa-laptop/loa-dien-suyang-x-138,11,,Laptop Speaker
Loa điện SuYang X-128,12.900.000₫,15.150.000₫,-14%,20,https://www.thegioididong.com/loa-laptop/loa-dien-suyang-x-128,11,,Laptop Speaker
Loa điện SuYang X-108,5.990.000₫,8.990.000₫,-33%,13,https://www.thegioididong.com/loa-laptop/loa-dien-suyang-x-108,11,,Laptop Speaker
Loa karaoke xách tay Jammy N2070K,5.490.000₫,5.990.000₫,-8%,7,https://www.thegioididong.com/loa-laptop/loa-karaoke-xach-tay-jammy-n2070k,12,,Laptop Speaker
Loa kéo Jammy S8078K,15.590.000₫,16.990.000₫,-8%,3,https://www.thegioididong.com/loa-laptop/loa-jammy-s8078k,12,,Laptop Speaker
Loa kéo Jammy AM4218,7.890.000₫,8.890.000₫,-11%,29,https://www.thegioididong.com/loa-laptop/loa-karaoke-jammy-am4218,12,,Laptop Speaker
Loa kéo Boston Acoustics PARTY BOX BA-1202PB,6.210.000₫,6.900.000₫,-10%,,https://www.thegioididong.com/loa-laptop/loa-karaoke-boston-acoustics-party-box-ba-1202pb,13,,Laptop Speaker
Loa kéo Boston Acoustics PARTY BOX BA-1002PB,4.950.000₫,5.500.000₫,-10%,,https://www.thegioididong.com/loa-laptop/loa-karaoke-boston-acoustics-party-box-ba-1002pb,13,,Laptop Speaker
Loa kéo Boston Acoustics PARTY BOX BA-802PB,3.420.000₫,3.800.000₫,-10%,,https://www.thegioididong.com/loa-laptop/loa-karaoke-boston-acoustics-party-box-ba-802pb,13,,Laptop Speaker
Amply Boston Acoustics BA2250,12.600.000₫,13.400.000₫,-5%,,https://www.thegioididong.com/loa-laptop/amply-boston-acoustics-ba2250-600w,13,,Laptop Speaker
Amply Boston Acoustics BA400,12.600.000₫,13.400.000₫,-5%,3,https://www.thegioididong.com/loa-laptop/amply-boston-acoustics-ba400-800w,13,,Laptop Speaker
Amply Boston Acoustics BS803,10.600.000₫,11.400.000₫,-7%,,https://www.thegioididong.com/loa-laptop/amply-boston-acoustics-bs803-700w,13,,Laptop Speaker
Cặp loa karaoke Boston Acoustics MD208,7.500.000₫,8.300.000₫,-9%,,https://www.thegioididong.com/loa-laptop/loa-boston-acoustics-md208-400w,13,,Laptop Speaker
Cặp loa karaoke Boston Acoustics MD510,8.800.000₫,9.600.000₫,-8%,3,https://www.thegioididong.com/loa-laptop/cap-loa-karaoke-boston-acoustics-md510-400w,13,,Laptop Speaker
Amply Boston Acoustics BA180,7.200.000₫,8.000.000₫,-10%,6,https://www.thegioididong.com/loa-laptop/amply-boston-acoustics-ba180-400w,13,,Laptop Speaker
Amply Boston Acoustics BA150,6.500.000₫,7.300.000₫,-10%,4,https://www.thegioididong.com/loa-laptop/amply-boston-acoustics-ba150-300w,13,,Laptop Speaker
Amply Boston Acoustics BA100,5.100.000₫,5.900.000₫,-13%,7,https://www.thegioididong.com/loa-laptop/amply-boston-acoustics-ba100-200w,13,,Laptop Speaker
Amply Boston Acoustics BA200,8.700.000₫,9.500.000₫,-8%,,https://www.thegioididong.com/loa-laptop/amply-karaoke-boston-acoustics-ba200,13,,Laptop Speaker
Cặp loa karaoke Boston Acoustic Classic 12,8.700.000₫,9.500.000₫,-8%,6,https://www.thegioididong.com/loa-laptop/cap-loa-karaoke-boston-acoustic-classic-12-400w,13,,Laptop Speaker
Cặp loa karaoke Boston Acoustic Classic 10,6.600.000₫,7.400.000₫,-10%,4,https://www.thegioididong.com/loa-laptop/bo-loa-boston-acoustic-classic-10,13,,Laptop Speaker
Cặp loa karaoke Boston Acoustic Classic 8,4.800.000₫,5.600.000₫,-14%,7,https://www.thegioididong.com/loa-laptop/bo-loa-boston-acoustic-classic-8,13,,Laptop Speaker
Loa Bluetooth Klipsch Heritage Groove,3.900.000₫,,,,https://www.thegioididong.com/loa-laptop/loa-bluetooth-klipsch-heritage-groove-matte-black,14,,Laptop Speaker
Loa Bluetooth Klipsch The Three II,10.400.000₫,,,,https://www.thegioididong.com/loa-laptop/loa-bluetooth-klipsch-the-three-ii,14,,Laptop Speaker
Loa Bluetooth Klipsch Groove XXL,7.800.000₫,,,,https://www.thegioididong.com/loa-laptop/loa-bluetooth-klipsch-groove-xxl,14,,Laptop Speaker
Cặp Loa Bluetooth Klipsch The Sevens Matte Black,29.500.000₫,,,,https://www.thegioididong.com/loa-laptop/cap-loa-bluetooth-klipsch-the-sevens-matte-black,14,,Laptop Speaker
Loa Bluetooth Klipsch Promedia Heritage 2.1 Walnut,7.700.000₫,,,3,https://www.thegioididong.com/loa-laptop/loa-bluetooth-klipsch-promedia-heritage-2-1-walnut,14,,Laptop Speaker
Loa Bluetooth Klipsch Groove PGA Tour,3.800.000₫,,,,https://www.thegioididong.com/loa-laptop/loa-bluetooth-klipsch-groove-pga-tour,14,,Laptop Speaker
Cặp Loa Bluetooth Klipsch The Fives Walnut,20.500.000₫,,,,https://www.thegioididong.com/loa-laptop/cap-loa-bluetooth-klipsch-the-fives-walnut,14,,Laptop Speaker
Cặp Loa Bluetooth Klipsch The Sixes Walnut,21.000.000₫,,,,https://www.thegioididong.com/loa-laptop/cap-loa-bluetooth-klipsch-the-sixes-walnut,14,,Laptop Speaker
Loa Bluetooth Klipsch The One II Walnut,6.400.000₫,,,,https://www.thegioididong.com/loa-laptop/loa-bluetooth-klipsch-the-one-ii-walnut-nau,14,,Laptop Speaker
Loa Klipsch RP-404C II Walnut,9.040.000₫,11.300.000₫,-20%,,https://www.thegioididong.com/loa-laptop/loa-klipsch-rp-404c-ii-walnut,14,,Laptop Speaker
Cặp loa Klipsch RP-500SA II Walnut,10.640.000₫,13.300.000₫,-20%,,https://www.thegioididong.com/loa-laptop/bo-loa-klipsch-rp-500sa-ii-walnut,14,,Laptop Speaker
Cặp loa Klipsch RP-600M II Walnut,11.600.000₫,14.500.000₫,-20%,,https://www.thegioididong.com/loa-laptop/bo-loa-klipsch-rp-600m-ii-walnut-400w,14,,Laptop Speaker
Cặp loa Klipsch RP-6000F II Walnut,22.240.000₫,27.800.000₫,-20%,,https://www.thegioididong.com/loa-laptop/bo-loa-klipsch-rp-6000f-ii-walnut-500w,14,,Laptop Speaker
Cặp loa Klipsch RP-5000F II Walnut,17.920.000₫,22.400.000₫,-20%,,https://www.thegioididong.com/loa-laptop/bo-loa-klipsch-rp-5000f-ii-walnut,14,,Laptop Speaker
Cặp loa Klipsch RP-8000F II Walnut,32.000.000₫,40.000.000₫,-20%,,https://www.thegioididong.com/loa-laptop/bo-loa-kkipsch-rp-8000f-ii-walnut-600w,14,,Laptop Speaker
Bộ loa thanh Klipsch Cinema 1200,33.600.000₫,42.000.000₫,-20%,,https://www.thegioididong.com/loa-laptop/bo-loa-klipsch-cinema-1200w,14,,Laptop Speaker
Bộ loa thanh Klipsch Cinema 800,15.600.000₫,19.500.000₫,-20%,,https://www.thegioididong.com/loa-laptop/bo-loa-klipsch-cinema-800-800w,14,,Laptop Speaker
Bộ loa thanh Klipsch Cinema 600,10.880.000₫,13.600.000₫,-20%,,https://www.thegioididong.com/loa-laptop/bo-loa-thanh-klipsch-cinema-600-600w,14,,Laptop Speaker
Bộ loa thanh Klipsch Cinema 400,8.320.000₫,10.400.000₫,-20%,,https://www.thegioididong.com/loa-laptop/bo-loa-thanh-klipsch-cinema-400-400w,14,,Laptop Speaker
Loa siêu trầm Klipsch SUB100-BK,9.100.000₫,10.500.000₫,-13%,,https://www.thegioididong.com/loa-laptop/loa-sieu-tram-klipsch-sub100-bk,14,,Laptop Speaker
Loa vi tính Microlab B26,285.000₫,300.000₫,-5%,72,https://www.thegioididong.com/loa-laptop/vi-tinh-microlab-b26-den,15,,Laptop Speaker
Loa vi tính Microlab M108,620.000₫,730.000₫,-15%,52,https://www.thegioididong.com/loa-laptop/vi-tinh-microlab-m108,15,,Laptop Speaker
Loa vi tính Bluetooth Microlab M318BT,1.180.000₫,1.480.000₫,-20%,32,https://www.thegioididong.com/loa-laptop/microlab-m318bt-den,15,,Laptop Speaker
Loa Bluetooth Fenda W5 Plus,235.000₫,450.000₫,-47%,94,https://www.thegioididong.com/loa-laptop/loa-bluetooth-fenda-w5-plus,16,,Laptop Speaker
Loa vi tính Bluetooth Fenda A140X,745.000₫,1.150.000₫,-35%,118,https://www.thegioididong.com/loa-laptop/loa-vi-tinh-fenda-a140x-den,16,,Laptop Speaker
Loa Bluetooth Fenda W8,250.000₫,500.000₫,-50%,81,https://www.thegioididong.com/loa-laptop/loa-bluetooth-fenda-w8,16,,Laptop Speaker
Loa Bluetooth Fenda W7,250.000₫,500.000₫,-50%,56,https://www.thegioididong.com/loa-laptop/loa-bluetooth-fenda-w7,16,,Laptop Speaker
Loa vi tính Fenda F203G,600.000₫,,,65,https://www.thegioididong.com/loa-laptop/loa-vi-tinh-fenda-f203g,16,,Laptop Speaker
Loa Bluetooth Mozard E7 Đỏ,525.000₫,700.000₫,-25%,61,https://www.thegioididong.com/loa-laptop/loa-bluetooth-mozard-e7-do,17,,Laptop Speaker
Loa Bluetooth Mozard E7,560.000₫,700.000₫,-20%,156,https://www.thegioididong.com/loa-laptop/loa-bluetooth-mozard-e7,17,,Laptop Speaker
Loa Bluetooth Mozard Y550 Plus,275.000₫,550.000₫,-50%,162,https://www.thegioididong.com/loa-laptop/loa-bluetooth-mozard-y550-plus,17,,Laptop Speaker
Loa Bluetooth Mozard E8 Xanh Navy,845.000₫,950.000₫,-11%,115,https://www.thegioididong.com/loa-laptop/loa-bluetooth-mozard-e8-xanh-navy,17,,Laptop Speaker
Loa Bluetooth Mozard X21,275.000₫,550.000₫,-50%,156,https://www.thegioididong.com/loa-laptop/bluetooth-mozard-x21,17,,Laptop Speaker
Loa Bluetooth Mozard S21,275.000₫,550.000₫,-50%,130,https://www.thegioididong.com/loa-laptop/bluetooth-mozard-s21,17,,Laptop Speaker
Loa Bluetooth Mozard E8,795.000₫,950.000₫,-16%,155,https://www.thegioididong.com/loa-laptop/loa-bluetooth-mozard-e8,17,,Laptop Speaker
Loa Bluetooth Mozard H8030D,560.000₫,850.000₫,-34%,145,https://www.thegioididong.com/loa-laptop/loa-bluetooth-mozard-h8030d-den,17,,Laptop Speaker
Cặp loa tháp Mozard M112,2.250.000₫,4.490.000₫,-49%,52,https://www.thegioididong.com/loa-laptop/loa-tivi-bluetooth-mozard-m112-nau,17,,Laptop Speaker
Cặp loa tháp Mozard M103,1.750.000₫,3.490.000₫,-49%,21,https://www.thegioididong.com/loa-laptop/loa-thap-bluetooth-mozard-m103-nau,17,,Laptop Speaker
Cặp loa tháp Mozard M101 Đen,1.750.000₫,3.490.000₫,-49%,29,https://www.thegioididong.com/loa-laptop/loa-thap-bluetooth-mozard-m101-den,17,,Laptop Speaker
Loa kéo Mozard L1028K,2.330.000₫,3.890.000₫,-40%,78,https://www.thegioididong.com/loa-laptop/loa-keo-bluetooth-mozard-l1028k-den,17,,Laptop Speaker
Loa Jamo Concert C9 Cen II Dark Apple,5.360.000₫,6.700.000₫,-20%,,https://www.thegioididong.com/loa-laptop/bo-loa-jamo-da-lap-vao-thung-loa-concert-c9-cen-ii-dark-apple,18,,Laptop Speaker
Loa siêu trầm Jamo S808 Walnut,3.600.000₫,4.500.000₫,-20%,,https://www.thegioididong.com/loa-laptop/bo-loa-jamo-da-lap-vao-thung-loa-s808-sub-walnut,18,,Laptop Speaker
Cặp loa Jamo C 9 Sur II Dark Apple,8.800.000₫,11.000.000₫,-20%,,https://www.thegioididong.com/loa-laptop/bo-loa-jamo-da-lap-vao-thung-loa-c-9-sur-ii-dark-apple,18,,Laptop Speaker
Cặp loa Jamo C 97 II Dark Apple,17.920.000₫,22.400.000₫,-20%,,https://www.thegioididong.com/loa-laptop/bo-loa-jamo-da-lap-vao-thung-loa-c-97-ii-dark-apple,18,,Laptop Speaker
Cặp loa Jamo C 97 II Dark Apple,14.240.000₫,17.800.000₫,-20%,,https://www.thegioididong.com/loa-laptop/bo-loa-jamo-da-lap-vao-thung-loa-c-95-ii-dark-apple,18,,Laptop Speaker
Cặp loa Jamo S 8 ATM Walnut,3.840.000₫,4.800.000₫,-20%,,https://www.thegioididong.com/loa-laptop/bo-loa-jamo-da-lap-vao-thung-loa-s8atm-walnut,18,,Laptop Speaker
Cặp loa Jamo C 93 II Dark Apple,8.400.000₫,10.500.000₫,-20%,,https://www.thegioididong.com/loa-laptop/bo-loa-jamo-da-lap-vao-thung-loa-c-93-ii-dark-apple,18,,Laptop Speaker
Cặp loa Jamo C 91 II Dark Apple,7.120.000₫,8.900.000₫,-20%,,https://www.thegioididong.com/loa-laptop/bo-loa-jamo-da-lap-vao-thung-loa-c-91-ii-dark-apple,18,,Laptop Speaker
Bộ loa Jamo S809 HCS Walnut,13.600.000₫,17.000.000₫,-20%,,https://www.thegioididong.com/loa-laptop/bo-loa-jamo-da-lap-vao-thung-loa-s809-hcs-walnut,18,,Laptop Speaker
Bộ loa Jamo S805 HCS Walnut,10.160.000₫,12.700.000₫,-20%,,https://www.thegioididong.com/loa-laptop/bo-loa-jamo-da-lap-vao-thung-loa-s805-hcs-walnut,18,,Laptop Speaker
Bộ loa Jamo S803 HCS Walnut,9.360.000₫,11.700.000₫,-20%,,https://www.thegioididong.com/loa-laptop/bo-loa-jamo-da-lap-vao-thung-loa-s803-hcs-walnut,18,,Laptop Speaker
Loa siêu trầm Jamo C912SUB,8.000.000₫,9.400.000₫,-14%,,https://www.thegioididong.com/loa-laptop/loa-sieu-tram-jamo-c912sub-300w,18,,Laptop Speaker
Loa siêu trầm Jamo C910SUB,5.300.000₫,6.700.000₫,-20%,4,https://www.thegioididong.com/loa-laptop/loa-sieu-tram-jamo-c910sub-200w,18,,Laptop Speaker
Loa Bluetooth Denon Home 350,15.000.000₫,,,,https://www.thegioididong.com/loa-laptop/loa-bluetooth-denon-home-350-den,19,,Laptop Speaker
Loa Bluetooth Denon Home 250,12.000.000₫,,,,https://www.thegioididong.com/loa-laptop/loa-bluetooth-denon-home-250-den-trang,19,,Laptop Speaker
Loa Bluetooth Denon Home 150,8.000.000₫,,,,https://www.thegioididong.com/loa-laptop/loa-bluetooth-denon-home-150-den,19,,Laptop Speaker
Amply Denon PMA1700HNEBKE2,35.200.000₫,44.000.000₫,-20%,,https://www.thegioididong.com/loa-laptop/amply-denon-pma1700hnebke2-140w,19,,Laptop Speaker
Amply Denon PMA900HNEBKE2,17.600.000₫,22.000.000₫,-20%,,https://www.thegioididong.com/loa-laptop/amply-denon-pma900hnebke2-170w,19,,Laptop Speaker
Bộ loa thanh Denon DHTS517BKE2,10.800.000₫,13.500.000₫,-20%,,https://www.thegioididong.com/loa-laptop/bo-loa-thanh-denon-dhts517bke2-300w,19,,Laptop Speaker
Đầu phát đĩa than Denon DP450USBBKEM,15.200.000₫,19.000.000₫,-20%,,https://www.thegioididong.com/loa-laptop/dau-cd-denon-dp450usbbkem,19,,Laptop Speaker
Đầu phát đĩa than Denon DP400BKEM,12.800.000₫,16.000.000₫,-20%,,https://www.thegioididong.com/loa-laptop/dau-cd-denon-dp400bkem,19,,Laptop Speaker
Amply Denon AVRX250BTBKE2,7.600.000₫,9.500.000₫,-20%,,https://www.thegioididong.com/loa-laptop/amply-denon-avrx250btbke2,19,,Laptop Speaker
Amply Denon DRA800HBKE2,14.280.000₫,17.850.000₫,-20%,,https://www.thegioididong.com/loa-laptop/amply-denon-dra800hbke2,19,,Laptop Speaker
Amply Denon HEOSAMPHS2SRE2,9.600.000₫,12.000.000₫,-20%,,https://www.thegioididong.com/loa-laptop/amply-denon-heosamphs2sre2,19,,Laptop Speaker
Amply Denon PMA600NEBKE2,8.640.000₫,10.800.000₫,-20%,,https://www.thegioididong.com/loa-laptop/amply-denon-pma600nebke2,19,,Laptop Speaker
Bộ loa thanh Denon S316,6.400.000₫,8.000.000₫,-20%,,https://www.thegioididong.com/loa-laptop/bo-loa-thanh-denon-s316-80w,19,,Laptop Speaker
Loa karaoke xách tay Sumico MSP10,6.500.000₫,,,,https://www.thegioididong.com/loa-laptop/loa-karaoke-xach-tay-sumico-msp10,20,,Laptop Speaker
Loa karaoke xách tay Sumico BT-S52,6.900.000₫,,,,https://www.thegioididong.com/loa-laptop/loa-karaoke-xach-tay-sumico-bt-s52,20,,Laptop Speaker
Loa kéo Sumico On The Go 12,6.200.000₫,7.500.000₫,-17%,,https://www.thegioididong.com/loa-laptop/loa-karaoke-sumico-on-the-go-12,20,,Laptop Speaker
Loa kéo Sumico On The Go 15,7.500.000₫,8.800.000₫,-14%,,https://www.thegioididong.com/loa-laptop/loa-keo-karaoke-sumico-on-the-go-15-300w,20,,Laptop Speaker
Loa điện Sumico Home Station 10,13.600.000₫,14.900.000₫,-8%,5,https://www.thegioididong.com/loa-laptop/sumico-home-station-10,20,,Laptop Speaker
Loa điện Sumico Home Station 12,15.700.000₫,17.000.000₫,-7%,8,https://www.thegioididong.com/loa-laptop/loa-dien-karaoke-sumico-home-station-12-450w,20,,Laptop Speaker
Loa Bluetooth Harman Kardon SoundSticks 4,6.790.000₫,7.990.000₫,-15%,11,https://www.thegioididong.com/loa-laptop/bluetooth-harman-kardon-soundsticks-4,21,,Laptop Speaker
Loa Bluetooth Harman Kardon Aura Studio 3,5.490.000₫,6.490.000₫,-15%,4,https://www.thegioididong.com/loa-laptop/bluetooth-harman-kardon-aura-studio-3-den,21,,Laptop Speaker
Loa Bluetooth Harman Kardon Go + Play mini,5.270.000₫,5.990.000₫,-12%,18,https://www.thegioididong.com/loa-laptop/bluetooth-harman-kardon-go-play-mini,21,,Laptop Speaker
Loa Bluetooth Harman Kardon Onyx Studio 7,4.490.000₫,5.990.000₫,-25%,10,https://www.thegioididong.com/loa-laptop/bluetooth-harman-kardon-onyx-studio-7,21,,Laptop Speaker
Loa Bluetooth Harman Kardon Onyx Studio 8,6.000.000₫,6.990.000₫,-14%,4,https://www.thegioididong.com/loa-laptop/loa-bluetooth-harman-kardon-onyx-studio-8,21,,Laptop Speaker
Loa siêu trầm Paramax Z-SUB,8.990.000₫,,,,https://www.thegioididong.com/loa-laptop/loa-sieu-tram-paramax-z-sub,22,,Laptop Speaker
Cặp loa karaoke Paramax Z-2500,10.590.000₫,,,,https://www.thegioididong.com/loa-laptop/cap-loa-karaoke-paramax-z-2500,22,,Laptop Speaker
Cặp loa karaoke Paramax Z-1500,8.590.000₫,,,,https://www.thegioididong.com/loa-laptop/cap-loa-karaoke-paramax-z-1500,22,,Laptop Speaker
Cặp loa karaoke Paramax LX-3800,11.870.000₫,15.590.000₫,-23%,,https://www.thegioididong.com/loa-laptop/cap-loa-paramax-lx-3800,22,,Laptop Speaker
Cặp loa karaoke Paramax LX-2800,8.070.000₫,10.590.000₫,-23%,5,https://www.thegioididong.com/loa-laptop/cap-loa-paramax-lx-2800,22,,Laptop Speaker
Loa siêu trầm Paramax SW-1800,5.640.000₫,7.490.000₫,-24%,8,https://www.thegioididong.com/loa-laptop/loa-sieu-tram-paramax-sw-1800-500w,22,,Laptop Speaker
Cặp loa karaoke Paramax LX-1800,6.700.000₫,8.790.000₫,-23%,10,https://www.thegioididong.com/loa-laptop/cap-loa-karaoke-paramax-lx-1800-600w,22,,Laptop Speaker
Cặp loa karaoke Paramax LX-1200,5.880.000₫,6.990.000₫,-15%,7,https://www.thegioididong.com/loa-laptop/cap-loa-karaoke-paramax-lx-1200-500w,22,,Laptop Speaker
Cặp loa karaoke Paramax LX-850,3.680.000₫,5.390.000₫,-31%,8,https://www.thegioididong.com/loa-laptop/loa-karaoke-paramax-lx-850,22,,Laptop Speaker
Amply Paramax AX-1800,7.610.000₫,9.990.000₫,-23%,10,https://www.thegioididong.com/loa-laptop/amply-karaoke-paramax-ax-1800,22,,Laptop Speaker
Amply Paramax AX-1200,8.510.000₫,9.990.000₫,-14%,8,https://www.thegioididong.com/loa-laptop/amply-paramax-ax-1200-500w,22,,Laptop Speaker
Amply Paramax AX-850,6.310.000₫,9.390.000₫,-32%,8,https://www.thegioididong.com/loa-laptop/amply-paramax-ax-850-350w,22,,Laptop Speaker
