product_name,current_price,price,percent_discount,rating,series,link,genre_name,brand_name
Sạc Apple 20W MHJE3,520000.0,690000.0,24,433,,https://www.thegioididong.com/adapter-sac/adapter-sac-type-c-20w-cho-iphone-ipad-apple-mhje3,Adapter Charger,Apple
Bộ chuyển đổi chân sạc Adapter Kit Apple MD837,870000.0,1090000.0,20,0,,https://www.thegioididong.com/adapter-sac/chan-sac-world-travel-adapter-kit-apple-md837,Adapter Charger,Apple
Sạc Apple MGN13,225000.0,450000.0,50,52,,https://www.thegioididong.com/adapter-sac/adapter-sac-5w-cho-iphone-ipad-ipod-apple-mgn13,Adapter Charger,Apple
Sạc Apple MD813ZM-A,405000.0,450000.0,10,8,,https://www.thegioididong.com/adapter-sac/adapter-sac-5w-iphone-ipad-ipod-apple-md813zma,Adapter Charger,Apple
Bộ Adapter sạc kèm cáp Type C - Type C Samsung EP-T4510X,650000.0,1190000.0,45,67,,https://www.thegioididong.com/adapter-sac/bo-adapter-sac-kem-cap-type-c-type-c-pd-45w-samsung-ep-t4510x,Adapter Charger,Samsung
Sạc Samsung EP-TA800N,340000.0,490000.0,30,317,,https://www.thegioididong.com/adapter-sac/type-c-pd-25w-samsung-ep-ta800n,Adapter Charger,Samsung
Sạc 3 cổng Samsung EP-T6530,965000.0,1490000.0,35,17,,https://www.thegioididong.com/adapter-sac/adapter-sac-3-cong-usb-type-c-pd-65w-samsung-ep-t6530n,Adapter Charger,Samsung
Sạc kèm cáp Micro Samsung TA20HW,200000.0,290000.0,30,139,,https://www.thegioididong.com/adapter-sac/bo-adapter-sac-kem-cap-micro-samsung-ta20hw,Adapter Charger,Samsung
Bộ Adapter sạc kèm cáp Type C - Type C Samsung EP-T1510X,320000.0,400000.0,20,82,,https://www.thegioididong.com/adapter-sac/bo-adapter-sac-kem-cap-type-c-samsung-ep-t1510x,Adapter Charger,Samsung
Sạc Samsung EP-T1510N,255000.0,320000.0,20,34,,https://www.thegioididong.com/adapter-sac/adapter-sac-type-c-samsung-ep-t1510n-trang,Adapter Charger,Samsung
Sạc kèm cáp Type C Samsung TA20EW,255000.0,320000.0,20,138,,https://www.thegioididong.com/adapter-sac/bo-adapter-sac-kem-cap-type-c-samsung-ta20ew,Adapter Charger,Samsung
Sạc Anker PowerPort III Nano A2633,290000.0,400000.0,27,124,,https://www.thegioididong.com/adapter-sac/adapter-type-c-pd-20w-anker-powerport-nano-a2633,Adapter Charger,Anker
Sạc Anker Nano 3 A2147,425000.0,500000.0,15,23,,https://www.thegioididong.com/adapter-sac/adapter-sac-type-c-pd-gan-30w-anker-nano-3-a2147-trang,Adapter Charger,Anker
Sạc 2 cổng Anker Nano Pro A2038,615000.0,950000.0,35,12,,https://www.thegioididong.com/adapter-sac/adapter-sac-2-cong-type-c-pd-40w-anker-nano-pro-a2038,Adapter Charger,Anker
Sạc 2 cổng Anker PowerPort Elite 2 - A2023,380000.0,450000.0,15,17,,https://www.thegioididong.com/adapter-sac/adapter-sac-2-cong-24a-anker-a2023-trang,Adapter Charger,Anker
Sạc 2 cổng Anker PowerPort Mini - A2620,215000.0,270000.0,20,55,,https://www.thegioididong.com/adapter-sac/adapter-sac-2a-dual-anker-a2620-trang,Adapter Charger,Anker
Sạc Xmobile A829,240000.0,300000.0,20,63,,https://www.thegioididong.com/adapter-sac/adapter-sac-type-c-pd-20w-xmobile-a829-trang,Adapter Charger,Xmobile
Sạc Xmobile TCE20W,240000.0,300000.0,20,46,,https://www.thegioididong.com/adapter-sac/adapter-sac-type-c-pd-20w-xmobile-tce20w-trang,Adapter Charger,Xmobile
Sạc Xmobile TC20P,240000.0,300000.0,20,71,,https://www.thegioididong.com/adapter-sac/adapter-sac-type-c-pd-20w-xmobile-tc20p-hong,Adapter Charger,Xmobile
Sạc Xmobile DS230,280000.0,400000.0,30,31,,https://www.thegioididong.com/adapter-sac/adapter-sac-type-c-pd-gan-30w-xmobile-ds230-trang,Adapter Charger,Xmobile
Sạc Xmobile CS-TC041,240000.0,300000.0,20,82,,https://www.thegioididong.com/adapter-sac/adapter-sac-type-c-pd-20w-xmobile-cs-tc041-trang,Adapter Charger,Xmobile
Sạc 2 cổng Xmobile DS702,150000.0,250000.0,40,46,,https://www.thegioididong.com/adapter-sac/adapter-sac-24a-dual-xmobile-ds702-trang,Adapter Charger,Xmobile
Sạc xe hơi 3 cổng Xmobile SN-156,315000.0,450000.0,30,51,,https://www.thegioididong.com/adapter-sac/sac-xe-hoi-3-cong-20w-xmobile-sn-156-den-xam,Adapter Charger,Xmobile
Sạc xe hơi 2 cổng Xmobile SN-455,315000.0,450000.0,30,27,,https://www.thegioididong.com/adapter-sac/sac-xe-hoi-2-cong-usb-type-c-pd-qc-30-20w-xmobile-sn-455-bac-den,Adapter Charger,Xmobile
Sạc 2 cổng Xmobile MFR65,630000.0,700000.0,10,41,,https://www.thegioididong.com/adapter-sac/adapter-2-cong-pd-qc-30-gan-65w-xmobile-mfr65,Adapter Charger,Xmobile
Sạc 2 cổng Xmobile MFK3A,260000.0,290000.0,10,33,,https://www.thegioididong.com/adapter-sac/adapter-sac-2-cong-usb-type-c-15w-xmobile-mfk3a,Adapter Charger,Xmobile
Sạc xe hơi 2 cổng Xmobile SN-177,200000.0,290000.0,30,61,,https://www.thegioididong.com/adapter-sac/sac-xe-hoi-2-cong-24a-xmobile-sn-177-den,Adapter Charger,Xmobile
Sạc 2 cổng Xmobile TC20QP,400000.0,400000.0,0,101,,https://www.thegioididong.com/adapter-sac/adapter-sac-2-cong-type-c-pd-qc30-20w-xmobile-tc20qp-trang,Adapter Charger,Xmobile
Sạc Xmobile MFM30,280000.0,400000.0,30,78,,https://www.thegioididong.com/adapter-sac/adapter-sac-type-c-pd-gan-30w-xmobile-mfm30-trang,Adapter Charger,Xmobile
Adapter chuyển đổi Type C 4 in 1 Xmobile DS122F,620000.0,690000.0,10,39,,https://www.thegioididong.com/adapter-sac/adapter-chuyen-doi-type-c-4-in-1-xmobile-ds122f,Adapter Charger,Xmobile
Sạc Xmobile TC20B,240000.0,300000.0,20,36,,https://www.thegioididong.com/adapter-sac/adapter-sac-type-c-pd-20w-xmobile-tc20b-xanh-navy,Adapter Charger,Xmobile
Sạc Xmobile TC20W,240000.0,300000.0,20,72,,https://www.thegioididong.com/adapter-sac/sac-xmobile-tc20w,Adapter Charger,Xmobile
Sạc 2 cổng Xmobile DS165X,230000.0,290000.0,20,63,,https://www.thegioididong.com/adapter-sac/adapter-sac-2-cong-usb-type-c-3a-xmobile-ds165x,Adapter Charger,Xmobile
Sạc 2 cổng Xmobile DS714,400000.0,400000.0,0,34,,https://www.thegioididong.com/adapter-sac/adapter-2-cong-type-c-pd-18w-xmobile-ds714,Adapter Charger,Xmobile
Sạc 2 cổng Xmobile DS165-NB,170000.0,290000.0,40,24,,https://www.thegioididong.com/adapter-sac/adapter-2-cong-usb-type-c-3a-xmobile-ds165-nb-navy,Adapter Charger,Xmobile
Sạc 2 cổng Xmobile DS730-DB,150000.0,250000.0,40,66,,https://www.thegioididong.com/adapter-sac/adapter-sac-34a-dual-xmobile-ds730-db,Adapter Charger,Xmobile
Adapter Bluetooth Xmobile BT14,195000.0,390000.0,50,60,,https://www.thegioididong.com/adapter-sac/adapter-bluetooth-xmobile-bt14-den,Adapter Charger,Xmobile
Sạc xe hơi 3 cổng Xmobile SN-155,280000.0,400000.0,30,16,,https://www.thegioididong.com/adapter-sac/sac-xe-hoi-3-cong-type-c-qc-30-xmobile-sn-155-den,Adapter Charger,Xmobile
Đế sạc không dây Xmobile TS-C106W-B,100000.0,450000.0,77,88,,https://www.thegioididong.com/adapter-sac/de-sac-khong-day-qi-10w-xmobile-ts-c106w-b-den,Adapter Charger,Xmobile
Sạc 4 cổng Xmobile DS931-WB,225000.0,450000.0,50,15,,https://www.thegioididong.com/adapter-sac/adapter-sac-4-cong-usb-type-c-48a-xmobile-ds931-wb,Adapter Charger,Xmobile
Sạc 2 cổng Xmobile DS476,150000.0,250000.0,40,45,,https://www.thegioididong.com/adapter-sac/adapter-sac-2-cong-34a-xmobile-ds476-trang,Adapter Charger,Xmobile
Sạc xe hơi 2 cổng Xmobile TS-C063S,200000.0,290000.0,30,50,,https://www.thegioididong.com/adapter-sac/sac-xe-hoi-xmobile-dual-usb-ts-c063s-xam,Adapter Charger,Xmobile
Sạc dây Xmobile TS-C079S,60000.0,120000.0,50,22,,https://www.thegioididong.com/adapter-sac/sac-day-xmobile-micro-ts-c079s-trang,Adapter Charger,Xmobile
Sạc dây Xmobile DS199-WB,75000.0,150000.0,50,9,,https://www.thegioididong.com/adapter-sac/sac-day-type-c-1a-1m-xmobile-ds199-wb,Adapter Charger,Xmobile
Sạc AVA+ JC20,175000.0,220000.0,20,61,,https://www.thegioididong.com/adapter-sac/24a-dual-ava-jc20-trang,Adapter Charger,Ava Plus
Sạc AVA+ CS-TC021,170000.0,170000.0,0,118,,https://www.thegioididong.com/adapter-sac/adapter-sac-usb-24a-ava-cs-tc021-trang,Adapter Charger,Ava Plus
Sạc 2 Cổng AVA+ TCED2,175000.0,220000.0,20,50,,https://www.thegioididong.com/adapter-sac/adapter-sac-usb-12w-ava-tced2-trang,Adapter Charger,Ava Plus
Sạc AVA+ TCES1,170000.0,170000.0,0,170,,https://www.thegioididong.com/adapter-sac/adapter-sac-usb-12w-ava-tces1-trang,Adapter Charger,Ava Plus
Sạc 2 cổng AVA+ DS020B,175000.0,220000.0,20,43,,https://www.thegioididong.com/adapter-sac/24a-dual-ava-ds020b-tb,Adapter Charger,Ava Plus
Sạc AVA+ DS016-BG,70000.0,120000.0,40,48,,https://www.thegioididong.com/adapter-sac/adapter-sac-usb-5w-ava-ds016-bg,Adapter Charger,Ava Plus
Sạc AVA+ ASUC01,170000.0,170000.0,0,122,,https://www.thegioididong.com/adapter-sac/adapter-sac-usb-12w-ava-asuc01,Adapter Charger,Ava Plus
Sạc AVA+ DS017A-TB,170000.0,170000.0,0,53,,https://www.thegioididong.com/adapter-sac/adapter-sac-usb-105w-ava-ds017a-tb,Adapter Charger,Ava Plus
Sạc 2 cổng AVA U215A,50000.0,170000.0,70,79,,https://www.thegioididong.com/adapter-sac/adapter-sac-21a-dual-ava-u215a-trang,Adapter Charger,Ava
Sạc AVA DS432X,20000.0,70000.0,71,71,,https://www.thegioididong.com/adapter-sac/adapter-sac-1a-ava-ds432x,Adapter Charger,Ava
Sạc 2 cổng AVA JC78A,50000.0,170000.0,70,48,,https://www.thegioididong.com/adapter-sac/adapter-sac-24a-dual-ava-jc78a-trang,Adapter Charger,Ava
Sạc 2 cổng AVA ACL168A,50000.0,170000.0,70,25,,https://www.thegioididong.com/adapter-sac/adapter-sac-24a-dual-ava-acl168a-trang,Adapter Charger,Ava
Sạc AVA JC62A,20000.0,70000.0,71,26,,https://www.thegioididong.com/adapter-sac/adapter-sac-1a-ava-jc62a-trang,Adapter Charger,Ava
Sạc 2 cổng AVA JC78,50000.0,150000.0,66,23,,https://www.thegioididong.com/adapter-sac/adapter-sac-24a-dual-ava-jc78-trang,Adapter Charger,Ava
Sạc AVA DS498-TB,50000.0,120000.0,58,46,,https://www.thegioididong.com/adapter-sac/adapter-sac-2a-ava-ds498-tb-trang,Adapter Charger,Ava
Sạc không dây xe hơi AVA WXC08-A,50000.0,290000.0,82,27,,https://www.thegioididong.com/adapter-sac/sac-khong-day-xe-hoi-1a-ava-wxc08-a-den,Adapter Charger,Ava
Sạc 2 cổng AVA U215,50000.0,150000.0,66,24,,https://www.thegioididong.com/adapter-sac/adapter-sac-21a-dual-ava-u215-trang,Adapter Charger,Ava
Sạc AVA DS433-WB,50000.0,120000.0,58,56,,https://www.thegioididong.com/adapter-sac/adapter-sac-21a-ava-ds433-wb-trang,Adapter Charger,Ava
Sạc AVA JC62,20000.0,70000.0,71,34,,https://www.thegioididong.com/adapter-sac/adapter-sac-1a-ava-jc62,Adapter Charger,Ava
Sạc AVA DS432,20000.0,70000.0,71,42,,https://www.thegioididong.com/adapter-sac/adapter-sac-1a-ava-ds432,Adapter Charger,Ava
Sạc OPPO VC56JAUH,515000.0,740000.0,30,20,,https://www.thegioididong.com/adapter-sac/vooc-30w-oppo-vc56jauh,Adapter Charger,Oppo
Sạc OPPO VCA7JAUH,685000.0,980000.0,30,38,,https://www.thegioididong.com/adapter-sac/supervooc-65w-oppo-vca7jauh,Adapter Charger,Oppo
Sạc OPPO OP92KAUH,340000.0,490000.0,30,23,,https://www.thegioididong.com/adapter-sac/18w-oppo-op92kauh,Adapter Charger,Oppo
Sạc Belkin WCA004,340000.0,490000.0,30,40,,https://www.thegioididong.com/adapter-sac/type-c-pd-25w-belkin-wca004,Adapter Charger,Belkin
Sạc Belkin WCA003,325000.0,470000.0,30,18,,https://www.thegioididong.com/adapter-sac/adapter-sac-type-c-pd-20w-belkin-wca003-trang,Adapter Charger,Belkin
Adapter chuyển đổi Type C 6 in 1 Belkin F4U092,2160000.0,2700000.0,20,3,,https://www.thegioididong.com/adapter-sac/adapter-chuyen-doi-type-c-6-in-1-belkin-f4u092-xam,Adapter Charger,Belkin
Sạc xe hơi 2 cổng Belkin CCB001,440000.0,550000.0,20,0,,https://www.thegioididong.com/adapter-sac/sac-xe-hoi-2-cong-24a-belkin-ccb001-den,Adapter Charger,Belkin
Adapter chuyển đổi Type C 5 in 1 Belkin AVC004,1430000.0,1790000.0,20,8,,https://www.thegioididong.com/adapter-sac/adapter-chuyen-doi-type-c-5-in-1-belkin-avc004-den,Adapter Charger,Belkin
Adapter chuyển đổi Type C 2 in 1 Belkin INC001,590000.0,990000.0,40,6,,https://www.thegioididong.com/adapter-sac/adapter-chuyen-type-c-ethernet-belkin-inc001,Adapter Charger,Belkin
Sạc Belkin GaN WCH009,315000.0,630000.0,50,8,,https://www.thegioididong.com/adapter-sac/adapter-sac-type-c-pd-20w-belkin-wch009-trang,Adapter Charger,Belkin
Sạc Belkin WCA002,275000.0,395000.0,30,8,,https://www.thegioididong.com/adapter-sac/adapter-sac-12w-belkin-wca002-trang,Adapter Charger,Belkin
Đế sạc không dây AUKEY LC-C6,,,0,11,,https://www.thegioididong.com/adapter-sac/sac-khong-day-qi-qc-30-aukey-lc-c6-den,Adapter Charger,Aukey
Sạc 2 cổng AUKEY PA-U50,195000.0,390000.0,50,12,,https://www.thegioididong.com/adapter-sac/adapter-sac-48a-dual-aukey-pa-u50-den,Adapter Charger,Aukey
Đế sạc không dây Mbest AC63F3,100000.0,350000.0,71,34,,https://www.thegioididong.com/adapter-sac/sac-khong-day-qi-10w-mbest-ac63f3-den,Adapter Charger,Mbest
Sạc xe hơi 2 cổng Mbest DC33N00,245000.0,350000.0,30,12,,https://www.thegioididong.com/adapter-sac/sac-xe-hoi-2-cong-3a-qualcomm-mbest-dc33n00-den,Adapter Charger,Mbest
Sạc Mbest DS136S,150000.0,300000.0,50,41,,https://www.thegioididong.com/adapter-sac/adapter-sac-3a-qualcomm-30-mbest-ds136s-trang,Adapter Charger,Mbest
Sạc Mophie,135000.0,250000.0,45,45,,https://www.thegioididong.com/adapter-sac/adapter-sac-10w-mophie,Adapter Charger,Mophie
Adapter chuyển đổi Type C - HDMI VCOM CU423M,225000.0,450000.0,50,18,,https://www.thegioididong.com/adapter-sac/adapter-chuyen-doi-usb-c-hdmi-vcom-cu423m-xam,Adapter Charger,Vcom
Adapter chuyển đổi Type C 8 in 1 Philips SWR1605D,1130000.0,1890000.0,40,3,,https://www.thegioididong.com/adapter-sac/adapter-chuyen-doi-usb-c-8-in-1-philips-swr1605d-d,Adapter Charger,Philips
Sạc Hydrus UL160,240000.0,300000.0,20,41,,https://www.thegioididong.com/adapter-sac/adapter-sac-type-c-pd-20w-hydrus-ul160,Adapter Charger,Hydrus
Sạc 2 cổng Hydrus MFZ20QP,400000.0,400000.0,0,47,,https://www.thegioididong.com/adapter-sac/adapter-sac-2-cong-type-c-pd-qc-30-20w-hydrus-mfz20qp-xanh-mint,Adapter Charger,Hydrus
Sạc Hydrus CS-TC027,70000.0,120000.0,40,21,,https://www.thegioididong.com/adapter-sac/adapter-sac-1a-hydrus-cs-tc027-trang,Adapter Charger,Hydrus
Sạc 2 cổng Hydrus ACL2018,195000.0,220000.0,10,22,,https://www.thegioididong.com/adapter-sac/adapter-sac-usb-hydrus-acl2018,Adapter Charger,Hydrus
Sạc dây đầu tròn 1.2m eValu LDTA-02,50000.0,50000.0,0,52,,https://www.thegioididong.com/adapter-sac/adapter-sac-day-dau-tron-12m-5w-evalu-ldta-02,Adapter Charger,Evalu
