product_name,current_price,price,percent_discount,rating,series,link,genre_name,brand_name
Anker PowerCore Slim 12W A1229,630000,800000,21,25,,https://www.thegioididong.com/sac-dtdd/pin-du-phong-10000mah-type-c-anker-powercore-a1229,Backup Charger,Anker
Anker PowerCore Essential 20W A1287,1280000,1600000,20,46,,https://www.thegioididong.com/sac-dtdd/pin-polymer-20000mah-type-c-pd-20w-anker-a1287,Backup Charger,Anker
Xmobile 20W Y73,800000,800000,0,0,,https://www.thegioididong.com/sac-dtdd/pin-sac-du-phong-10000mah-type-c-pd-qc3-0-20w-xmobile-y73,Backup Charger,Xmobile
Xmobile 15W PW37Y5B,420000,600000,30,87,,https://www.thegioididong.com/sac-dtdd/sac-du-phong-polymer-10000mah-c-xmobile-pw37y5b,Backup Charger,Xmobile
Xmobile PowerBox 18W P69D,900000,1000000,10,253,,https://www.thegioididong.com/sac-dtdd/sac-du-phong-polymer-20000mah-type-c-xmobile-p69d,Backup Charger,Xmobile
Xmobile PowerLite 20W P181P,855000,950000,10,57,,https://www.thegioididong.com/sac-dtdd/pin-polymer-10000mah-khong-day-magnetic-type-c-xmobile-powerlite-p181p,Backup Charger,Xmobile
Xmobile PowerSlim 18W PJ JP213,675000,750000,10,220,,https://www.thegioididong.com/sac-dtdd/sac-du-phong-10000mah-type-c-powerslim-jp213,Backup Charger,Xmobile
Xmobile PowerBox+ 20W JP218,990000,1100000,10,63,,https://www.thegioididong.com/sac-dtdd/sac-phong-polymer-20000mah-type-c-pd-qc3-0-20w-xmobile-powerbox-jp218,Backup Charger,Xmobile
Pin sạc dự phòng Polymer 5000mAh Không dây Magnetic Type C PD 20W Xmobile DS611,850000,850000,0,0,,https://www.thegioididong.com/sac-dtdd/sac-du-phong-polymer-5000mah-khong-day-magnetic-type-c-pd-20w-xmobile-ds611,Backup Charger,Xmobile
Xmobile PowerBox 18W P72D,720000,900000,20,105,,https://www.thegioididong.com/sac-dtdd/sac-du-phong-polymer-15000mah-type-c-xmobile-p72d,Backup Charger,Xmobile
Xmobile 18W P68D,525000,750000,30,137,,https://www.thegioididong.com/sac-dtdd/sac-du-phong-polymer-10000mah-qc30-xmobile-p68d,Backup Charger,Xmobile
Xmobile 12W PJ JP190ST,520000,650000,20,84,,https://www.thegioididong.com/sac-dtdd/sac-du-phong-10000mah-type-c-xmobile-pj-jp190st,Backup Charger,Xmobile
Xmobile 18W P66D,640000,800000,20,177,,https://www.thegioididong.com/sac-dtdd/sac-du-phong-polymer-10000mah-type-c-p66d-xam,Backup Charger,Xmobile
Xmobile 10.5W LA Y615N,470000,790000,40,166,,https://www.thegioididong.com/sac-dtdd/pin-sac-du-phong-15000mah-xmobile-la-y615n,Backup Charger,Xmobile
Xmobile 10W LJ JP90S,560000,700000,20,179,,https://www.thegioididong.com/sac-dtdd/10000mah-lightning-xmobile-lj-jp90s-nhom-xam,Backup Charger,Xmobile
Samsung 25W EB-P3400,710000,990000,28,18,,https://www.thegioididong.com/sac-dtdd/pin-sac-du-phong-10000mah-type-c-pd-samsung-eb-p3400,Backup Charger,Samsung
Samsung 25W EB-P3300,630000,990000,36,78,,https://www.thegioididong.com/sac-dtdd/polymer-10000mah-type-c-25w-samsung-eb-p3300,Backup Charger,Samsung
Samsung 25W EB-P5300,965000,1490000,35,116,,https://www.thegioididong.com/sac-dtdd/polymer-20000mah-type-c-25w-samsung-eb-p5300,Backup Charger,Samsung
AVA+ 10.5W LA Y68,135000,170000,20,179,,https://www.thegioididong.com/sac-dtdd/ava-plus-la-y68,Backup Charger,Ava Plus
AVA+ 12W PJ JP192,250000,500000,50,253,,https://www.thegioididong.com/sac-dtdd/ava-pj-jp192,Backup Charger,Ava Plus
AVA+ 15W DS2107,300000,600000,50,154,,https://www.thegioididong.com/sac-dtdd/pin-polymer-10000mah-type-c-ava-ds2107,Backup Charger,Ava Plus
AVA+ 10W LJ JP199,135000,170000,20,176,,https://www.thegioididong.com/sac-dtdd/ava-lj-jp199,Backup Charger,Ava Plus
AVA+ 10.5W DS006,250000,500000,50,125,,https://www.thegioididong.com/sac-dtdd/pin-polymer-10000mah-ava-ds006,Backup Charger,Ava Plus
AVA+ 10W JP208,250000,500000,50,238,,https://www.thegioididong.com/sac-dtdd/pin-polymer-10000mah-ava-plus-jp208,Backup Charger,Ava Plus
Pin sạc dự phòng Polymer 10000mAh 12W AVA+ DS609A,500000,500000,0,0,,https://www.thegioididong.com/sac-dtdd/pin-sac-du-phong-polymer-10000mah-12w-ava-ds609a,Backup Charger,Ava Plus
AVA+ 10W PB100S,300000,600000,50,124,,https://www.thegioididong.com/sac-dtdd/pin-polymer-10000mah-type-c-ava-pb100s,Backup Charger,Ava Plus
AVA+ 12W PJ JP260,300000,600000,50,247,,https://www.thegioididong.com/sac-dtdd/pin-polymer-10000mah-type-c-ava-pj-jp260,Backup Charger,Ava Plus
AVA+ 10W DS005-PP,135000,170000,20,174,,https://www.thegioididong.com/sac-dtdd/ava-plus-ds005-pp,Backup Charger,Ava Plus
AVA PJ JP196,450000,450000,0,89,,https://www.thegioididong.com/sac-dtdd/pin-sac-du-phong-polymer-10000mah-ava-pj-jp196-den,Backup Charger,Ava
Belkin Pocket Power 15W BPB011,550000,790000,30,12,,https://www.thegioididong.com/sac-dtdd/pin-du-phong-polymer-10000-mah-type-c-15w-pd-belkin-pocket-power-bpb011,Backup Charger,Belkin
Belkin Pocket Power 18W BPB001,570000,950000,40,16,,https://www.thegioididong.com/sac-dtdd/pin-polymer-10000-mah-type-c-18w-pd-belkin-bpb001,Backup Charger,Belkin
Belkin Pocket Power 15W BPB011,470000,790000,40,11,,https://www.thegioididong.com/sac-dtdd/pin-polymer-10000-type-c-15w-belkin-pocket-power,Backup Charger,Belkin
eSaver 10W PJ JP106S,360000,600000,40,291,,https://www.thegioididong.com/sac-dtdd/polymer-10000-mah-type-c-esaver-pj-jp106s,Backup Charger,Esaver
eSaver PJ JP188,600000,600000,0,46,,https://www.thegioididong.com/sac-dtdd/pin-sac-du-phong-polymer-10000mah-lightning-jp188,Backup Charger,Esaver
eValu 12W PJ JP189SL,300000,600000,50,112,,https://www.thegioididong.com/sac-dtdd/sac-du-phong-10000mah-lightning-evalu-pj-jp189sl,Backup Charger,Evalu
Hydrus 20W PB299S,675000,750000,10,72,,https://www.thegioididong.com/sac-dtdd/pin-10000mah-type-c-pd-qc30-20w-hydrus-pb299s,Backup Charger,Hydrus
Hydrus 10.5W PA CK01,225000,500000,55,76,,https://www.thegioididong.com/sac-dtdd/pin-polymer-10000-mah-hydrus-pa-ck01,Backup Charger,Hydrus
Hydrus 10W PJ JP196,225000,500000,55,39,,https://www.thegioididong.com/sac-dtdd/hydrus-pj-jp196,Backup Charger,Hydrus
Energizer 18W UE10047PQ,510000,850000,40,61,,https://www.thegioididong.com/sac-dtdd/sac-du-phong-10000mah-type-c-energizer-ue10047pq,Backup Charger,Energizer
Energizer Báo Xám 15W QE10000GY,540000,900000,40,25,,https://www.thegioididong.com/sac-dtdd/pin-du-phong-c-wireless-energizer-qc10000gy-xam,Backup Charger,Energizer
Energizer Chiến Binh II 10.5W UE10046,330000,550000,40,88,,https://www.thegioididong.com/sac-dtdd/pin-du-phong-polymer-10000mah-energizer-ue10046-xa,Backup Charger,Energizer
OPPO 18W PBT02,685000,980000,30,20,,https://www.thegioididong.com/sac-dtdd/oppo-pbt02,Backup Charger,Oppo
Mbest 18W DS506-WB,525000,750000,30,99,,https://www.thegioididong.com/sac-dtdd/pin-sac-du-phong-polymer-10000mah-type-c-pd-qc30-m,Backup Charger,Mbest
