product_name,current_price,price,percent_discount,rating,series,link,genre_name,brand_name
Cáp Type C - Lightning 1m Apple MM0A3,490000.0,590000.0,16,164,,https://www.thegioididong.com/cap-dien-thoai/cap-type-c-lightning-1m-apple-mm0a3-trang,Cables,Apple
Cáp Type C - Lightning 2m Apple MQGH2,990000.0,990000.0,0,7,,https://www.thegioididong.com/cap-dien-thoai/cap-type-c-lightning-2m-apple-mqgh2-trang,Cables,Apple
Cáp Type C - Type C 2m Apple MLL82,620000.0,690000.0,10,22,,https://www.thegioididong.com/cap-dien-thoai/cap-type-c-type-c-2m-apple-mll82-trang,Cables,Apple
Cáp chuyển đổi Lightning - 3.5mm Apple MMX62,270000.0,300000.0,10,118,,https://www.thegioididong.com/cap-dien-thoai/cap-chuyen-doi-lightning-sang-35mm-mmx62,Cables,Apple
Cáp chuyển đổi USB-C sang VGA Multiport Apple MJ1L2,2070000.0,2590000.0,20,0,,https://www.thegioididong.com/cap-dien-thoai/cap-chuyen-usb-c-sang-vga-multiport-apple-mj1l2,Cables,Apple
Cáp chuyển đổi Thunderbolt 3 (USB-C) sang Thunderbolt 2 Apple MMEL2,1350000.0,1690000.0,20,4,,https://www.thegioididong.com/cap-dien-thoai/cap-thunderbolt-3-usb-c-thunderbolt-2-apple-mmel2,Cables,Apple
Cáp Lightning 1m Apple MXLY2,385000.0,550000.0,30,80,,https://www.thegioididong.com/cap-dien-thoai/cap-lightning-1m-apple-mxly2,Cables,Apple
Cáp Type C - Type C 1m Apple MUF72,530000.0,590000.0,10,20,,https://www.thegioididong.com/cap-dien-thoai/cap-type-c-type-c-1m-apple-muf72-trang,Cables,Apple
Cáp Type-C - Type-C 0.8m Apple MQ4H2,1030000.0,1290000.0,20,3,,https://www.thegioididong.com/cap-dien-thoai/cap-type-c-type-c-80cm-apple-mq4h2,Cables,Apple
Cáp Thunderbolt 2m Apple MD861,1070000.0,1190000.0,10,0,,https://www.thegioididong.com/cap-dien-thoai/cap-type-c-thunderbolt-2m-apple-md861-trang,Cables,Apple
Cáp Lightning 2m Apple MD819,525000.0,750000.0,30,14,,https://www.thegioididong.com/cap-dien-thoai/cap-lightning-2m-apple-md819-trang,Cables,Apple
Cáp Lightning MFI 0.9m Anker Select+ A8012,250000.0,360000.0,30,38,,https://www.thegioididong.com/cap-dien-thoai/cap-lightning-mfi-09m-anker-a8012,Cables,Anker
Cáp Micro USB 0.9m Anker PowerLine A8132,90000.0,100000.0,10,72,,https://www.thegioididong.com/cap-dien-thoai/cap-micro-09m-anker-a8132,Cables,Anker
Cáp Type C - Type C 0.9m Anker PowerLine III A8852,250000.0,250000.0,0,28,,https://www.thegioididong.com/cap-dien-thoai/cap-type-c-type-c-anker-powerline-iii-a8852,Cables,Anker
Cáp Lightning MFI 0.9m Anker PowerLine+ II A8452,385000.0,430000.0,10,7,,https://www.thegioididong.com/cap-dien-thoai/cap-lightning-mfi-09m-anker-powerline-ii-a8452,Cables,Anker
Cáp Lightning MFI 0.9m Anker Powerline II A8432,245000.0,330000.0,25,9,,https://www.thegioididong.com/cap-dien-thoai/cap-lightning-mfi-09m-anker-powerline-ii-a8432,Cables,Anker
Cáp Type C 0.9m Anker PowerLine+ A8168,350000.0,350000.0,0,7,,https://www.thegioididong.com/cap-dien-thoai/cap-type-c-09m-anker-a8168-xam,Cables,Anker
Cáp Micro USB 0.9m Anker PowerLine+ A8142,200000.0,200000.0,0,13,,https://www.thegioididong.com/cap-dien-thoai/cap-micro-usb-09m-anker-a8142,Cables,Anker
Cáp Type C - Type C 0.9m Anker PowerLine+ A8187,350000.0,350000.0,0,10,,https://www.thegioididong.com/cap-dien-thoai/cap-type-c-type-c-09m-anker-a8187-xam,Cables,Anker
Cáp Type C - Type C 1m Xmobile DS101,220000.0,220000.0,0,42,,https://www.thegioididong.com/cap-dien-thoai/cap-type-c-type-c-1m-xmobile-ds101,Cables,Xmobile
Cáp Type C - Type C 2m Xmobile DR-T08,220000.0,220000.0,0,38,,https://www.thegioididong.com/cap-dien-thoai/cap-type-c-type-c-2m-xmobile-dr-t08,Cables,Xmobile
Cáp Type C 1m Xmobile CN035,190000.0,190000.0,0,61,,https://www.thegioididong.com/cap-dien-thoai/cap-type-c-1m-xmobile-cn035-xanh,Cables,Xmobile
Cáp Type C - Lightning 0.2m Xmobile CN036,120000.0,120000.0,0,33,,https://www.thegioididong.com/cap-dien-thoai/cap-type-c-lightning-20cm-xmobile-cn036,Cables,Xmobile
Cáp Type C - Lightning 2m Xmobile L2145,220000.0,220000.0,0,32,,https://www.thegioididong.com/cap-dien-thoai/cap-type-c-lightning-2m-xmobile-l2145,Cables,Xmobile
Cáp Type C - Lightning 1m Xmobile L2145,220000.0,220000.0,0,52,,https://www.thegioididong.com/cap-dien-thoai/cap-type-c-lightning-1m-xmobile-l2145,Cables,Xmobile
Cáp Type C 2m Xmobile DR-T07,190000.0,190000.0,0,37,,https://www.thegioididong.com/cap-dien-thoai/cap-type-c-2m-xmobile-dr-t07,Cables,Xmobile
Cáp Type C - Type C 1m Xmobile DR-T06,220000.0,220000.0,0,85,,https://www.thegioididong.com/cap-dien-thoai/cap-type-c-type-c-1m-xmobile-dr-t06,Cables,Xmobile
Cáp Type C 1m Xmobile CN033,190000.0,190000.0,0,60,,https://www.thegioididong.com/cap-dien-thoai/cap-type-c-1m-xmobile-cn033,Cables,Xmobile
Cáp Type C - Type C 2m Xmobile TCS2000,240000.0,300000.0,20,19,,https://www.thegioididong.com/cap-dien-thoai/cap-type-c-type-c-2m-xmobile-tcs2000,Cables,Xmobile
Cáp Type C - Lightning 1m Xmobile LPDC-21,220000.0,220000.0,0,89,,https://www.thegioididong.com/cap-dien-thoai/cap-type-c-lightning-xmobile-lpdc-21,Cables,Xmobile
Cáp Micro USB 2m Xmobile DR-M03,80000.0,100000.0,20,116,,https://www.thegioididong.com/cap-dien-thoai/cap-micro-2m-xmobile-dr-m03,Cables,Xmobile
Cáp Micro USB 1m Xmobile DR-M02,100000.0,100000.0,0,150,,https://www.thegioididong.com/cap-dien-thoai/cap-micro-1m-xmobile-dr-m02,Cables,Xmobile
Cáp Type C 1m Xmobile DS09CP-WB,190000.0,190000.0,0,48,,https://www.thegioididong.com/cap-dien-thoai/cap-type-c-1m-xmobile-ds09cp-wb,Cables,Xmobile
Cáp Type C 0.2m Xmobile TC200B,80000.0,100000.0,20,61,,https://www.thegioididong.com/cap-dien-thoai/cap-type-c-20cm-xmobile-tc200b,Cables,Xmobile
Cáp Lightning 0.2m Xmobile DR-L06,100000.0,100000.0,0,37,,https://www.thegioididong.com/cap-dien-thoai/cap-lightning-20cm-xmobile-dr-l06-den,Cables,Xmobile
Cáp Lightning 0.2m Xmobile LJET-L11,100000.0,100000.0,0,65,,https://www.thegioididong.com/cap-dien-thoai/cap-lightning-xmobile-ljet-l11,Cables,Xmobile
Cáp Micro USB 1m Xmobile LTM-02,100000.0,100000.0,0,293,,https://www.thegioididong.com/cap-dien-thoai/cap-micro-1m-xmobile-ltm-02-xanh-reu,Cables,Xmobile
Cáp 3 đầu Lightning Type C Micro 1m Xmobile DR002,220000.0,220000.0,0,87,,https://www.thegioididong.com/cap-dien-thoai/cap-3-dau-lightning-type-c-micro-1m-xmobile-dr002,Cables,Xmobile
Cáp Type C 2m Xmobile FD-L01,150000.0,190000.0,20,130,,https://www.thegioididong.com/cap-dien-thoai/cap-type-c-2m-xmobile-fd-l01-den,Cables,Xmobile
Cáp Lightning 1m Xmobile AL31-1000,190000.0,190000.0,0,108,,https://www.thegioididong.com/cap-dien-thoai/cap-lightning-1m-xmobile-al31-1000,Cables,Xmobile
Cáp Type C 1m Xmobile TC27-1000,190000.0,190000.0,0,98,,https://www.thegioididong.com/cap-dien-thoai/cap-type-c-1m-xmobile-tc27-1000-trang,Cables,Xmobile
Cáp Lightning 1m Xmobile DR-L001X,190000.0,190000.0,0,120,,https://www.thegioididong.com/cap-dien-thoai/cap-lightning-1m-xmobile-dr-l001x-do-den,Cables,Xmobile
Cáp Type C - Type C 0.2m Xmobile TCC04-200,80000.0,120000.0,30,85,,https://www.thegioididong.com/cap-dien-thoai/cap-type-c-type-c-20cm-xmobile-tcc04-200,Cables,Xmobile
Cáp chuyển đổi 2 cổng lightning - 3.5mm Âm Xmobile TS-E123,150000.0,300000.0,50,72,,https://www.thegioididong.com/cap-dien-thoai/cap-chuyen-doi-2-cong-lightning-sang-35mm-xmobile,Cables,Xmobile
Cáp Lightning 1m Xmobile LTL-01X,190000.0,190000.0,0,282,,https://www.thegioididong.com/cap-dien-thoai/cap-lightning-1m-xmobile-ltl-01x-xanh-reu,Cables,Xmobile
Cáp Micro USB 1m Xmobile Paladin,100000.0,100000.0,0,3,,https://www.thegioididong.com/cap-dien-thoai/cap-micro-1-m-xmobile-paladin-xam,Cables,Xmobile
Cáp Type C - Lightning 2m Xmobile CL-PD01-2000,220000.0,220000.0,0,75,,https://www.thegioididong.com/cap-dien-thoai/cap-type-c-lightning-2m-xmobile-cl-pd01-2000-den,Cables,Xmobile
Cáp Type C - Lightning 1m Xmobile CL-PD01-1000,220000.0,220000.0,0,37,,https://www.thegioididong.com/cap-dien-thoai/cap-type-c-lightning-1m-xmobile-cl-pd01-1000-den,Cables,Xmobile
Cáp Type C - Lightning 1m Xmobile LPDC-05,220000.0,220000.0,0,78,,https://www.thegioididong.com/cap-dien-thoai/cap-type-c-lightning-1m-xmobile-lpdc-05-trang,Cables,Xmobile
Cáp Type C - Lightning 0.2m Xmobile L10,120000.0,120000.0,0,56,,https://www.thegioididong.com/cap-dien-thoai/cap-type-c-lightning-20cm-xmobile-l10-trang,Cables,Xmobile
Cáp Type C 1m Xmobile MU09-1000X,150000.0,150000.0,0,5,,https://www.thegioididong.com/cap-dien-thoai/cap-type-c-1m-xmobile-mu09-1000x-trang,Cables,Xmobile
Cáp Micro USB 1m Xmobile Paladin,100000.0,100000.0,0,20,,https://www.thegioididong.com/cap-dien-thoai/cap-micro-1m-xmobile-paladin-bac,Cables,Xmobile
Cáp Micro USB 2m Xmobile LTMP-2006,80000.0,100000.0,20,77,,https://www.thegioididong.com/cap-dien-thoai/cap-micro-2m-xmobile-ltmp-2006-xanh-navy,Cables,Xmobile
Cáp âm thanh 3.5mm 1.2m Xmobile DS036TB,60000.0,100000.0,40,47,,https://www.thegioididong.com/cap-dien-thoai/cap-35mm-tren-xe-hoi-1m-xmobile-ds036tb-den-vang,Cables,Xmobile
Cáp Micro USB Xmobile MU03,40000.0,40000.0,0,5,,https://www.thegioididong.com/cap-dien-thoai/cap-micro-usb-20cm-x-mobile-mu03,Cables,Xmobile
Cáp Lightning 2m AVA+ LJET-L21,150000.0,190000.0,20,53,,https://www.thegioididong.com/cap-dien-thoai/cap-lightning-2m-ava-ljet-l21,Cables,Ava Plus
Cáp Micro USB 0.2m AVA+ LJET-M01,35000.0,70000.0,50,44,,https://www.thegioididong.com/cap-dien-thoai/cap-micro-ava-ljet-m01,Cables,Ava Plus
Cáp Type C 0.2m AVA+ DR-T03,90000.0,100000.0,10,9,,https://www.thegioididong.com/cap-dien-thoai/cap-type-c-0-2m-ava-dr-t03-xam,Cables,Ava Plus
Cáp Lightning 0.2m AVA+ CN034,90000.0,100000.0,10,56,,https://www.thegioididong.com/cap-dien-thoai/cap-lightning-20cm-ava-cn034,Cables,Ava Plus
Cáp Type C 0.2m AVA+ DR-T03,80000.0,100000.0,20,51,,https://www.thegioididong.com/cap-dien-thoai/cap-type-c-20cm-ava-dr-t03,Cables,Ava Plus
Cáp Mirco USB 0.2m AVA+ HKU601,35000.0,70000.0,50,35,,https://www.thegioididong.com/cap-dien-thoai/cap-mirco-20cm-ava-hku601,Cables,Ava Plus
Cáp Type C 2m AVA+ DS08C,110000.0,190000.0,42,57,,https://www.thegioididong.com/cap-dien-thoai/cap-type-c-2m-ava-ds08c,Cables,Ava Plus
Cáp Lightning 2m AVA+ Kalf,170000.0,190000.0,10,72,,https://www.thegioididong.com/cap-dien-thoai/cap-lightning-2m-ava-kalf-trang,Cables,Ava Plus
Cáp Lightning 0.2m AVA+ DR-L05,90000.0,100000.0,10,64,,https://www.thegioididong.com/cap-dien-thoai/cap-lightning-20cm-ava-dr-l05,Cables,Ava Plus
Cáp Type C 0.2m AVA+ DS06CB-TB,90000.0,100000.0,10,56,,https://www.thegioididong.com/cap-dien-thoai/cap-type-c-20cm-ava-ds06cb-tb,Cables,Ava Plus
Cáp Lightning 1m AVA+ Kalf,170000.0,190000.0,10,105,,https://www.thegioididong.com/cap-dien-thoai/cap-lightning-1m-ava-kalf,Cables,Ava Plus
Cáp Lightning 0.2m AVA+ Kalf,90000.0,100000.0,10,45,,https://www.thegioididong.com/cap-dien-thoai/cap-lightning-20cm-ava-kalf,Cables,Ava Plus
Cáp Type C 1m AVA+ TC1000N,190000.0,190000.0,0,111,,https://www.thegioididong.com/cap-dien-thoai/cap-type-c-ava-tc1000n,Cables,Ava Plus
Cáp Micro USB 0.2m AVA+ MU200,35000.0,70000.0,50,53,,https://www.thegioididong.com/cap-dien-thoai/cap-micro-ava-mu200,Cables,Ava Plus
Cáp Lightning 1m AVA+ DR-L04,170000.0,190000.0,10,148,,https://www.thegioididong.com/cap-dien-thoai/cap-lightning-ava-dr-l04,Cables,Ava Plus
Cáp Type C 1m AVA+ DR-T02,190000.0,190000.0,0,71,,https://www.thegioididong.com/cap-dien-thoai/cap-type-c-1m-ava-dr-t02,Cables,Ava Plus
Cáp Type C 1m AVA+ DS07,190000.0,190000.0,0,92,,https://www.thegioididong.com/cap-dien-thoai/cap-type-c-ava-ds07,Cables,Ava Plus
Cáp Micro USB 0.2m AVA Speed II,10000.0,35000.0,71,60,,https://www.thegioididong.com/cap-dien-thoai/cap-micro-20cm-ava-speed-ii,Cables,Ava
Cáp Micro USB 1m AVA Speed II X,70000.0,70000.0,0,9,,https://www.thegioididong.com/cap-dien-thoai/cap-micro-usb-1m-ava-speed-ii-x-trang,Cables,Ava
Cáp Micro USB 1m AVA DR-M01,20000.0,70000.0,71,23,,https://www.thegioididong.com/cap-dien-thoai/cap-micro-1m-ava-dr-m01-trang,Cables,Ava
Cáp Micro USB 1m AVA LTPL-05X,20000.0,70000.0,71,52,,https://www.thegioididong.com/cap-dien-thoai/cap-micro-1m-ava-ltpl-05x,Cables,Ava
Cáp Micro USB 2m AVA DS454,20000.0,70000.0,71,23,,https://www.thegioididong.com/cap-dien-thoai/cap-micro-2m-ava-ds454-den,Cables,Ava
Cáp Type C 0.2m AVA DS458,30000.0,50000.0,40,52,,https://www.thegioididong.com/cap-dien-thoai/cap-type-c-20cm-ava-ds458-trang,Cables,Ava
Cáp Type C 0.2m AVA DS628,30000.0,50000.0,40,49,,https://www.thegioididong.com/cap-dien-thoai/cap-type-c-20cm-ava-ds628-den,Cables,Ava
Cáp Lightning 0.2m AVA Speed II,20000.0,50000.0,60,64,,https://www.thegioididong.com/cap-dien-thoai/cap-lightning-20cm-ava-speed-ii-trang,Cables,Ava
Cáp Lightning AVA LTPL-01,90000.0,90000.0,0,12,,https://www.thegioididong.com/cap-dien-thoai/cap-lightning-2m-ava-ltpl-01-den,Cables,Ava
Cáp Lightning 0.2m AVA LTPL-01,20000.0,50000.0,60,24,,https://www.thegioididong.com/cap-dien-thoai/cap-lightning-20cm-ava-ltpl-01-den,Cables,Ava
Cáp Type C AVA DS447-WB,,,0,9,,https://www.thegioididong.com/cap-dien-thoai/cap-type-c-1m-ava-ds447-wb-den,Cables,Ava
Cáp Type C 2m Belkin CAB002,360000.0,450000.0,20,8,,https://www.thegioididong.com/cap-dien-thoai/cap-type-c-2m-belkin-cab002,Cables,Belkin
Cáp Type C 1m Belkin CAB002,190000.0,385000.0,50,0,,https://www.thegioididong.com/cap-dien-thoai/cap-type-c-1m-belkin-cab002-den,Cables,Belkin
Cáp Type C - Lightning MFI 2m Belkin CAA004,650000.0,650000.0,0,0,,https://www.thegioididong.com/cap-dien-thoai/cap-type-c-lightning-mfi-2m-belkin-caa004-den,Cables,Belkin
Cáp Lightning MFI 2m Belkin CAA002,460000.0,580000.0,20,3,,https://www.thegioididong.com/cap-dien-thoai/cap-lightning-mfi-2m-belkin-caa002-den,Cables,Belkin
Cáp Type C 2m Belkin CAB002,270000.0,450000.0,40,0,,https://www.thegioididong.com/cap-dien-thoai/cap-type-c-type-c-0-9m-anker-powerline-iii-flow-a8552-tim,Cables,Belkin
Cáp Type C - Type C 1m Playa PM2004,255000.0,320000.0,20,7,,https://www.thegioididong.com/cap-dien-thoai/cap-type-c-type-c-1m-playa-pm2004,Cables,Belkin
Cáp Type C - Type C 2m Belkin CAB003,390000.0,390000.0,0,9,,https://www.thegioididong.com/cap-dien-thoai/cap-type-c-type-c-2m-belkin-cab003,Cables,Belkin
Cáp Type C - Type C 1m Belkin CAB003,290000.0,325000.0,10,8,,https://www.thegioididong.com/cap-dien-thoai/cap-type-c-type-c-1m-belkin-cab003,Cables,Belkin
Cáp Type C 1m Belkin CAB002,190000.0,385000.0,50,8,,https://www.thegioididong.com/cap-dien-thoai/cap-type-c-1m-belkin-cab002,Cables,Belkin
Cáp Type C 2m Belkin CAB001,270000.0,390000.0,30,5,,https://www.thegioididong.com/cap-dien-thoai/cap-type-c-2m-belkin-cab001,Cables,Belkin
Cáp Type C 1m Belkin CAB001,220000.0,320000.0,30,13,,https://www.thegioididong.com/cap-dien-thoai/cap-type-c-1m-belkin-cab001,Cables,Belkin
Cáp Type C - Lightning MFI 1m Belkin CAA003,340000.0,425000.0,20,9,,https://www.thegioididong.com/cap-dien-thoai/cap-type-c-lightning-mfi-1m-belkin-caa003,Cables,Belkin
Cáp Type C - Lightning MFI 1m Belkin CAA004,495000.0,550000.0,10,14,,https://www.thegioididong.com/cap-dien-thoai/cap-type-c-lightning-mfi-1m-belkin-caa004,Cables,Belkin
Cáp Lightning MFI 2m Belkin CAA002,345000.0,580000.0,40,5,,https://www.thegioididong.com/cap-dien-thoai/cap-lightning-mfi-2m-belkin-caa002,Cables,Belkin
Cáp Lightning MFI 1m Belkin CAA002,385000.0,430000.0,10,8,,https://www.thegioididong.com/cap-dien-thoai/cap-lightning-mfi-1m-belkin-caa002,Cables,Belkin
Cáp Lightning MFI 1m Belkin CAA001,280000.0,350000.0,20,22,,https://www.thegioididong.com/cap-dien-thoai/cap-lightning-mfi-1m-belkin-caa001,Cables,Belkin
Cáp Type C SuperVOOC 1m OPPO DL129,210000.0,210000.0,0,84,,https://www.thegioididong.com/cap-dien-thoai/cap-type-c-supervooc-oppo-dl129,Cables,Oppo
Cáp Type C 2m AUKEY CB-CD3,150000.0,250000.0,40,30,,https://www.thegioididong.com/cap-dien-thoai/cap-type-c-2m-aukey-cb-cd3-den,Cables,Aukey
Cáp Lightning MFI 1.2m AUKEY CB-AL1,350000.0,350000.0,0,14,,https://www.thegioididong.com/cap-dien-thoai/cap-lightning-mfi-12m-aukey-cb-al1-do,Cables,Aukey
Cáp Micro USB 1.2m Energizer C41UBMCGBKT,150000.0,150000.0,0,0,,https://www.thegioididong.com/cap-dien-thoai/cap-micro-12m-energizer-c41ubmcgbkt-den,Cables,Energizer
Cáp Type C 1m Hydrus DR-T05,190000.0,190000.0,0,38,,https://www.thegioididong.com/cap-dien-thoai/cap-type-c-1m-hydrus-dr-t05-vang,Cables,Hydrus
Cáp Type C 2m Hydrus DS14C-WB,190000.0,190000.0,0,28,,https://www.thegioididong.com/cap-dien-thoai/cap-type-c-2m-hydrus-ds13c-wb,Cables,Hydrus
Cáp Type C 1m Hydrus DS13C-WB,190000.0,190000.0,0,29,,https://www.thegioididong.com/cap-dien-thoai/cap-type-c-1m-hydrus-ds13c-wb,Cables,Hydrus
Cáp Type C - Type C 2m Hydrus DS465,220000.0,220000.0,0,40,,https://www.thegioididong.com/cap-dien-thoai/cap-type-c-type-c-2m-hydrus-ds465,Cables,Hydrus
Cáp Type C - Type C 1m Hydrus DS464,220000.0,220000.0,0,42,,https://www.thegioididong.com/cap-dien-thoai/cap-type-c-type-c-1m-hydrus-ds464,Cables,Hydrus
Cáp Type C 1m Hydrus DR-T04,190000.0,190000.0,0,17,,https://www.thegioididong.com/cap-dien-thoai/cap-type-c-1m-hydrus-dr-t04,Cables,Hydrus
Cáp Lightning 1m Hydrus CS-C-021,170000.0,190000.0,10,79,,https://www.thegioididong.com/cap-dien-thoai/cap-lightning-1m-hydrus-cs-c-021,Cables,Hydrus
Cáp Type C 1m Hydrus DR-T01,190000.0,190000.0,0,10,,https://www.thegioididong.com/cap-dien-thoai/cap-type-c-1m-hydrus-dr-t01,Cables,Hydrus
Cáp Lightning MFI 1m Mophie,200000.0,290000.0,30,69,,https://www.thegioididong.com/cap-dien-thoai/cap-lightning-mfi-1m-mophie,Cables,Mophie
Cáp Lightning 2m eValu LTL-04X,150000.0,190000.0,20,23,,https://www.thegioididong.com/cap-dien-thoai/cap-lightning-2m-evalu-ltl-04x-do,Cables,Evalu
Cáp 3 đầu Lightning Type C Micro 1m eValu Spanker B 2,220000.0,220000.0,0,123,,https://www.thegioididong.com/cap-dien-thoai/cap-3-dau-lightning-type-c-micro-evalu-spanker-b2,Cables,Evalu
Cáp Lightning 2m eValu LTL-04X,170000.0,190000.0,10,158,,https://www.thegioididong.com/cap-dien-thoai/cap-lightning-2m-evalu-ltl-04x,Cables,Evalu
Cáp Micro USB 1m eValu LTM -01,100000.0,100000.0,0,140,,https://www.thegioididong.com/cap-dien-thoai/cap-micro-1m-evalu-ltm-01-do-den,Cables,Evalu
Cáp chuyển 2RCA sang 3.5mm Âm 0.3m e.Valu LRCA-01,25000.0,50000.0,50,18,,https://www.thegioididong.com/cap-dien-thoai/cap-chuyen-2rca-sang-35mm-am-30cm-evalu-lrca-01,Cables,Evalu
Cáp chuyển đổi e.VALU LT8611SX,250000.0,250000.0,0,4,,https://www.thegioididong.com/cap-dien-thoai/adapter-chuyen-mini-displayport-hdmi-female-10cm-e,Cables,Evalu
Cáp Lightning 0.2m eValu LTL-02,70000.0,70000.0,0,135,,https://www.thegioididong.com/cap-dien-thoai/cap-lightning-20cm-evalu-ltl-02,Cables,Evalu
Cáp âm thanh 3.5mm 1m eSaver DS125-TB,25000.0,40000.0,30,87,,https://www.thegioididong.com/cap-dien-thoai/cap-audio-35mm-1m-esaver-ds125-tb-den,Cables,Esaver
Cáp Micro USB 0.2m eSaver BST-0728,40000.0,40000.0,0,20,,https://www.thegioididong.com/cap-dien-thoai/cap-micro-usb-20cm-esaver-bst-0728-trang,Cables,Esaver
Cáp Type C - Lightning MFI 2m Mbest DS948-WB,315000.0,350000.0,10,54,,https://www.thegioididong.com/cap-dien-thoai/cap-type-c-lightning-mfi-2m-mbest-ds948-wb-xanh,Cables,Mbest
Cáp Lightning MFI 2m Mbest DS951-WB,200000.0,290000.0,30,82,,https://www.thegioididong.com/cap-dien-thoai/cap-lightning-mfi-2m-mbest-ds951-wb-gold,Cables,Mbest
Cáp Lightning MFI 1m Mbest DS950-WB,200000.0,290000.0,30,80,,https://www.thegioididong.com/cap-dien-thoai/cap-lightning-mfi-1m-mbest-ds950-wb,Cables,Mbest
Cáp Type C - Type C 2m Mbest DS076X,220000.0,220000.0,0,24,,https://www.thegioididong.com/cap-dien-thoai/cap-type-c-type-c-2m-mbest-ds076x-trang,Cables,Mbest
Cáp Type C - Type C 1m Mbest DS075X,220000.0,220000.0,0,50,,https://www.thegioididong.com/cap-dien-thoai/cap-type-c-type-c-1m-mbest-ds075x-trang,Cables,Mbest
Cáp Type C - Lightning MFI 1m Mbest DS954,315000.0,350000.0,10,25,,https://www.thegioididong.com/cap-dien-thoai/cap-type-c-lightning-mfi-1m-mbest-ds954,Cables,Mbest
Cáp Type C 1m Mbest DS462X,190000.0,190000.0,0,50,,https://www.thegioididong.com/cap-dien-thoai/cap-type-c-1m-mbest-ds462x,Cables,Mbest
Cáp Lightning MFI 1m Mbest DS949-WB,200000.0,290000.0,30,59,,https://www.thegioididong.com/cap-dien-thoai/cap-lightning-mfi-1m-mbest-ds949-wb-xam,Cables,Mbest
Cáp Type C 1m Mbest DS002-WB,190000.0,190000.0,0,132,,https://www.thegioididong.com/cap-dien-thoai/cap-type-c-1m-mbest-ds002-wb-cam,Cables,Mbest
Cáp Type C 2m Mbest DS463X-WB,190000.0,190000.0,0,60,,https://www.thegioididong.com/cap-dien-thoai/cap-type-c-2m-mbest-ds463x-wb-den,Cables,Mbest
Cáp Type C 1m Mbest DS462G-WB,150000.0,150000.0,0,18,,https://www.thegioididong.com/cap-dien-thoai/cap-type-c-1m-mbest-ds462g-wb-xam,Cables,Mbest
Cáp Type C - Type C 2m Mbest SMXU75,150000.0,150000.0,0,28,,https://www.thegioididong.com/cap-dien-thoai/cap-type-c-type-c-2m-mbest-smxu75-trang,Cables,Mbest
Cáp Type C - Lightning MFI 1m Mbest DS640-WB,315000.0,350000.0,10,30,,https://www.thegioididong.com/cap-dien-thoai/cap-type-c-lightning-mfi-1m-mbest-ds640-wb-den,Cables,Mbest
Cáp Type C - Type C 1m M-Best SMXU75,150000.0,150000.0,0,10,,https://www.thegioididong.com/cap-dien-thoai/cap-type-c-type-c1m-m-best-smxu75-trang,Cables,Mbest
Cáp Type C 1.5m Sony CP-AC150,230000.0,230000.0,0,0,,https://www.thegioididong.com/cap-dien-thoai/cap-type-c-15m-sony-cp-ac150,Cables,Sony
Cáp Micro USB 1m Sony CP-AB100,120000.0,120000.0,0,28,,https://www.thegioididong.com/cap-dien-thoai/cap-micro-1m-sony-cp-ab100,Cables,Sony
Cáp nối dài 3.5mm Pisen YP04,25000.0,50000.0,50,58,,https://www.thegioididong.com/cap-dien-thoai/cap-noi-dai-35mm-2m-pisen-yp04,Cables,Pisen
Cáp Type C 1m iWALK Crazy Link CSC003,199000.0,199000.0,0,9,,https://www.thegioididong.com/cap-dien-thoai/cap-type-c-1m-iwalk-csc003-den,Cables,Iwalk
Cáp Lightning 1m iWALK Crazy Link CSC002,199000.0,199000.0,0,10,,https://www.thegioididong.com/cap-dien-thoai/cap-lightning-1m-iwalk-csc002-den,Cables,Iwalk
