product_name,current_price,price,percent_discount,rating,series,link,genre_name,brand_name
Panasonic Inverter 1 HP CU/CS-PU9ZKH-8M Mới 2023,11390000.0,11390000.0,0,319,,https://www.dienmayxanh.com/may-lanh/panasonic-inverter-1-hp-cu-cs-pu9zkh-8,Air Conditioner,Panasonic
Panasonic Inverter 1.5 HP CU/CS-PU12ZKH-8M Mới 2023,13890000.0,13890000.0,0,235,,https://www.dienmayxanh.com/may-lanh/panasonic-inverter-15-hp-cu-cs-pu12zkh-8,Air Conditioner,Panasonic
Panasonic Inverter 1 HP CU/CS-XU9ZKH-8 Mới 2023,13990000.0,13990000.0,0,110,,https://www.dienmayxanh.com/may-lanh/panasonic-inverter-1-hp-cu-cs-xu9zkh-8,Air Conditioner,Panasonic
Panasonic Inverter 1.5 HP CU/CS-XU12ZKH-8 Mới 2023,17390000.0,17390000.0,0,37,,https://www.dienmayxanh.com/may-lanh/panasonic-inverter-15-hp-cu-cs-xu12zkh-8,Air Conditioner,Panasonic
Panasonic Inverter 2 HP CS-PU18XKH-8M,18690000.0,18690000.0,0,47,,https://www.dienmayxanh.com/may-lanh/panasonic-cs-pu18xkh-8m,Air Conditioner,Panasonic
Panasonic Inverter 1 HP CU/CS-XU9XKH-8,10790000.0,13490000.0,20,201,,https://www.dienmayxanh.com/may-lanh/panasonic-cu-cs-xu9xkh-8,Air Conditioner,Panasonic
Panasonic Inverter 1.5 HP CU/CS-PU12WKH-8M,12890000.0,12890000.0,0,198,,https://www.dienmayxanh.com/may-lanh/panasonic-cu-cs-pu12wkh-8m,Air Conditioner,Panasonic
Panasonic 1 HP CU/CS-N9WKH-8M,,,0,94,,https://www.dienmayxanh.com/may-lanh/panasonic-cu-cs-n9wkh-8m,Air Conditioner,Panasonic
Panasonic Inverter 2.5 HP S-2430PU3H/U-24PR1H5,38250000.0,38250000.0,0,0,,https://www.dienmayxanh.com/may-lanh/may-lanh-am-tran-panasonic-25-hp-s-2430pu3h-u-24pr1h5,Air Conditioner,Panasonic
Panasonic Inverter 2 HP S-1821PU3HA/U-21PRH1H5,41850000.0,41850000.0,0,0,,https://www.dienmayxanh.com/may-lanh/may-lanh-am-tran-panasonic-inverter-2-hp-s-1821pu3ha-u-21prh1h5,Air Conditioner,Panasonic
Panasonic Inverter 4 HP S-3448PU3HA/U-34PRH1H5,54390000.0,54390000.0,0,0,,https://www.dienmayxanh.com/may-lanh/may-lanh-am-tran-panasonic-4-hp-s-3448pu3ha-u-34prh1h5,Air Conditioner,Panasonic
Panasonic Inverter 5 HP S-3448PU3HA/U-48PRH1H5,63590000.0,63590000.0,0,0,,https://www.dienmayxanh.com/may-lanh/may-lanh-am-tran-panasonic-5-hp-s-3448pu3ha-u-48prh1h5,Air Conditioner,Panasonic
Daikin Inverter 1 HP ATKF25XVMV Mới 2023,11590000.0,11590000.0,0,452,,https://www.dienmayxanh.com/may-lanh/daikin-inverter-1-hp-atkf25xvmv,Air Conditioner,Daikin
Daikin Inverter 1.5 HP ATKF35XVMV Mới 2023,14190000.0,14190000.0,0,243,,https://www.dienmayxanh.com/may-lanh/daikin-inverter-15-hp-atkf35xvmv,Air Conditioner,Daikin
Daikin Inverter 2 HP FTKF50XVMV Mới 2023,21090000.0,21090000.0,0,50,,https://www.dienmayxanh.com/may-lanh/daikin-inverter-2-hp-ftkf50xvmv,Air Conditioner,Daikin
Daikin Inverter 1 HP FTKY25WMVMV,13290000.0,13290000.0,0,150,,https://www.dienmayxanh.com/may-lanh/daikin-inverter-1-hp-ftky25wmvmv,Air Conditioner,Daikin
Daikin Inverter 1 HP FTHF25VAVMV,12990000.0,12990000.0,0,112,,https://www.dienmayxanh.com/may-lanh/daikin-fthf25vavmv,Air Conditioner,Daikin
Daikin Inverter 1.5 HP FTKY35WMVMV,16490000.0,16490000.0,0,76,,https://www.dienmayxanh.com/may-lanh/daikin-inverter-15-hp-ftky35wmvmv,Air Conditioner,Daikin
Daikin Inverter 1.5 HP FTKB35WMVMV,13490000.0,13490000.0,0,271,,https://www.dienmayxanh.com/may-lanh/daikin-inverter-15-hp-ftkb35wmvmv,Air Conditioner,Daikin
Daikin Inverter 1 HP ATHF25XVMV Mới 2023,13690000.0,13690000.0,0,15,,https://www.dienmayxanh.com/may-lanh/may-lanh-daikin-inverter-2-chieu-1-hp-athf25xvmv,Air Conditioner,Daikin
Daikin Inverter 2.5 HP FTKF60XVMV Mới 2023,25690000.0,25690000.0,0,14,,https://www.dienmayxanh.com/may-lanh/daikin-inverter-25-hp-ftkf60xvmv,Air Conditioner,Daikin
Daikin Inverter 2 HP FTHF50VVMV,21790000.0,21790000.0,0,15,,https://www.dienmayxanh.com/may-lanh/daikin-fthf50vvmv,Air Conditioner,Daikin
Daikin Inverter 1.5 HP ATKC35UAVMV,13190000.0,14990000.0,12,39,,https://www.dienmayxanh.com/may-lanh/daikin-atkc35uavmv,Air Conditioner,Daikin
Daikin Inverter 1.5 HP ATHF35XVMV Mới 2023,16790000.0,16790000.0,0,8,,https://www.dienmayxanh.com/may-lanh/may-lanh-daikin-inverter-2-chieu-15-hp-athf35xvmv,Air Conditioner,Daikin
Daikin Inverter 2 HP FTKY50WVMV,21690000.0,21690000.0,0,15,,https://www.dienmayxanh.com/may-lanh/daikin-inverter-2-hp-ftky50wvmv,Air Conditioner,Daikin
Daikin 1.5 HP ATF35UV1V,10290000.0,11590000.0,11,34,,https://www.dienmayxanh.com/may-lanh/daikin-atf35uv1v,Air Conditioner,Daikin
Daikin Inverter 1.5 HP FTHF35VAVMV,15790000.0,15790000.0,0,33,,https://www.dienmayxanh.com/may-lanh/daikin-fthf35vavmv,Air Conditioner,Daikin
Daikin Inverter 1.5 HP FTKZ35VVMV,21090000.0,21090000.0,0,6,,https://www.dienmayxanh.com/may-lanh/daikin-inverter-15-hp-ftkz35vvmv,Air Conditioner,Daikin
Daikin Inverter 2.5 HP FTHF60VVMV,29490000.0,29490000.0,0,0,,https://www.dienmayxanh.com/may-lanh/2-chieu-daikin-inverter-25-hp-fthf60vvmv,Air Conditioner,Daikin
Daikin Inverter 2 HP FTKB50WAVMV,17190000.0,17190000.0,0,23,,https://www.dienmayxanh.com/may-lanh/daikin-inverter-2-hp-ftkb50wavmv,Air Conditioner,Daikin
Daikin Inverter 3 HP FTKY71WVMV,33190000.0,33190000.0,0,0,,https://www.dienmayxanh.com/may-lanh/daikin-inverter-25-hp-ftky71wvmv,Air Conditioner,Daikin
Sharp Inverter 1 HP AH-X10ZEW Mới 2023,9090000.0,9690000.0,6,146,,https://www.dienmayxanh.com/may-lanh/sharp-inverter-1-hp-ah-x10zew,Air Conditioner,Sharp
Sharp Inverter 2 HP AH-X18ZEW Mới 2023,12640000.0,13790000.0,8,35,,https://www.dienmayxanh.com/may-lanh/sharp-inverter-2-hp-ah-x18zew,Air Conditioner,Sharp
Sharp Inverter 1.5 HP AH-X13ZEW Mới 2023,10540000.0,11290000.0,6,80,,https://www.dienmayxanh.com/may-lanh/sharp-inverter-15-hp-ah-x13zew,Air Conditioner,Sharp
Sharp Inverter 1 HP AH-X9XEW,9090000.0,9400000.0,0,225,,https://www.dienmayxanh.com/may-lanh/sharp-ah-x9xew,Air Conditioner,Sharp
Sharp Inverter 1.5 HP AH-X12XEW,10790000.0,11090000.0,0,53,,https://www.dienmayxanh.com/may-lanh/sharp-ah-x12xew,Air Conditioner,Sharp
Sharp Inverter 1 HP AH-XP10YMW,10990000.0,10990000.0,0,54,,https://www.dienmayxanh.com/may-lanh/sharp-ah-xp10ymw,Air Conditioner,Sharp
Sharp Inverter 1.5 HP AH-XP13YMW,11690000.0,11990000.0,0,10,,https://www.dienmayxanh.com/may-lanh/sharp-ah-xp13ymw,Air Conditioner,Sharp
Sharp Inverter 2 HP AH-X18XEW,13290000.0,13590000.0,0,12,,https://www.dienmayxanh.com/may-lanh/sharp-ah-x18xew,Air Conditioner,Sharp
Sharp Inverter 1 HP AH-XP10YHW,11690000.0,11990000.0,0,4,,https://www.dienmayxanh.com/may-lanh/sharp-ah-xp10yhw,Air Conditioner,Sharp
Toshiba Inverter 1 HP RAS-H10Z1KCVG-V Mới 2023,10590000.0,10590000.0,0,21,,https://www.dienmayxanh.com/may-lanh/may-lanh-toshiba-inverter-1-hp-ras-h10z1kcvg-v,Air Conditioner,Toshiba
Toshiba Inverter 1 HP RAS-H10C4KCVG-V,10590000.0,10590000.0,0,108,,https://www.dienmayxanh.com/may-lanh/toshiba-1-hp-inverter-ras-h10c4kcvg-v,Air Conditioner,Toshiba
Toshiba Inverter 1.5 HP RAS-H13C4KCVG-V,13290000.0,13290000.0,0,50,,https://www.dienmayxanh.com/may-lanh/toshiba-15-hp-inverter-ras-h13c4kcvg-v,Air Conditioner,Toshiba
Toshiba Inverter 1.5 HP RAS-H13Z1KCVG-V Mới 2023,13290000.0,13290000.0,0,12,,https://www.dienmayxanh.com/may-lanh/may-lanh-toshiba-inverter-15-hp-ras-h13z1kcvg-v,Air Conditioner,Toshiba
Toshiba Inverter 2 HP RAS-H18C4KCVG-V,19690000.0,19690000.0,0,43,,https://www.dienmayxanh.com/may-lanh/toshiba-2-hp-inverter-ras-h18c4kcvg-v,Air Conditioner,Toshiba
Toshiba Inverter 1 HP RAS-H10E2KCVG-V,12190000.0,12190000.0,0,24,,https://www.dienmayxanh.com/may-lanh/toshiba-ras-h10e2kcvg-v,Air Conditioner,Toshiba
LG Inverter 1 HP V10WIN Mới 2023,9790000.0,10090000.0,0,102,,https://www.dienmayxanh.com/may-lanh/lg-inverter-10-hp-v10win,Air Conditioner,Lg
LG Inverter 1.5 HP V13WIN Mới 2023,11190000.0,11590000.0,0,101,,https://www.dienmayxanh.com/may-lanh/lg-inverter-15-hp-v13win,Air Conditioner,Lg
LG Inverter 1 HP V10API1,12290000.0,12790000.0,0,76,,https://www.dienmayxanh.com/may-lanh/lg-v10api1,Air Conditioner,Lg
LG Inverter 1.5 HP V13API1,14190000.0,14690000.0,0,96,,https://www.dienmayxanh.com/may-lanh/lg-v13api1,Air Conditioner,Lg
LG Inverter 2 HP V18WIN Mới 2023,16390000.0,16690000.0,0,10,,https://www.dienmayxanh.com/may-lanh/lg-inverter-2-hp-v18win,Air Conditioner,Lg
LG Inverter 1 HP V10APFP Mới 2023,13790000.0,14290000.0,0,10,,https://www.dienmayxanh.com/may-lanh/lg-inverter-1-hp-v10apfp,Air Conditioner,Lg
LG Inverter 1 HP V10APFUV,15390000.0,16190000.0,0,199,,https://www.dienmayxanh.com/may-lanh/lg-v10apfuv,Air Conditioner,Lg
LG Inverter 2 HP V18API1,16690000.0,17490000.0,0,29,,https://www.dienmayxanh.com/may-lanh/lg-v18api1,Air Conditioner,Lg
LG Inverter 1.5 HP V13APFP Mới 2023,15690000.0,16190000.0,0,10,,https://www.dienmayxanh.com/may-lanh/lg-inverter-15-hp-v13apfp,Air Conditioner,Lg
LG Inverter 1 HP B10END1,13090000.0,13290000.0,0,6,,https://www.dienmayxanh.com/may-lanh/2-chieu-lg-inverter-1-hp-b10end1,Air Conditioner,Lg
LG Inverter 1.5 HP B13END1,14990000.0,15190000.0,0,3,,https://www.dienmayxanh.com/may-lanh/2-chieu-lg-inverter-15-hp-b13end1,Air Conditioner,Lg
LG Inverter 3 HP ZTNQ30GNLE0 Mới 2023,29890000.0,29890000.0,0,0,,https://www.dienmayxanh.com/may-lanh/am-tran-lg-ztnq30gnle0,Air Conditioner,Lg
LG Inverter 2 HP ZTNQ18GPLA0 Mới 2023,23990000.0,23990000.0,0,0,,https://www.dienmayxanh.com/may-lanh/am-tran-lg-ztnq18gpla0,Air Conditioner,Lg
LG Inverter 2.5 HP ZTNQ24GPLA0 Mới 2023,26890000.0,26890000.0,0,0,,https://www.dienmayxanh.com/may-lanh/am-tran-lg-ztnq24gpla0,Air Conditioner,Lg
LG Inverter 1.5 HP V13APFUV,17690000.0,18490000.0,0,121,,https://www.dienmayxanh.com/may-lanh/lg-v13apfuv,Air Conditioner,Lg
LG Inverter 1.5 HP V13APIG,17290000.0,18290000.0,5,4,,https://www.dienmayxanh.com/may-lanh/lg-inverter-15-hp-v13apig,Air Conditioner,Lg
LG Inverter 3 HP ZPNQ30GR5E0 Mới 2023,31890000.0,31890000.0,0,0,,https://www.dienmayxanh.com/may-lanh/tu-dung-lg-zpnq30gr5e0,Air Conditioner,Lg
LG Inverter 5 HP ZPNQ48GT3A0 Mới 2023,42990000.0,42990000.0,0,0,,https://www.dienmayxanh.com/may-lanh/tu-dung-lg-inverter-5-hp-zpnq48gt3a0,Air Conditioner,Lg
LG Inverter 4 HP ZTNQ36GNLA0 Mới 2023,35990000.0,35990000.0,0,0,,https://www.dienmayxanh.com/may-lanh/am-tran-lg-ztnq36gnla0,Air Conditioner,Lg
LG Inverter 5 HP ZPNQ48LT3A0 (3 Pha),42990000.0,42990000.0,0,0,,https://www.dienmayxanh.com/may-lanh/tu-dung-lg-inverter-5-hp-zpnq48lt3a0-3-pha,Air Conditioner,Lg
LG Inverter 5 HP ZTNQ48LMLA0 (3 Pha),40990000.0,40990000.0,0,0,,https://www.dienmayxanh.com/may-lanh/am-tran-lg-inverter-5-hp-ztnq48lmla0-3-pha,Air Conditioner,Lg
LG Inverter 1 HP B10END,11790000.0,12790000.0,7,12,,https://www.dienmayxanh.com/may-lanh/lg-b10end,Air Conditioner,Lg
LG Inverter 5 HP ZTNQ48GMLA0 Mới 2023,40990000.0,40990000.0,0,0,,https://www.dienmayxanh.com/may-lanh/am-tran-lg-ztnq48gmla0,Air Conditioner,Lg
LG Inverter 1.5 HP B13API,16790000.0,16990000.0,0,6,,https://www.dienmayxanh.com/may-lanh/2-chieu-lg-inverter-15-hp-b13api,Air Conditioner,Lg
LG Inverter 4 HP ZPNQ36GR5A0 Mới 2023,39990000.0,39990000.0,0,0,,https://www.dienmayxanh.com/may-lanh/tu-dung-lg-zpnq36gr5a0,Air Conditioner,Lg
LG Inverter 4 HP ZPNQ36LR5A0 (3 Pha),39990000.0,39990000.0,0,0,,https://www.dienmayxanh.com/may-lanh/tu-dung-lg-zpnq36lr5a0-3-pha,Air Conditioner,Lg
LG Inverter 1 HP V10APH2,11690000.0,11890000.0,0,0,,https://www.dienmayxanh.com/may-lanh/lg-inverter-1-hp-v10aph2,Air Conditioner,Lg
LG Inverter 1.5 HP V13APH2,12990000.0,13190000.0,0,0,,https://www.dienmayxanh.com/may-lanh/lg-inverter-15-hp-v13aph2,Air Conditioner,Lg
LG Inverter 5 HP ATNQ48GMLE7 (3 pha),42390000.0,42390000.0,0,0,,https://www.dienmayxanh.com/may-lanh/am-tran-lg-5-hp-atnq48gmle7-3-pha,Air Conditioner,Lg
Samsung Inverter 1 HP AR10CYHAAWKNSV Mới 2023,8990000.0,10090000.0,10,103,,https://www.dienmayxanh.com/may-lanh/samsung-inverter-1-hp-ar10cyhaawknsv,Air Conditioner,Samsung
Samsung Inverter 1.5 HP AR13CYHAAWKNSV Mới 2023,11390000.0,11890000.0,0,46,,https://www.dienmayxanh.com/may-lanh/samsung-inverter-15-hp-ar13cyhaawknsv,Air Conditioner,Samsung
Samsung Inverter 1 HP AR10CYFAAWKNSV Mới 2023,10890000.0,11690000.0,6,79,,https://www.dienmayxanh.com/may-lanh/samsung-inverter-1-hp-ar10cyfaawknsv,Air Conditioner,Samsung
Samsung Inverter 1.5 HP AR13CYFAAWKNSV Mới 2023,12690000.0,12990000.0,0,7,,https://www.dienmayxanh.com/may-lanh/samsung-inverter-15-hp-ar13cyfaawknsv,Air Conditioner,Samsung
Samsung Inverter 1.5 HP AR13TYHYCWKNSV,10190000.0,11790000.0,13,378,,https://www.dienmayxanh.com/may-lanh/samsung-ar13tyhycwknsv,Air Conditioner,Samsung
Samsung Inverter 2 HP AR18TYHYCWKNSV,14990000.0,15590000.0,0,127,,https://www.dienmayxanh.com/may-lanh/samsung-ar18tyhycwknsv,Air Conditioner,Samsung
Samsung Inverter 1 HP AR10TYHYCWKNSV,9190000.0,10190000.0,9,411,,https://www.dienmayxanh.com/may-lanh/samsung-ar10tyhycwknsv,Air Conditioner,Samsung
Samsung Inverter 1 HP AR10CYECAWKNSV Mới 2023,11890000.0,12490000.0,0,3,,https://www.dienmayxanh.com/may-lanh/samsung-inverter-1-hp-ar10cyecawknsv,Air Conditioner,Samsung
Samsung Inverter 1 HP AR10TYGCDWKNSV,11390000.0,12390000.0,8,167,,https://www.dienmayxanh.com/may-lanh/samsung-ar10tygcdwknsv,Air Conditioner,Samsung
Samsung Inverter 1.5 HP AR13TYGCDWKNSV,13390000.0,14390000.0,6,113,,https://www.dienmayxanh.com/may-lanh/samsung-ar13tygcdwknsv,Air Conditioner,Samsung
Samsung Inverter 2 HP AR18CYFAAWKNSV Mới 2023,20990000.0,20990000.0,0,0,,https://www.dienmayxanh.com/may-lanh/samsung-inverter-2-hp-ar18cyfaawknsv,Air Conditioner,Samsung
Samsung Inverter 1.5 HP AR13CYECAWKNSV Mới 2023,13890000.0,14490000.0,0,0,,https://www.dienmayxanh.com/may-lanh/samsung-inverter-15-hp-ar13cyecawknsv,Air Conditioner,Samsung
Midea Inverter 1 HP MSAGA-10CRDN8 Mới 2023,7290000.0,8990000.0,18,35,,https://www.dienmayxanh.com/may-lanh/may-lanh-midea-msaga-10crdn8,Air Conditioner,Midea
Midea Inverter 1 HP MSAG-10CRDN8,6690000.0,9490000.0,29,79,,https://www.dienmayxanh.com/may-lanh/midea-msag-10crdn8,Air Conditioner,Midea
Midea Inverter 1.5 HP MSAGA-13CRDN8 Mới 2023,8290000.0,10290000.0,19,9,,https://www.dienmayxanh.com/may-lanh/may-lanh-midea-inverter-15-hp-msaga-13crdn8,Air Conditioner,Midea
Midea 1 HP MSAFA-10CRN8,6590000.0,6890000.0,0,19,,https://www.dienmayxanh.com/may-lanh/midea-msafa-10crn8,Air Conditioner,Midea
Midea Inverter 2 HP MSAGA-18CRDN8 Mới 2023,13390000.0,13390000.0,0,0,,https://www.dienmayxanh.com/may-lanh/may-lanh-midea-inverter-2-hp-msaga-18crdn8,Air Conditioner,Midea
Midea Inverter 2 HP MSAFA-18CRDN8,14190000.0,14190000.0,0,6,,https://www.dienmayxanh.com/may-lanh/midea-msafa-18crdn8,Air Conditioner,Midea
Midea Inverter 1 HP MSMTII-10HRFN8,13990000.0,13990000.0,0,5,,https://www.dienmayxanh.com/may-lanh/midea-msmtii-10hrfn8,Air Conditioner,Midea
Máy lạnh Comfee Inverter 1 HP CFS-10VDGF-V,7990000.0,7990000.0,0,93,,https://www.dienmayxanh.com/may-lanh/comfee-cfs-10vdgf-v,Air Conditioner,Comfee
Comfee Inverter 1.5 HP CFS-13VDGF-V Mới 2023,8990000.0,8990000.0,0,71,,https://www.dienmayxanh.com/may-lanh/comfee-inverter-15-hp-cfs-13vdgf-v,Air Conditioner,Comfee
Comfee Inverter 2 HP CFS-18VDGF-V Mới 2023,11490000.0,11490000.0,0,75,,https://www.dienmayxanh.com/may-lanh/comfee-inverter-2-hp-cfs-18vdgf-v,Air Conditioner,Comfee
Comfee 1 HP SIRIUSB-9E,6190000.0,6190000.0,0,65,,https://www.dienmayxanh.com/may-lanh/comfee-siriusb-9e,Air Conditioner,Comfee
Comfee Inverter 1.5 HP SIRIUS-12ED,8290000.0,8290000.0,0,18,,https://www.dienmayxanh.com/may-lanh/comfee-sirius-12ed,Air Conditioner,Comfee
Aqua Inverter 1 HP AQA-RV9QA Mới 2023,8390000.0,9390000.0,10,115,,https://www.dienmayxanh.com/may-lanh/aqua-inverter-1-hp-aqa-rv9qa,Air Conditioner,Aqua
Aqua Inverter 1.5 HP AQA-RV13QA Mới 2023,9990000.0,10990000.0,9,90,,https://www.dienmayxanh.com/may-lanh/aqua-inverter-15-hp-aqa-rv13qa,Air Conditioner,Aqua
Aqua Inverter 1 HP AQA-RUV10RB Mới 2023,10490000.0,10990000.0,0,21,,https://www.dienmayxanh.com/may-lanh/may-lanh-aqua-inverter-1-hp-aqa-ruv10rb,Air Conditioner,Aqua
Aqua Inverter 2 HP AQA-RV18QA Mới 2023,13790000.0,15590000.0,11,23,,https://www.dienmayxanh.com/may-lanh/aqua-inverter-2-hp-aqa-rv18qa,Air Conditioner,Aqua
Aqua Inverter 1 HP AQA-RV9QC Mới 2023,7990000.0,7990000.0,0,102,,https://www.dienmayxanh.com/may-lanh/may-lanh-aqua-inverter-1-hp-aqa-rv9qc,Air Conditioner,Aqua
Aqua 1 HP AQA-KCR9NQ-S,6790000.0,7240000.0,6,12,,https://www.dienmayxanh.com/may-lanh/aqua-1-hp-aqa-kcr09nq-s,Air Conditioner,Aqua
Aqua Inverter 1.5 HP AQA-RV13QC Mới 2023,9990000.0,9990000.0,0,0,,https://www.dienmayxanh.com/may-lanh/aqua-inverter-15-hp-aqa-rv13qc,Air Conditioner,Aqua
Aqua Inverter 1 HP AQA-KCRV10TK,8190000.0,9690000.0,15,94,,https://www.dienmayxanh.com/may-lanh/aqua-aqa-kcrv10tk,Air Conditioner,Aqua
Aqua Inverter 1 HP AQA-RUV10XAW Mới 2023,11990000.0,12990000.0,7,5,,https://www.dienmayxanh.com/may-lanh/may-lanh-aqua-inverter-1-hp-aqa-ruv10xaw,Air Conditioner,Aqua
Aqua Inverter 1.5 HP AQA-KCRV13TK,9790000.0,11190000.0,12,49,,https://www.dienmayxanh.com/may-lanh/aqua-aqa-kcrv13tk,Air Conditioner,Aqua
Aqua Inverter 1.5 HP AQA-KCRV13TR,9740000.0,10690000.0,8,20,,https://www.dienmayxanh.com/may-lanh/aqua-inverter-15-hp-aqa-kcrv13tr,Air Conditioner,Aqua
Aqua Inverter 1 HP AQA-KCRV10TR,7940000.0,9190000.0,13,65,,https://www.dienmayxanh.com/may-lanh/aqua-inverter-1-hp-aqa-kcrv10tr,Air Conditioner,Aqua
Aqua Inverter 1 HP AQA-KCRV10NB,9990000.0,9990000.0,0,34,,https://www.dienmayxanh.com/may-lanh/aqua-aqa-kcrv10nb,Air Conditioner,Aqua
Aqua Inverter 1 HP AQA-KCRV10WNZA,8890000.0,8890000.0,0,34,,https://www.dienmayxanh.com/may-lanh/aqua-aqa-kcrv10wnza,Air Conditioner,Aqua
Aqua Inverter 1.5 HP AQA-KCRV13WNZA,10490000.0,10490000.0,0,20,,https://www.dienmayxanh.com/may-lanh/aqua-aqa-kcrv13wnza,Air Conditioner,Aqua
Aqua Inverter 1 HP AQA-KCRV10XAW,11690000.0,11690000.0,0,0,,https://www.dienmayxanh.com/may-lanh/aqua-inverter-1-hp-aqa-kcrv10xaw,Air Conditioner,Aqua
Gree Inverter 1 HP GWC09PB-K3D0P4,7890000.0,9790000.0,19,207,,https://www.dienmayxanh.com/may-lanh/gree-gwc09pb-k3d0p4,Air Conditioner,Gree
Gree Inverter 1.5 HP GWC12PB-K3D0P4,9890000.0,11690000.0,15,68,,https://www.dienmayxanh.com/may-lanh/gree-gwc12pb-k3d0p4,Air Conditioner,Gree
Gree Inverter 1 HP CHARM9CI Mới 2023,8590000.0,9890000.0,13,8,,https://www.dienmayxanh.com/may-lanh/may-lanh-gree-inverter-1-hp-charm9ci,Air Conditioner,Gree
Gree Inverter 1 HP GWC09FB-K6D9A1W,8290000.0,10590000.0,21,29,,https://www.dienmayxanh.com/may-lanh/gree-gwc09fb-k6d9a1w,Air Conditioner,Gree
Gree Inverter 1 HP GWH09PA-K6D1P4,9890000.0,10990000.0,10,7,,https://www.dienmayxanh.com/may-lanh/may-dieu-hoa-2-chieu-gree-gwh09pa-k6d1p4,Air Conditioner,Gree
Gree Inverter 1.5 HP GWC12FB-K6D9A1W,9890000.0,12390000.0,20,14,,https://www.dienmayxanh.com/may-lanh/gree-gwc12fb-k6d9a1w,Air Conditioner,Gree
Gree Inverter 1.5 HP CHARM12CI Mới 2023,10090000.0,11790000.0,14,0,,https://www.dienmayxanh.com/may-lanh/gree-inverter-15-hp-charm12ci,Air Conditioner,Gree
Gree Inverter 1.5 HP GWH12PB-K6D1P4,12490000.0,13790000.0,9,10,,https://www.dienmayxanh.com/may-lanh/dieu-hoa-2-chieu-gree-gwh12pb-k6d1p4,Air Conditioner,Gree
Gree Inverter 2 HP GWH18PD-K6D1P4,16190000.0,18090000.0,10,4,,https://www.dienmayxanh.com/may-lanh/2-chieu-2-hp-gree-gwh18pd-k6d1p4,Air Conditioner,Gree
Casper Inverter 1 HP GC-09IS35 Mới 2023,7190000.0,7990000.0,10,39,,https://www.dienmayxanh.com/may-lanh/may-lanh-casper-inverter-1-hp-gc-09is35,Air Conditioner,Casper
Casper Inverter 1.5 HP IC-12TL32,8090000.0,8990000.0,10,406,,https://www.dienmayxanh.com/may-lanh/casper-ic-12tl32,Air Conditioner,Casper
Casper Inverter 1 HP TC-09IS35 Mới 2023,7190000.0,7490000.0,0,445,,https://www.dienmayxanh.com/may-lanh/casper-tc-09is35,Air Conditioner,Casper
Casper Inverter 2 HP IC-18TL32,14790000.0,14990000.0,0,16,,https://www.dienmayxanh.com/may-lanh/casper-ic-18tl32,Air Conditioner,Casper
Casper Inverter 1 HP IC-09TL32,7190000.0,7990000.0,10,513,,https://www.dienmayxanh.com/may-lanh/casper-ic-09tl32,Air Conditioner,Casper
Casper Inverter 1.5 HP GC-12IS32,10480000.0,11980000.0,12,13,,https://www.dienmayxanh.com/may-lanh/casper-gc-12is32,Air Conditioner,Casper
Casper 1 HP KC-09FC32,6990000.0,6990000.0,0,12,,https://www.dienmayxanh.com/may-lanh/casper-kc-09fc32,Air Conditioner,Casper
TCL Inverter 1 HP TAC-10CSD/XAB1I Mới 2023,4790000.0,6190000.0,22,49,,https://www.dienmayxanh.com/may-lanh/may-lanh-tcl-inverter-1-hp-tac-10csd-xab1i,Air Conditioner,Tcl
TCL Inverter 2 HP TAC-18CSD/XAB1I Mới 2023,9990000.0,9990000.0,0,13,,https://www.dienmayxanh.com/may-lanh/may-lanh-tcl-inverter-2-hp-tac-18csd-xab1i,Air Conditioner,Tcl
TCL Inverter 1.5 HP TAC-13CSD/XAB1I Mới 2023,7690000.0,7690000.0,0,8,,https://www.dienmayxanh.com/may-lanh/may-lanh-tcl-inverter-15-hp-tac-13csd-xab1i,Air Conditioner,Tcl
TCL Inverter 1 HP TAC-10CSD/TPG11,6990000.0,6990000.0,0,16,,https://www.dienmayxanh.com/may-lanh/tcl-tac-10csd-tpg11,Air Conditioner,Tcl
TCL Inverter 1 HP TAC-10CSD/XA66,6190000.0,6190000.0,0,67,,https://www.dienmayxanh.com/may-lanh/tcl-tac-10csd-xa66,Air Conditioner,Tcl
TCL Inverter 1.5 HP TAC-13CSD/TPG11,8990000.0,8990000.0,0,0,,https://www.dienmayxanh.com/may-lanh/tcl-tac-13csd-tpg11,Air Conditioner,Tcl
Funiki Inverter 1 HP HIC09TMU.ST3,6990000.0,8790000.0,20,495,,https://www.dienmayxanh.com/may-lanh/funiki-1-hp-hic09tmust3,Air Conditioner,Funiki
Funiki Inverter 1.5 HP HIC12TMU.ST3,7490000.0,10590000.0,29,383,,https://www.dienmayxanh.com/may-lanh/funiki-inverter-15-hp-hic12tmust3,Air Conditioner,Funiki
Funiki 1 HP HSC09TMU,5700000.0,7590000.0,24,9,,https://www.dienmayxanh.com/may-lanh/may-lanh-funiki-1-hp-hsc09tmu,Air Conditioner,Funiki
Funiki Inverter 2 HP HIC18TMU.ST3,11290000.0,16190000.0,30,26,,https://www.dienmayxanh.com/may-lanh/funiki-inverter-2-hp-hic18tmust3,Air Conditioner,Funiki
Funiki Inverter 1.5 HP HIC12TMU,7490000.0,10690000.0,29,0,,https://www.dienmayxanh.com/may-lanh/may-lanh-funiki-inverter-15-hp-hic12tmu,Air Conditioner,Funiki
Funiki Inverter 1 HP HSIC09TMU,8390000.0,9890000.0,15,0,,https://www.dienmayxanh.com/may-lanh/funiki-1-hp-hsic09tmu,Air Conditioner,Funiki
Funiki Inverter 1.5 HP HSIC12TMU,9690000.0,11490000.0,15,5,,https://www.dienmayxanh.com/may-lanh/funiki-15-hp-hsic12tmu,Air Conditioner,Funiki
Nagakawa Inverter 1 HP NIS-C09R2T28 Mới 2023,8090000.0,8690000.0,6,39,,https://www.dienmayxanh.com/may-lanh/may-lanh-nagakawa-inverter-1-hp-nis-c09r2t28,Air Conditioner,Nagakawa
Nagakawa Inverter 1.5 HP NIS-C12R2H10,8890000.0,10990000.0,19,30,,https://www.dienmayxanh.com/may-lanh/nagakawa-nis-c12r2h10,Air Conditioner,Nagakawa
Nagakawa Inverter 1 HP NIS-C09R2H10,8990000.0,9390000.0,0,331,,https://www.dienmayxanh.com/may-lanh/nagakawa-nis-c09r2h10,Air Conditioner,Nagakawa
Nagakawa Inverter 2.5 HP NIS-C24R2H10,17990000.0,17990000.0,0,0,,https://www.dienmayxanh.com/may-lanh/nagakawa-inverter-25-hp-nis-c24r2h10,Air Conditioner,Nagakawa
Nagakawa Inverter 1.5 HP NIS-C12R2T28 Mới 2023,9590000.0,9990000.0,0,5,,https://www.dienmayxanh.com/may-lanh/may-lanh-nagakawa-inverter-15-hp-nis-c12r2t28,Air Conditioner,Nagakawa
Nagakawa Inverter 2 HP NIS-C18R2H10,15290000.0,15290000.0,0,7,,https://www.dienmayxanh.com/may-lanh/nagakawa-nis-c18r2h10,Air Conditioner,Nagakawa
