product_name,current_price,price,percent_discount,rating,series,link,genre_name,brand_name
Samsung Inverter 208 lít RT20HAR8DBU/SV,5990000,7890000,24,370,,https://www.dienmayxanh.com/tu-lanh/samsung-rt20har8dbu-sv,Fridge,Samsung
Samsung Inverter 236 lít RT22M4032BY/SV,5990000,9390000,36,454,,https://www.dienmayxanh.com/tu-lanh/samsung-rt22m4032by-sv,Fridge,Samsung
Samsung Inverter 655 lít RS62R5001M9/SV,14990000,22900000,34,524,,https://www.dienmayxanh.com/tu-lanh/samsung-rs62r5001m9-sv,Fridge,Samsung
Samsung Inverter 488 lít RF48A4010M9/SV,17990000,26090000,31,163,,https://www.dienmayxanh.com/tu-lanh/samsung-rf48a4010m9-sv,Fridge,Samsung
Samsung Inverter 488 lít RF48A4000B4/SV,17490000,23990000,27,330,,https://www.dienmayxanh.com/tu-lanh/samsung-rf48a4000b4-sv,Fridge,Samsung
Samsung Inverter 655 lít RS62R5001B4/SV,16490000,25090000,34,230,,https://www.dienmayxanh.com/tu-lanh/samsung-rs62r5001b4-sv,Fridge,Samsung
Samsung Inverter 280 lít RB27N4010BU/SV,9990000,12590000,20,162,,https://www.dienmayxanh.com/tu-lanh/samsung-rb27n4010bu-sv,Fridge,Samsung
Samsung Inverter 236 lít RT22M4032BU/SV,6690000,9590000,30,119,,https://www.dienmayxanh.com/tu-lanh/samsung-rt22m4032bu-sv,Fridge,Samsung
Samsung Inverter 406 lít RT42CG6584B1SV Mới 2023,15890000,17990000,11,13,,https://www.dienmayxanh.com/tu-lanh/samsung-inverter-406-lit-rt42cg6584b1sv,Fridge,Samsung
Samsung Inverter 307 lít RB30N4190BY/SV,13990000,17490000,20,527,,https://www.dienmayxanh.com/tu-lanh/samsung-inverter-307-lit-rb30n4190by-sv,Fridge,Samsung
Samsung Inverter 382 lít RT38CG6584B1SV Mới 2023,14440000,16490000,12,12,,https://www.dienmayxanh.com/tu-lanh/samsung-inverter-382-lit-rt38cg6584b1sv,Fridge,Samsung
Samsung Inverter 276 lít RB27N4170BU/SV,10540000,13590000,22,61,,https://www.dienmayxanh.com/tu-lanh/samsung-rb27n4170bu-sv,Fridge,Samsung
Samsung Inverter 276 lít RB27N4190BU/SV,11540000,14590000,20,38,,https://www.dienmayxanh.com/tu-lanh/samsung-rb27n4190bu-sv,Fridge,Samsung
Samsung Inverter 488 lít RF48A4010B4/SV,19990000,27990000,28,179,,https://www.dienmayxanh.com/tu-lanh/tu-lanh-samsung-inverter-488-lit-rf48a4010b4-sv,Fridge,Samsung
Samsung Inverter 307 lít RB30N4190BU/SV,14290000,17790000,19,38,,https://www.dienmayxanh.com/tu-lanh/tu-lanh-samsung-inverter-307-lit-rb30n4190bu-sv,Fridge,Samsung
Samsung Inverter 635 lít RS64R53012C/SV,28890000,44900000,35,96,,https://www.dienmayxanh.com/tu-lanh/samsung-rs64r53012c-sv,Fridge,Samsung
Samsung Inverter 406 lít RT42CB6784C3SV Mới 2023,15490000,18690000,17,4,,https://www.dienmayxanh.com/tu-lanh/samsung-inverter-406-lit-rt42cb6784c3sv,Fridge,Samsung
Samsung Inverter 208 lít RT19M300BGS/SV,6290000,6890000,8,574,,https://www.dienmayxanh.com/tu-lanh/samsung-rt19m300bgs-sv,Fridge,Samsung
Samsung Inverter 322 lít RT32K503JB1/SV,9490000,11590000,18,108,,https://www.dienmayxanh.com/tu-lanh/samsung-inverter-322-lit-rt32k503jb1-sv,Fridge,Samsung
Samsung Inverter 635 lít RS64R5301B4/SV,24550000,39900000,38,108,,https://www.dienmayxanh.com/tu-lanh/samsung-rs64r5301b4-sv,Fridge,Samsung
Samsung Inverter 345 lít RT35CG5544B1SV Mới 2023,12490000,13690000,8,3,,https://www.dienmayxanh.com/tu-lanh/rt35cg5544b1sv,Fridge,Samsung
Samsung Inverter 616 lít RS64T5F01B4/SV,36490000,58900000,38,74,,https://www.dienmayxanh.com/tu-lanh/samsung-rs64t5f01b4-sv,Fridge,Samsung
Samsung Inverter 648 lít RF59C766FB1/SV Mới 2023,31990000,42900000,25,6,,https://www.dienmayxanh.com/tu-lanh/tu-lanh-samsung-inverter-648-lit-rf59c766fb1-sv,Fridge,Samsung
Samsung Inverter 460 lít RT47CB66868ASV Mới 2023,17990000,20690000,13,5,,https://www.dienmayxanh.com/tu-lanh/samsung-inverter-460-lit-rt47cb66868asv,Fridge,Samsung
Samsung Inverter 310 lít RB30N4010BU/SV,11190000,16090000,30,16,,https://www.dienmayxanh.com/tu-lanh/samsung-rb30n4010bu-sv,Fridge,Samsung
Samsung Inverter 649 lít RF59C700ES9/SV Mới 2023,27790000,38900000,28,6,,https://www.dienmayxanh.com/tu-lanh/rf59c700es9-sv,Fridge,Samsung
Samsung Inverter 648 lít RF59CB66F8S/SV Mới 2023,38490000,49900000,22,7,,https://www.dienmayxanh.com/tu-lanh/tu-lanh-samsung-inverter-648-lit-rf59cb66f8s-sv,Fridge,Samsung
Samsung Inverter 305 lít RT31CB56248ASV Mới 2023,11990000,12890000,6,3,,https://www.dienmayxanh.com/tu-lanh/tu-lanh-samsung-inverter-305-lit-rt31cb56248asv,Fridge,Samsung
Samsung Inverter 302 lít RT29K503JB1/SV,8590000,10990000,21,24,,https://www.dienmayxanh.com/tu-lanh/samsung-inverter-302-lit-rt29k503jb1-sv,Fridge,Samsung
Samsung Inverter 305 lít RT31CG5424B1SV Mới 2023,10490000,11190000,6,0,,https://www.dienmayxanh.com/tu-lanh/tu-lanh-samsung-inverter-305-lit-rt31cg5424b1sv,Fridge,Samsung
Samsung Inverter 348 lít RT35CG5424B1SV Mới 2023,11490000,12690000,9,0,,https://www.dienmayxanh.com/tu-lanh/tu-lanh-samsung-inverter-348-lit-rt35cg5424b1sv,Fridge,Samsung
Samsung Inverter 319 lít RT32K5932BY/SV,12190000,15090000,19,255,,https://www.dienmayxanh.com/tu-lanh/samsung-rt32k5932by-sv,Fridge,Samsung
Samsung Inverter 385 lít RT38CB668412SV Mới 2023,16290000,17490000,6,0,,https://www.dienmayxanh.com/tu-lanh/rt38cb668412sv,Fridge,Samsung
Samsung Inverter 299 lít RT29K5532BY/SV,9990000,12790000,21,66,,https://www.dienmayxanh.com/tu-lanh/samsung-rt29k5532by-sv,Fridge,Samsung
Samsung Inverter 319 lít RT32K5932BU/SV,12190000,15190000,19,19,,https://www.dienmayxanh.com/tu-lanh/samsung-rt32k5932bu-sv,Fridge,Samsung
Samsung Inverter 339 lít RB33T307029/SV,29000000,32900000,11,5,,https://www.dienmayxanh.com/tu-lanh/samsunginverter-339-lit-rb33t307029-sv,Fridge,Samsung
Samsung Inverter 380 lít RT38K5982BS/SV,17880000,20090000,10,240,,https://www.dienmayxanh.com/tu-lanh/samsung-rt38k5982bs-sv,Fridge,Samsung
Samsung Inverter 460 lít RT46K603JB1/SV,15490000,16990000,8,17,,https://www.dienmayxanh.com/tu-lanh/samsung-inverter-460-lit-rt46k603jb1-sv,Fridge,Samsung
Samsung Inverter 599 lít RF60A91R177/SV,76900000,82900000,7,17,,https://www.dienmayxanh.com/tu-lanh/samsung-inverter-599-lit-rf60a91r177-sv,Fridge,Samsung
Samsung Inverter 339 lít RB33T307055/SV,29000000,32900000,11,18,,https://www.dienmayxanh.com/tu-lanh/samsunginverter-339-lit-rb33t307055-sv,Fridge,Samsung
Samsung Inverter 360 lít RT35K5982BS/SV,17090000,19590000,12,373,,https://www.dienmayxanh.com/tu-lanh/samsung-rt35k5982bs-sv,Fridge,Samsung
Samsung Inverter 256 lít RT25M4032BU/SV,7740000,9690000,20,10,,https://www.dienmayxanh.com/tu-lanh/samsung-rt25m4032bu-sv,Fridge,Samsung
Samsung Inverter 360 lít RT35K50822C/SV,16990000,19490000,12,24,,https://www.dienmayxanh.com/tu-lanh/samsung-rt35k50822c-sv,Fridge,Samsung
Samsung Inverter 380 lít RT38K50822C/SV,18090000,20090000,9,34,,https://www.dienmayxanh.com/tu-lanh/samsung-rt38k50822c-sv,Fridge,Samsung
Samsung Inverter 323 lít RZ32T744535/SV,23900000,26900000,11,4,,https://www.dienmayxanh.com/tu-lanh/samsung-inverter-323-lit-rz32t744535-sv,Fridge,Samsung
Samsung Inverter 678 lít RB33T307029/SV,65800000,65800000,0,0,,https://www.dienmayxanh.com/tu-lanh/combo-2-samsung-rb33t307029-sv,Fridge,Samsung
Samsung Inverter 678 lít RB33T307055/SV,65800000,65800000,0,0,,https://www.dienmayxanh.com/tu-lanh/combo-2-samsung-rb33t307055-sv,Fridge,Samsung
Samsung Inverter 678 lít RB33T307055/SV & RB33T307029/SV,65800000,65800000,0,0,,https://www.dienmayxanh.com/tu-lanh/combo-2-samsung-rb33t307055-sv-rb33t307029-sv,Fridge,Samsung
Samsung Inverter 646 lít RZ32T744535/SV,53800000,53800000,0,0,,https://www.dienmayxanh.com/tu-lanh/combo-2-samsung-rz32t744535-sv,Fridge,Samsung
Samsung Inverter 662 lít RZ32T744535/SV & RB33T307029/SV,59800000,59800000,0,0,,https://www.dienmayxanh.com/tu-lanh/combo-samsung-rz32t744535-sv-rb33t307029-sv,Fridge,Samsung
Samsung Inverter 662 lít RZ32T744535/SV & RB33T307055/SV,59800000,59800000,0,0,,https://www.dienmayxanh.com/tu-lanh/combo-samsung-rz32t744535-sv-rb33t307055-sv,Fridge,Samsung
Panasonic Inverter 170 lít NR-BA190PPVN,6590000,6590000,0,602,,https://www.dienmayxanh.com/tu-lanh/panasonic-nr-ba190ppvn,Fridge,Panasonic
Panasonic Inverter 234 lít NR-TV261BPKV,8990000,8990000,0,187,,https://www.dienmayxanh.com/tu-lanh/panasonic-nr-tv261bpkv,Fridge,Panasonic
Panasonic Inverter 326 lít NR-TL351VGMV,13490000,13490000,0,70,,https://www.dienmayxanh.com/tu-lanh/panasonic-inverter-326-lit-nr-tl351vgmv,Fridge,Panasonic
Panasonic Inverter 306 lít NR-TV341VGMV,12590000,12590000,0,142,,https://www.dienmayxanh.com/tu-lanh/panasonic-nr-tv341vgmv,Fridge,Panasonic
Panasonic Inverter 234 lít NR-TV261APSV,8090000,8090000,0,205,,https://www.dienmayxanh.com/tu-lanh/panasonic-nr-tv261apsv,Fridge,Panasonic
Panasonic Inverter 188 lít NR-BA229PKVN,7390000,7390000,0,560,,https://www.dienmayxanh.com/tu-lanh/panasonic-nr-ba229pkvn,Fridge,Panasonic
Panasonic Inverter 268 lít NR-TV301VGMV,10990000,10990000,0,62,,https://www.dienmayxanh.com/tu-lanh/panasonic-nr-tv301vgvm,Fridge,Panasonic
Panasonic Inverter 366 lít NR-TL381VGMV,15090000,15090000,0,69,,https://www.dienmayxanh.com/tu-lanh/panasonic-inverter-366-lit-nr-tl381vgmv,Fridge,Panasonic
Panasonic Inverter 255 lít NR-BV281BGMV Mới 2023,12590000,12590000,0,5,,https://www.dienmayxanh.com/tu-lanh/tu-lanh-panasonic-inverter-255-lit-nr-bv281bgmv,Fridge,Panasonic
Panasonic Inverter 300 lít NR-BV331WGKV,16990000,16990000,0,9,,https://www.dienmayxanh.com/tu-lanh/tu-lanh-panasonic-300-lit-nr-bv331wgkv,Fridge,Panasonic
Panasonic Inverter 417 lít NR-BX471GPKV,20490000,20490000,0,235,,https://www.dienmayxanh.com/tu-lanh/panasonic-nr-bx471gpkv,Fridge,Panasonic
Panasonic Inverter 325 lít NR-BC361VGMV Mới 2023,16590000,16590000,0,5,,https://www.dienmayxanh.com/tu-lanh/tu-lanh-panasonic-325-lit-nr-bc361vgmv,Fridge,Panasonic
Panasonic Inverter 377 lít NR-BX421GPKV,18490000,18490000,0,133,,https://www.dienmayxanh.com/tu-lanh/panasonic-nr-bx421gpkv,Fridge,Panasonic
Panasonic Inverter 495 lít NR-CW530XMMV,42990000,42990000,0,20,,https://www.dienmayxanh.com/tu-lanh/panasonic-inverter-495-lit-nr-cw530xmmv,Fridge,Panasonic
Panasonic Inverter 325 lít NR-BV361WGKV,18990000,18990000,0,11,,https://www.dienmayxanh.com/tu-lanh/tu-lanh-panasonic-325-lit-nr-bv361wgkv,Fridge,Panasonic
Panasonic Inverter 550 lít NR-DZ601VGKV,29890000,32990000,9,31,,https://www.dienmayxanh.com/tu-lanh/panasonic-inverter-550-lit-nr-dz601vgkv,Fridge,Panasonic
Panasonic Inverter 326 lít NR-TL351GPKV,13490000,13490000,0,47,,https://www.dienmayxanh.com/tu-lanh/panasonic-inverter-326-lit-nr-tl351gpkv,Fridge,Panasonic
Panasonic Inverter 255 lít NR-BV280QSVN,11590000,11590000,0,340,,https://www.dienmayxanh.com/tu-lanh/panasonic-nr-bv280qsvn,Fridge,Panasonic
Panasonic Inverter 366 lít NR-TL381GPKV,15090000,15090000,0,58,,https://www.dienmayxanh.com/tu-lanh/panasonic-inverter-366-lit-nr-tl381gpkv,Fridge,Panasonic
Panasonic Inverter 540 lít NR-YW590YMMV,49990000,62990000,20,16,,https://www.dienmayxanh.com/tu-lanh/panasonic-540-lit-nr-yw590ymmv,Fridge,Panasonic
Panasonic Inverter 405 lít NR-TX461GPKV,16590000,16590000,0,92,,https://www.dienmayxanh.com/tu-lanh/panasonic-inverter-405-lit-nr-tx461gpkv,Fridge,Panasonic
Panasonic Inverter 322 lít NR-BV360GKVN,17490000,17490000,0,68,,https://www.dienmayxanh.com/tu-lanh/panasonic-nr-bv360gkvn,Fridge,Panasonic
Panasonic Inverter 290 lít NR-BV320WKVN,13300000,13300000,0,57,,https://www.dienmayxanh.com/tu-lanh/panasonic-nr-bv320wkvn,Fridge,Panasonic
Panasonic Inverter 322 lít NR-BC360QKVN,16290000,16290000,0,270,,https://www.dienmayxanh.com/tu-lanh/panasonic-nr-bc360qkvn,Fridge,Panasonic
Panasonic Inverter 322 lít NR-BC360WKVN,14700000,14700000,0,56,,https://www.dienmayxanh.com/tu-lanh/panasonic-nr-bc360wkvn,Fridge,Panasonic
Panasonic Inverter 491 lít NR-F503GT-X2,50300000,50300000,0,9,,https://www.dienmayxanh.com/tu-lanh/panasonic-nr-f503gt-x2,Fridge,Panasonic
Panasonic Inverter 255 lít NR-BV280WKVN,11600000,11600000,0,37,,https://www.dienmayxanh.com/tu-lanh/panasonic-nr-bv280wkvn,Fridge,Panasonic
Panasonic Inverter 550 lít NR-DZ601YGKV,29990000,37990000,21,8,,https://www.dienmayxanh.com/tu-lanh/panasonic-550-lit-nr-dz601ygkv,Fridge,Panasonic
Aqua Inverter 260 lít AQR-I298EB BS,6990000,10990000,36,65,,https://www.dienmayxanh.com/tu-lanh/aqua-aqr-i298eb-bs,Fridge,Aqua Sanyo
Aqua Inverter 189 lít AQR-T220FA(FB) Mới 2023,4950000,5490000,9,68,,https://www.dienmayxanh.com/tu-lanh/tu-lanh-aqua-aqr-t220fa-fb,Fridge,Aqua Sanyo
Aqua 130 lít AQR-T150FA(BS),4590000,4590000,0,238,,https://www.dienmayxanh.com/tu-lanh/aqua-aqr-t150fa-bs,Fridge,Aqua Sanyo
Aqua 90 lít AQR-D99FA(BS),2990000,3290000,9,365,,https://www.dienmayxanh.com/tu-lanh/aqua-aqr-d99fa-bs,Fridge,Aqua Sanyo
Aqua 50 lít AQR-D59FA(BS),2790000,2790000,0,77,,https://www.dienmayxanh.com/tu-lanh/aqua-aqr-d59fa-bs,Fridge,Aqua Sanyo
Aqua Inverter 541 lít AQR-S541XA(BL),13490000,20490000,34,46,,https://www.dienmayxanh.com/tu-lanh/tu-lanh-aqua-aqr-s541xa-bl,Fridge,Aqua Sanyo
Aqua Inverter 320 lít AQR-B399MA(WHB),11490000,13990000,17,45,,https://www.dienmayxanh.com/tu-lanh/aqua-aqr-b399ma-whb,Fridge,Aqua Sanyo
Aqua Inverter 347 lít AQR-T400FA(WFB) Mới 2023,9990000,10790000,7,7,,https://www.dienmayxanh.com/tu-lanh/tu-lanh-aqua-aqr-t400fa-fb,Fridge,Aqua Sanyo
Aqua Inverter 456 lít AQR-M525XA(FB),16490000,17990000,8,51,,https://www.dienmayxanh.com/tu-lanh/tu-lanh-aqua-inverter-456-lit-aqr-m525xa-fb,Fridge,Aqua Sanyo
Aqua Inverter 212 lít AQR-T239FA(HB),5890000,6090000,0,82,,https://www.dienmayxanh.com/tu-lanh/aqua-aqr-t239fa-hb,Fridge,Aqua Sanyo
Aqua Inverter 456 lít AQR-IG525AM GB,18990000,21290000,10,99,,https://www.dienmayxanh.com/tu-lanh/aqua-aqr-ig525am-gb,Fridge,Aqua Sanyo
Aqua Inverter 456 lít AQR-IGW525EM GB,21090000,25090000,15,41,,https://www.dienmayxanh.com/tu-lanh/aqua-aqr-igw525em-gb,Fridge,Aqua Sanyo
Aqua Inverter 211 lít AQR-T238FA(FB),6590000,6790000,0,40,,https://www.dienmayxanh.com/tu-lanh/aqua-aqr-t238fa-fb,Fridge,Aqua Sanyo
Aqua Inverter 333 lít AQR-T352FA(FB),8390000,9890000,15,6,,https://www.dienmayxanh.com/tu-lanh/tu-lanh-aqua-aqr-t352fa-fb,Fridge,Aqua Sanyo
Aqua Inverter 245 lít AQR-T259FA(FB),6990000,7690000,9,26,,https://www.dienmayxanh.com/tu-lanh/aqua-inverter-245-lit-aqr-t259fa-fb,Fridge,Aqua Sanyo
Aqua Inverter 283 lít AQR-T299FA(FB),8090000,8590000,5,17,,https://www.dienmayxanh.com/tu-lanh/aqua-inverter-283-lit-aqr-t299fa-fb,Fridge,Aqua Sanyo
Aqua Inverter 357 lít AQR-T376FA(FB),9490000,11290000,15,4,,https://www.dienmayxanh.com/tu-lanh/tu-lanh-aqua-aqr-t376fa-fb,Fridge,Aqua Sanyo
Aqua Inverter 549 lít AQR-IG636FM(GB),20490000,25990000,21,15,,https://www.dienmayxanh.com/tu-lanh/aqua-aqr-ig636fm-gb,Fridge,Aqua Sanyo
Aqua Inverter 312 lít AQR-T359MA(GB),11090000,12090000,8,59,,https://www.dienmayxanh.com/tu-lanh/aqua-aqr-t359ma-gb,Fridge,Aqua Sanyo
Aqua Inverter 347 lít AQR-T389FA(WGB),9790000,12490000,21,18,,https://www.dienmayxanh.com/tu-lanh/aqua-aqr-t389fa-wgb,Fridge,Aqua Sanyo
Aqua Inverter 602 lít AQR-IG696FS GB,18990000,25090000,24,7,,https://www.dienmayxanh.com/tu-lanh/aqua-aqr-ig696fs-gb,Fridge,Aqua Sanyo
Aqua Inverter 292 lít AQR-B348MA(FB),8700000,11600000,25,13,,https://www.dienmayxanh.com/tu-lanh/aqua-aqr-b348ma-fb,Fridge,Aqua Sanyo
Aqua Inverter 320 lít AQR-B379MA(WGB),15490000,15990000,0,9,,https://www.dienmayxanh.com/tu-lanh/aqr-b379ma-wgb,Fridge,Aqua Sanyo
Aqua Inverter 324 lít AQR-IG378EB GB,14200000,15300000,7,11,,https://www.dienmayxanh.com/tu-lanh/aqua-aqr-ig378eb-gb,Fridge,Aqua Sanyo
Aqua Inverter 524 lít AQR-SW541XA(BL),18100000,20600000,12,11,,https://www.dienmayxanh.com/tu-lanh/aqua-inverter-524-lit-aqr-sw541xa-bl,Fridge,Aqua Sanyo
Aqua Inverter 260 lít AQR-B306MA(HB),9490000,11490000,17,0,,https://www.dienmayxanh.com/tu-lanh/aqua-inverter-260-lit-aqr-b306ma-hb,Fridge,Aqua Sanyo
Aqua Inverter 318 lít AQR-T369FA (WBS),9000000,10500000,14,42,,https://www.dienmayxanh.com/tu-lanh/tu-lanh-aqua-inverter-318-lit-aqr-t369fa-wbs,Fridge,Aqua Sanyo
LG Inverter 374 lít GN-D372BLA,12990000,18990000,31,106,,https://www.dienmayxanh.com/tu-lanh/lg-inverter-374-lit-gn-d372bla,Fridge,Lg
LG Inverter 217 lít GV-B212WB,6190000,8990000,31,349,,https://www.dienmayxanh.com/tu-lanh/tu-lanh-lg-gv-b212wb,Fridge,Lg
LG Inverter 266 lít GV-B262WB,5990000,10990000,45,382,,https://www.dienmayxanh.com/tu-lanh/tu-lanh-lg-inverter-266-lit-gv-b262wb,Fridge,Lg
LG Inverter 315 lít GN-M312BL,9390000,11990000,21,127,,https://www.dienmayxanh.com/tu-lanh/lg-inverter-315-lit-gn-m312bl,Fridge,Lg
LG Inverter 264 lít GV-D262BL,6490000,11990000,45,102,,https://www.dienmayxanh.com/tu-lanh/tu-lanh-lg-inverter-264-lit-gv-d262bl,Fridge,Lg
LG Inverter 519 lít GR-B256JDS Mới 2023,14990000,19990000,25,10,,https://www.dienmayxanh.com/tu-lanh/lg-gr-b256jds,Fridge,Lg
LG Inverter 374 lít GN-D372BL,12490000,16490000,24,134,,https://www.dienmayxanh.com/tu-lanh/lg-inverter-374-lit-gn-d372bl,Fridge,Lg
LG Inverter 394 lít GN-D392BLA,15490000,19490000,20,183,,https://www.dienmayxanh.com/tu-lanh/lg-inverter-394-lit-gn-d392bla,Fridge,Lg
LG Inverter 635 lít GR-X257MC,32990000,56990000,42,65,,https://www.dienmayxanh.com/tu-lanh/lg-inverter-635-lit-gr-x257mc,Fridge,Lg
LG Inverter 649 lít GR-B257JDS,12990000,23490000,44,254,,https://www.dienmayxanh.com/tu-lanh/lg-inverter-649-lit-gr-b257jds,Fridge,Lg
LG Inverter 649 lít GR-B257WB,15890000,25490000,37,111,,https://www.dienmayxanh.com/tu-lanh/lg-inverter-649-lit-gr-b257wb,Fridge,Lg
LG Inverter 635 lít GR-D257WB,26990000,35990000,25,124,,https://www.dienmayxanh.com/tu-lanh/lg-inverter-635-lit-gr-d257wb,Fridge,Lg
LG Inverter 335 lít GN-M332BL,10990000,13990000,21,80,,https://www.dienmayxanh.com/tu-lanh/lg-inverter-335-lit-gn-m332bl,Fridge,Lg
LG Inverter 314 lít GN-D312BL,10390000,12990000,20,68,,https://www.dienmayxanh.com/tu-lanh/lg-inverter-314-lit-gn-d312bl,Fridge,Lg
LG Inverter 635 lít GR-D257MC,29990000,40990000,26,51,,https://www.dienmayxanh.com/tu-lanh/lg-inverter-635-lit-gr-d257mc,Fridge,Lg
LG Inverter 635 lít GR-X257JS,32690000,55990000,41,48,,https://www.dienmayxanh.com/tu-lanh/lg-inverter-635-lit-gr-x257js,Fridge,Lg
LG Inverter 530 lít GR-B53MB,19390000,28990000,33,7,,https://www.dienmayxanh.com/tu-lanh/tu-lanh-lg-gr-b53mb,Fridge,Lg
LG Inverter 635 lít GR-D257JS,29990000,38990000,23,45,,https://www.dienmayxanh.com/tu-lanh/lg-inverter-635-lit-gr-d257js,Fridge,Lg
LG Inverter 530 lít GR-B53PS,19000000,27990000,32,9,,https://www.dienmayxanh.com/tu-lanh/tu-lanh-lg-inverter-530-lit-gr-b53ps,Fridge,Lg
LG Inverter 655 lít GR-Q257MC,27990000,41990000,33,0,,https://www.dienmayxanh.com/tu-lanh/tu-lanh-lg-inverter-655-lit-gr-q257mc,Fridge,Lg
LG Inverter 496 lít GR-X22MB,54990000,54990000,0,31,,https://www.dienmayxanh.com/tu-lanh/lg-inverter-496-lit-gr-x22mb,Fridge,Lg
LG Inverter 613 lít GR-B247WB,16000000,18300000,12,78,,https://www.dienmayxanh.com/tu-lanh/lg-gr-b247wb,Fridge,Lg
LG Inverter 601 lít GR-X247JS,41700000,46100000,9,64,,https://www.dienmayxanh.com/tu-lanh/lg-gr-x247js,Fridge,Lg
LG Inverter 601 lít GR-D247JDS,32480000,34890000,6,40,,https://www.dienmayxanh.com/tu-lanh/lg-gr-d247jds,Fridge,Lg
LG Inverter 601 lít GR-X247MC,44300000,48300000,8,43,,https://www.dienmayxanh.com/tu-lanh/lg-gr-x247mc,Fridge,Lg
LG Inverter 601 lít GR-D247MC,28700000,33110000,13,17,,https://www.dienmayxanh.com/tu-lanh/lg-gr-d247mc,Fridge,Lg
Toshiba Inverter 180 lít GR-B22VU UKG,5190000,5690000,8,521,,https://www.dienmayxanh.com/tu-lanh/toshiba-gr-b22vu-ukg,Fridge,Toshiba
Toshiba Inverter 511 lít GR-RF610WE-PGV(22)-XK,20490000,24090000,14,171,,https://www.dienmayxanh.com/tu-lanh/toshiba-gr-rf610we-pgv-22-xk,Fridge,Toshiba
Toshiba Inverter 249 lít GR-RT325WE-PMV(06)-MG,7690000,9990000,23,88,,https://www.dienmayxanh.com/tu-lanh/toshiba-inverter-249-lit-gr-rt325we-pmv-06-mg,Fridge,Toshiba
Toshiba Inverter 233 lít GR-A28VM(UKG1),6790000,7490000,9,100,,https://www.dienmayxanh.com/tu-lanh/toshiba-gr-a28vm-ukg1,Fridge,Toshiba
Toshiba Inverter 311 lít GR-RT395WE-PMV(06)-MG,9990000,13090000,23,38,,https://www.dienmayxanh.com/tu-lanh/toshiba-gr-rt395we-pmv-06-mg,Fridge,Toshiba
Toshiba Inverter 253 lít GR-B31VU SK,6890000,7190000,0,256,,https://www.dienmayxanh.com/tu-lanh/toshiba-gr-b31vu-sk,Fridge,Toshiba
Toshiba Inverter 460 lít GR-RS600WI-PMV(37)-SG,13490000,14490000,6,27,,https://www.dienmayxanh.com/tu-lanh/tu-lanh-toshiba-inverter-460-lit-gr-rs600wi-pmv-37-sg,Fridge,Toshiba
Toshiba Inverter 337 lít GR-RT435WE-PMV(06)-MG,10990000,14290000,23,31,,https://www.dienmayxanh.com/tu-lanh/toshiba-gr-rt435we-pmv-06-mg,Fridge,Toshiba
Toshiba Inverter 407 lít GR-RT535WE-PMV(06)-MG,12990000,16090000,19,13,,https://www.dienmayxanh.com/tu-lanh/toshiba-gr-rt535we-pmv-06-mg,Fridge,Toshiba
Toshiba Inverter 596 lít GR-RS780WI-PGV(22)-XK,19690000,29990000,34,12,,https://www.dienmayxanh.com/tu-lanh/toshiba-inverter-596-lit-gr-rs780wi-pgv-22-xk,Fridge,Toshiba
Toshiba Inverter 509 lít GR-RF605WI-PMV(06)-MG,20490000,25990000,21,25,,https://www.dienmayxanh.com/tu-lanh/tu-lanh-toshiba-inverter-509-lit-gr-rf605wi-pmv-06-mg,Fridge,Toshiba
Toshiba Inverter 194 lít GR-A25VM(UKG1),6190000,6590000,6,71,,https://www.dienmayxanh.com/tu-lanh/toshiba-gr-a25vm-ukg1,Fridge,Toshiba
Toshiba Inverter 596 lít GR-RS775WI-PMV(06)-MG,17990000,17990000,0,5,,https://www.dienmayxanh.com/tu-lanh/tu-lanh-toshiba-inverter-596-lit-gr-rs775wi-pmv-06-mg,Fridge,Toshiba
Toshiba Inverter 325 lít GR-RB410WE-PMV(37)-SG,9990000,15290000,34,27,,https://www.dienmayxanh.com/tu-lanh/tu-lanh-toshiba-inverter-325-lit-gr-rb410we-pmv-37-sg,Fridge,Toshiba
Toshiba Inverter 322 lít GR-RB405WE-PMV(06)-MG,10990000,17090000,35,24,,https://www.dienmayxanh.com/tu-lanh/tu-lanh-toshiba-inverter-322-lit-gr-rb405we-pmv-06-mg,Fridge,Toshiba
Toshiba Inverter 336 lít GR-RT435WEA-PMV(06)-MG,11990000,15190000,21,11,,https://www.dienmayxanh.com/tu-lanh/tu-lanh-toshiba-inverter-336-lit-gr-rt435wea-pmv-06-mg,Fridge,Toshiba
Toshiba Inverter 511 lít GR-RF610WE-PMV(37)-SG,18990000,18990000,0,3,,https://www.dienmayxanh.com/tu-lanh/toshiba-inverter-511-lit-gr-rf610we-pmv-37-sg,Fridge,Toshiba
Toshiba Inverter 608 lít GR-AG66VA (XK),19400000,20490000,5,37,,https://www.dienmayxanh.com/tu-lanh/toshiba-gr-ag66va-xk,Fridge,Toshiba
Toshiba Inverter 270 lít GR-RB350WE-PMV(30)-BS,6990000,11590000,39,15,,https://www.dienmayxanh.com/tu-lanh/toshiba-gr-rb350we-pmv-30-bs,Fridge,Toshiba
Toshiba Inverter 268 lít GR-RB345WE-PMV(30)-BS,7790000,9090000,14,14,,https://www.dienmayxanh.com/tu-lanh/toshiba-gr-rb345we-pmv-30-bs,Fridge,Toshiba
Toshiba Inverter 515 lít GR-RF670WI-PGV(A9)-BG,26990000,26990000,0,0,,https://www.dienmayxanh.com/tu-lanh/tu-lanh-toshiba-inverter-515-lit-gr-rf670wi-pgv-a9-bg,Fridge,Toshiba
Toshiba Inverter 515 lít GR-RF669WI-PGV(A9)-BG,28990000,28990000,0,0,,https://www.dienmayxanh.com/tu-lanh/tu-lanh-toshiba-inverter-515-lit-gr-rf669wi-pgv-a9-bg,Fridge,Toshiba
Toshiba Inverter 513 lít GR-RS682WE-PMV(06)-MG,19300000,19300000,0,22,,https://www.dienmayxanh.com/tu-lanh/toshiba-gr-rs682we-pmv-06-mg,Fridge,Toshiba
Sharp Inverter 401 lít SJ-FXP480VG-BK,19490000,20490000,0,67,,https://www.dienmayxanh.com/tu-lanh/sharp-sj-fxp480vg-bk,Fridge,Sharp
Sharp Inverter 605 lít SJ-FX688VG-BK,23990000,28990000,17,22,,https://www.dienmayxanh.com/tu-lanh/sharp-sj-fx688vg-bk,Fridge,Sharp
Sharp Inverter 525 lít SJ-FX600V-SL,18990000,19990000,5,19,,https://www.dienmayxanh.com/tu-lanh/sharp-sj-fx600v-sl,Fridge,Sharp
Sharp Inverter 362 lít SJ-FX420VG-BK,17990000,18490000,0,11,,https://www.dienmayxanh.com/tu-lanh/tu-lanh-sharp-inverter-362-lit-sj-fx420vg-bk,Fridge,Sharp
Sharp Inverter 287 lít SJ-X316E-DS,8690000,8890000,0,37,,https://www.dienmayxanh.com/tu-lanh/sharp-sj-x316e-ds,Fridge,Sharp
Sharp Inverter 224 lít SJ-X251E-SL,5890000,7290000,19,41,,https://www.dienmayxanh.com/tu-lanh/sharp-sj-x251e-sl,Fridge,Sharp
Sharp Inverter 150 lít SJ-X176E-SL,4690000,5990000,21,154,,https://www.dienmayxanh.com/tu-lanh/sharp-sj-x176e-sl,Fridge,Sharp
Sharp Inverter 165 lít SJ-X196E-DSS,6190000,6190000,0,89,,https://www.dienmayxanh.com/tu-lanh/sharp-sj-x196e-dss,Fridge,Sharp
Sharp Inverter 572 lít SJ-FX640V-SL,22000000,27890000,21,18,,https://www.dienmayxanh.com/tu-lanh/sharp-sj-fx640v-sl,Fridge,Sharp
Sharp Inverter 401 lít SJ-FXP480V-SL,17990000,18990000,5,70,,https://www.dienmayxanh.com/tu-lanh/sharp-sj-fxp480v-sl,Fridge,Sharp
Sharp Inverter 572 lít SJ-FXP640VG-BK,23890000,27690000,13,12,,https://www.dienmayxanh.com/tu-lanh/sharp-sj-fxp640vg-bk,Fridge,Sharp
Sharp Inverter 401 lít SJ-FXP480VG-CH,20190000,21190000,0,36,,https://www.dienmayxanh.com/tu-lanh/sharp-sj-fxp480vg-ch,Fridge,Sharp
Sharp Inverter 182 lít SJ-X201E-DS,6590000,6690000,0,190,,https://www.dienmayxanh.com/tu-lanh/sharp-sj-x201e-ds,Fridge,Sharp
Sharp Inverter 253 lít SJ-X281E-DS,7690000,7790000,0,103,,https://www.dienmayxanh.com/tu-lanh/tu-lanh-sharp-sj-x281e-ds,Fridge,Sharp
Sharp Inverter 556 lít SJ-FX630V-ST,15490000,19990000,22,102,,https://www.dienmayxanh.com/tu-lanh/sharp-sj-fx630v-st,Fridge,Sharp
Sharp Inverter 525 lít SJ-FXP600VG-BK,21600000,26690000,19,16,,https://www.dienmayxanh.com/tu-lanh/sharp-sj-fxp600vg-bk,Fridge,Sharp
Sharp Inverter 360 lít SJ-XP382AE-DS Mới 2023,11090000,11090000,0,0,,https://www.dienmayxanh.com/tu-lanh/tu-lanh-sharp-inverter-360-lit-sj-xp382ae-ds,Fridge,Sharp
Sharp Inverter 520 lít SJ-XP570PG-MR,14600000,14600000,0,0,,https://www.dienmayxanh.com/tu-lanh/sharp-sj-xp570pg-mr,Fridge,Sharp
Sharp Inverter 560 lít SJ-XP620PG-BK,15000000,15000000,0,0,,https://www.dienmayxanh.com/tu-lanh/sharp-inverter-560-lit-sj-xp620pg-bk,Fridge,Sharp
Sharp Inverter 330 lít SJ-XP352AE-SL Mới 2023,10590000,10590000,0,0,,https://www.dienmayxanh.com/tu-lanh/tu-lanh-sharp-inverter-330-lit-sj-xp352ae-sl,Fridge,Sharp
Sharp Inverter 442 lít SJ-SBX440VG-BK,16990000,16990000,0,0,,https://www.dienmayxanh.com/tu-lanh/tu-lanh-sharp-inverter-442-lit-sj-sbx440vg-bk,Fridge,Sharp
Sharp Inverter 532 lít SJ-SBX530VG-BK,17390000,18990000,8,0,,https://www.dienmayxanh.com/tu-lanh/tu-lanh-sharp-inverter-532-lit-sj-sbx530vg-bk,Fridge,Sharp
Sharp Inverter 607 lít SJ-FXPI689V-RS,29990000,31990000,6,0,,https://www.dienmayxanh.com/tu-lanh/tu-lanh-sharp-inverter-607-lit-sj-fxpi689v-rs,Fridge,Sharp
Beko Inverter 375 lít RDNT401I50VK,7490000,9490000,21,51,,https://www.dienmayxanh.com/tu-lanh/beko-inverter-375-lit-rdnt401i50vk,Fridge,Beko
Beko Inverter 189 lít RDNT201I50VK,5490000,5990000,8,26,,https://www.dienmayxanh.com/tu-lanh/tu-lanh-beko-inverter-189-lit-rdnt201i50vk,Fridge,Beko
Beko Inverter 340 lít RDNT371I50VK,8490000,8990000,5,35,,https://www.dienmayxanh.com/tu-lanh/beko-inverter-340-lit-rdnt371i50vk,Fridge,Beko
Beko Inverter 250 lít RDNT271I50VWB,6790000,6790000,0,150,,https://www.dienmayxanh.com/tu-lanh/beko-rdnt271i50vwb,Fridge,Beko
Beko Inverter 230 lít RDNT251I50VWB,6490000,6490000,0,45,,https://www.dienmayxanh.com/tu-lanh/beko-rdnt251i50vwb,Fridge,Beko
Beko 90 lít RS9052S Mới 2023,3090000,3190000,0,0,,https://www.dienmayxanh.com/tu-lanh/rs9052s,Fridge,Beko
Beko Inverter 340 lít RDNT371E50VZGB,9990000,10990000,9,6,,https://www.dienmayxanh.com/tu-lanh/beko-rdnt371e50vzgb,Fridge,Beko
Beko Inverter 375 lít RDNT401E50VZDK,9490000,10490000,9,32,,https://www.dienmayxanh.com/tu-lanh/beko-rdnt401e50vzdk,Fridge,Beko
Beko Inverter 553 lít GNO51651GBVN,21990000,24990000,12,4,,https://www.dienmayxanh.com/tu-lanh/beko-inverter-553-lit-gno51651gbvn,Fridge,Beko
Beko Inverter 340 lít RDNT371E50VZK,9990000,10990000,9,31,,https://www.dienmayxanh.com/tu-lanh/beko-rdnt371e50vzk,Fridge,Beko
Beko Inverter 422 lít RDNT470I50VK,9400000,9400000,0,15,,https://www.dienmayxanh.com/tu-lanh/beko-inverter-422-lit-rdnt470i50vk,Fridge,Beko
Beko Inverter 553 lít GNO51651KVN,18000000,19000000,5,6,,https://www.dienmayxanh.com/tu-lanh/beko-inverter-553-lit-gno51651kvn,Fridge,Beko
Beko Inverter 622 lít GNO62251GBVN,16990000,19990000,15,0,,https://www.dienmayxanh.com/tu-lanh/tu-lanh-beko-inverter-622-lit-gno62251gbvn,Fridge,Beko
Electrolux 94 lít EUM0930AD-VN,3990000,3990000,0,136,,https://www.dienmayxanh.com/tu-lanh/electrolux-94-lit-eum0930ad-vn,Fridge,Electrolux
Electrolux Inverter 308 lít EBB3462K-H,14090000,17290000,18,26,,https://www.dienmayxanh.com/tu-lanh/electrolux-ebb3462k-h,Fridge,Electrolux
Electrolux Inverter 312 lít ETB3440K-H,11890000,13890000,14,22,,https://www.dienmayxanh.com/tu-lanh/electrolux-etb3440k-h,Fridge,Electrolux
Electrolux Inverter 341 lít ETB3740K-H,12890000,14890000,13,6,,https://www.dienmayxanh.com/tu-lanh/electrolux-etb3740k-h,Fridge,Electrolux
Electrolux Inverter 308 lít EBB3442K-H,12400000,15400000,19,36,,https://www.dienmayxanh.com/tu-lanh/electrolux-ebb3442k-h,Fridge,Electrolux
Electrolux Inverter 541 lít EQE6000A-B,19990000,25990000,23,7,,https://www.dienmayxanh.com/tu-lanh/electrolux-inverter-541-lit-eqe6000a-b,Fridge,Electrolux
Electrolux Inverter 335 lít EBB3742K-H,13200000,15700000,15,12,,https://www.dienmayxanh.com/tu-lanh/electrolux-ebb3742k-h,Fridge,Electrolux
Electrolux Inverter 619 lít ESE6645A-BVN,32990000,39990000,17,3,,https://www.dienmayxanh.com/tu-lanh/electrolux-inverter-619-lit-ese6645a-bvn,Fridge,Electrolux
Electrolux Inverter 571 lít ESE6141A-BVN,23500000,26500000,11,0,,https://www.dienmayxanh.com/tu-lanh/electrolux-inverter-571-lit-ese6141a-bvn,Fridge,Electrolux
Casper Inverter 200 lít RT-215VS,6990000,6990000,0,11,,https://www.dienmayxanh.com/tu-lanh/casper-inverter-200-lit-rt-215vs,Fridge,Casper
Casper Inverter 258 lít RT-270VD,7990000,7990000,0,11,,https://www.dienmayxanh.com/tu-lanh/casper-inverter-258-lit-rt-270vd,Fridge,Casper
Casper Inverter 462 lít RM-520VT,16490000,16490000,0,8,,https://www.dienmayxanh.com/tu-lanh/casper-inverter-462-lit-rm-520vt,Fridge,Casper
Casper Inverter 550 lít RS-570VBW,12990000,16490000,21,12,,https://www.dienmayxanh.com/tu-lanh/casper-inverter-550-lit-rs-570vbw,Fridge,Casper
Casper Inverter 300 lít RB-320VT,9800000,9800000,0,0,,https://www.dienmayxanh.com/tu-lanh/casper-inverter-300-lit-rb-320vt,Fridge,Casper
Casper 185 lít RT-200VS,6390000,6390000,0,19,,https://www.dienmayxanh.com/tu-lanh/casper-185-lit-rt-200vs,Fridge,Casper
Hitachi Inverter 569 lít R-WB640VGV0 GBK,34890000,40490000,13,22,,https://www.dienmayxanh.com/tu-lanh/hitachi-inverter-569-lit-r-wb640vgv0,Fridge,Hitachi
Hitachi Inverter 339 lít R-FVX450PGV9 GBK,13390000,14290000,6,19,,https://www.dienmayxanh.com/tu-lanh/hitachi-inverter-406-lit-r-fvx450pgv9,Fridge,Hitachi
Hitachi Inverter 569 lít R-WB640PGV1 GMG,29290000,33890000,13,26,,https://www.dienmayxanh.com/tu-lanh/hitachi-inverter-569-lit-r-wb640pgv1,Fridge,Hitachi
Hitachi Inverter 509 lít R-FW650PGV8 GBK,20490000,23490000,12,28,,https://www.dienmayxanh.com/tu-lanh/hitachi-inverter-509-lit-r-fw650pgv8,Fridge,Hitachi
Hitachi Inverter 275 lít R-B330PGV8 BSL,10890000,11490000,5,17,,https://www.dienmayxanh.com/tu-lanh/hitachi-inverter-275-lit-r-b330pgv8,Fridge,Hitachi
Hitachi Inverter 349 lít R-FVY480PGV0 GBK,16290000,17190000,5,15,,https://www.dienmayxanh.com/tu-lanh/hitachi-inverter-349-lit-r-fvy480pgv0,Fridge,Hitachi
Hitachi Inverter 573 lít R-SX800GPGV0 GBK,42200000,51490000,18,6,,https://www.dienmayxanh.com/tu-lanh/hitachi-inverter-573-lit-r-sx800gpgv0,Fridge,Hitachi
Hitachi Inverter 569 lít R-WB640PGV1 GCK,29290000,30990000,5,0,,https://www.dienmayxanh.com/tu-lanh/tu-lanh-hitachi-569-lit-r-wb640pgv1-gck,Fridge,Hitachi
