product_name,current_price,price,percent_discount,rating,series,link,genre_name,brand_name
Samsung Smart TV QLED QA65QN90C Mới 2023,53900000.0,54900000.0,0,0,Neo QLED,https://www.dienmayxanh.com/tivi/smart-tivi-neo-qled-4k-65-inch-samsung-qa65qn90c,Tivi,Samsung
Samsung Smart TV QLED QA75QN85A,36800000.0,84900000.0,56,3,Neo QLED,https://www.dienmayxanh.com/tivi/neo-qled-4k-samsung-qa75qn85a,Tivi,Samsung
Samsung Smart TV QLED QA55QN85A,24900000.0,41900000.0,40,9,Neo QLED,https://www.dienmayxanh.com/tivi/neo-qled-4k-samsung-qa55qn85a,Tivi,Samsung
Samsung Smart TV QLED QA65QN700B,32900000.0,59900000.0,45,0,Neo QLED,https://www.dienmayxanh.com/tivi/smart-neo-qled-8k-65-inch-samsung-qa65qn700b,Tivi,Samsung
Samsung Smart TV QLED QA85QN85B,64900000.0,89900000.0,27,4,Neo QLED,https://www.dienmayxanh.com/tivi/smart-neo-qled-4k-85-inch-samsung-qa85qn85b,Tivi,Samsung
Samsung Smart TV QLED QA50QN90A,19900000.0,39900000.0,50,9,Neo QLED,https://www.dienmayxanh.com/tivi/neo-qled-4k-samsung-qa50qn90a,Tivi,Samsung
Samsung Smart TV QLED QA55QN90A,30900000.0,44900000.0,31,47,Neo QLED,https://www.dienmayxanh.com/tivi/neo-qled-4k-samsung-qa55qn90a,Tivi,Samsung
Samsung Smart TV QLED QA65QN900B,63600000.0,99900000.0,36,0,Neo QLED,https://www.dienmayxanh.com/tivi/smart-neo-qled-8k-65-inch-samsung-qa65qn900b,Tivi,Samsung
Samsung Smart TV QLED QA75QN85B,54900000.0,69900000.0,21,0,Neo QLED,https://www.dienmayxanh.com/tivi/smart-neo-qled-4k-75-inch-samsung-qa75qn85b,Tivi,Samsung
Samsung Smart TV QLED QA85QN85A,53200000.0,124900000.0,57,0,Neo QLED,https://www.dienmayxanh.com/tivi/neo-qled-4k-samsung-qa85qn85a,Tivi,Samsung
Samsung Smart TV QLED QA98QN90A,139890000.0,155090000.0,9,0,Neo QLED,https://www.dienmayxanh.com/tivi/smart-neo-qled-4k-98-inch-samsung-qa98qn90a,Tivi,Samsung
Samsung Smart TV QLED QA75QN800A,139900000.0,139900000.0,0,0,Neo QLED,https://www.dienmayxanh.com/tivi/neo-qled-8k-samsung-qa75qn800a,Tivi,Samsung
Samsung Smart TV QLED QA85QN900C Mới 2023,218990000.0,218990000.0,0,0,Neo QLED,https://www.dienmayxanh.com/tivi/smart-tivi-neo-qled-8k-85-inch-samsung-qa85qn900c,Tivi,Samsung
Samsung Smart TV QLED QA75QN85C Mới 2023,76900000.0,76900000.0,0,0,Neo QLED,https://www.dienmayxanh.com/tivi/smart-tivi-neo-qled-4k-75-inch-samsung-qa75qn85c,Tivi,Samsung
Samsung Smart TV QLED QA85Q80B,45200000.0,59900000.0,24,3,QLED,https://www.dienmayxanh.com/tivi/smart-qled-4k-85-inch-samsung-qa85q80b,Tivi,Samsung
Samsung Smart TV QLED QA75Q70B,32200000.0,38900000.0,17,6,QLED,https://www.dienmayxanh.com/tivi/smart-qled-4k-75-inch-samsung-qa75q70b,Tivi,Samsung
Samsung Smart TV QLED QA75Q60C Mới 2023,35900000.0,35900000.0,0,0,QLED,https://www.dienmayxanh.com/tivi/smart-tivi-qled-4k-75-inch-samsung-qa75q60c,Tivi,Samsung
Samsung Smart TV QLED QA65Q65A,14990000.0,18900000.0,20,115,QLED,https://www.dienmayxanh.com/tivi/qled-4k-samsung-qa65q65a,Tivi,Samsung
Samsung Smart TV QLED QA43Q65A,11890000.0,12390000.0,0,106,QLED,https://www.dienmayxanh.com/tivi/qled-4k-samsung-qa43q65a,Tivi,Samsung
Samsung Smart TV QLED QA55Q65A,15400000.0,15400000.0,0,179,QLED,https://www.dienmayxanh.com/tivi/qled-4k-samsung-qa55q65a,Tivi,Samsung
Samsung Smart TV QLED QA50Q65A,13900000.0,14400000.0,0,149,QLED,https://www.dienmayxanh.com/tivi/qled-4k-samsung-qa50q65a,Tivi,Samsung
Samsung Smart TV QLED QA55Q60C Mới 2023,16900000.0,16900000.0,0,5,QLED,https://www.dienmayxanh.com/tivi/smart-tivi-qled-4k-55-inch-samsung-qa55q60c,Tivi,Samsung
Samsung Smart TV QLED QA75Q65A,23900000.0,33900000.0,29,16,QLED,https://www.dienmayxanh.com/tivi/qled-4k-samsung-qa75q65a,Tivi,Samsung
Samsung Smart TV QLED QA43Q60C Mới 2023,13900000.0,13900000.0,0,6,QLED,https://www.dienmayxanh.com/tivi/smart-tivi-qled-4k-43-inch-samsung-qa43q60c,Tivi,Samsung
Samsung Smart TV QLED QA65Q60C Mới 2023,20900000.0,20900000.0,0,6,QLED,https://www.dienmayxanh.com/tivi/smart-tivi-qled-4k-65-inch-samsung-qa65q60c,Tivi,Samsung
Samsung Smart TV QLED QA50Q60C Mới 2023,15900000.0,15900000.0,0,5,QLED,https://www.dienmayxanh.com/tivi/smart-tivi-qled-4k-50-inch-samsung-qa50q60c,Tivi,Samsung
Samsung Smart TV QLED QA55Q70B,18700000.0,18900000.0,0,20,QLED,https://www.dienmayxanh.com/tivi/smart-qled-4k-55-inch-samsung-qa55q70b,Tivi,Samsung
Samsung Smart TV QLED QA65Q70B,21400000.0,22400000.0,0,17,QLED,https://www.dienmayxanh.com/tivi/smart-qled-4k-65-inch-samsung-qa65q70b,Tivi,Samsung
Samsung Smart TV QLED QA75Q80B,29900000.0,40900000.0,26,6,QLED,https://www.dienmayxanh.com/tivi/smart-qled-4k-75-inch-samsung-qa75q80b,Tivi,Samsung
Samsung Smart TV QLED QA65Q80B,23500000.0,27900000.0,15,7,QLED,https://www.dienmayxanh.com/tivi/smart-qled-4k-65-inch-samsung-qa65q80b,Tivi,Samsung
Samsung Smart TV QLED QA55Q80A,21900000.0,33900000.0,35,43,QLED,https://www.dienmayxanh.com/tivi/qled-4k-samsung-qa55q80a,Tivi,Samsung
Samsung Smart TV QLED QA50Q80A,17900000.0,28900000.0,38,26,QLED,https://www.dienmayxanh.com/tivi/qled-4k-samsung-qa50q80a,Tivi,Samsung
Samsung Smart TV QLED QA65Q80A,21900000.0,42900000.0,48,44,QLED,https://www.dienmayxanh.com/tivi/qled-4k-samsung-qa65q80a,Tivi,Samsung
Samsung Smart TV QLED QA65Q80R,38030000.0,48890000.0,22,7,QLED,https://www.dienmayxanh.com/tivi/samsung-qa65q80r,Tivi,Samsung
Samsung Smart TV QLED QA82Q75R,43890000.0,69990000.0,37,0,QLED,https://www.dienmayxanh.com/tivi/samsung-qa82q75r,Tivi,Samsung
Samsung Smart TV QLED Xoay QA43LS05B,26000000.0,26900000.0,0,0,QLED,https://www.dienmayxanh.com/tivi/smart-man-hinh-xoay-the-sero-qled-samsung-4k-43-inch-qa43ls05b,Tivi,Samsung
Samsung Smart TV QLED QA85Q70C Mới 2023,64890000.0,64890000.0,0,0,QLED,https://www.dienmayxanh.com/tivi/smart-tivi-qled-4k-85-inch-samsung-qa85q70c,Tivi,Samsung
Samsung Smart TV QLED QA75Q75R,39190000.0,49990000.0,21,0,QLED,https://www.dienmayxanh.com/tivi/samsung-qa75q75r,Tivi,Samsung
Samsung Smart TV QLED QA65Q60T,22900000.0,25900000.0,11,7,QLED,https://www.dienmayxanh.com/tivi/samsung-qa65q60t,Tivi,Samsung
Samsung Smart TV QLED QA55Q80T,26310000.0,26310000.0,0,5,QLED,https://www.dienmayxanh.com/tivi/samsung-qa55q80t,Tivi,Samsung
Samsung Smart TV Crystal UHD UA55AU8100,12900000.0,13400000.0,0,317,Crystal UHD,https://www.dienmayxanh.com/tivi/led-4k-samsung-ua55au8100,Tivi,Samsung
Samsung Smart TV Crystal UHD UA50AU8100,11400000.0,12400000.0,8,167,Crystal UHD,https://www.dienmayxanh.com/tivi/led-4k-samsung-ua50au8100,Tivi,Samsung
Samsung Smart TV Crystal UHD UA65AU8100,11990000.0,16400000.0,26,203,Crystal UHD,https://www.dienmayxanh.com/tivi/led-4k-samsung-ua65au8100,Tivi,Samsung
Samsung Smart TV UA43CU8000 Mới 2023,11400000.0,11900000.0,0,6,Crystal UHD,https://www.dienmayxanh.com/tivi/smart-tivi-samsung-4k-43-inch-ua43cu8000,Tivi,Samsung
Samsung Smart TV Crystal UHD UA75AU8100,18990000.0,27890000.0,31,35,Crystal UHD,https://www.dienmayxanh.com/tivi/led-4k-samsung-ua75au8100,Tivi,Samsung
Samsung Smart TV UA50CU8000 Mới 2023,13400000.0,13400000.0,0,4,Crystal UHD,https://www.dienmayxanh.com/tivi/smart-tivi-samsung-4k-50-inch-ua50cu8000,Tivi,Samsung
Samsung Smart TV UA55CU8000 Mới 2023,14900000.0,14900000.0,0,7,Crystal UHD,https://www.dienmayxanh.com/tivi/smart-tivi-samsung-4k-55-inch-ua55cu8000,Tivi,Samsung
Samsung Smart TV UA65CU8000 Mới 2023,17900000.0,18900000.0,5,0,Crystal UHD,https://www.dienmayxanh.com/tivi/smart-tivi-samsung-4k-65-inch-ua65cu8000,Tivi,Samsung
Samsung Smart TV Crystal UHD UA43AU7200,7400000.0,12390000.0,40,33,Crystal UHD,https://www.dienmayxanh.com/tivi/led-4k-samsung-ua43au7200,Tivi,Samsung
Samsung Smart TV Crystal UHD UA70AU8100,16900000.0,31890000.0,47,29,Crystal UHD,https://www.dienmayxanh.com/tivi/led-4k-samsung-ua70au8100,Tivi,Samsung
Samsung Smart TV Crystal UHD UA65BU8500,17900000.0,21900000.0,18,10,Crystal UHD,https://www.dienmayxanh.com/tivi/smart-samsung-4k-65-inch-ua65bu8500,Tivi,Samsung
Samsung Smart TV Crystal UHD UA50AU7200,9400000.0,13890000.0,32,51,Crystal UHD,https://www.dienmayxanh.com/tivi/led-4k-samsung-ua50au7200,Tivi,Samsung
Samsung Smart TV Crystal UHD UA55BU8500,14900000.0,16900000.0,11,10,Crystal UHD,https://www.dienmayxanh.com/tivi/smart-samsung-4k-55-inch-ua55bu8500,Tivi,Samsung
Samsung Smart TV UA55AU7200,9900000.0,16890000.0,41,68,Crystal UHD,https://www.dienmayxanh.com/tivi/led-4k-samsung-ua55au7200,Tivi,Samsung
Samsung Smart TV Crystal UHD UA85BU8000,33490000.0,41900000.0,20,8,Crystal UHD,https://www.dienmayxanh.com/tivi/smart-samsung-4k-85-inch-ua85bu8000,Tivi,Samsung
Samsung Smart TV UA75CU8000 Mới 2023,28400000.0,31900000.0,10,0,Crystal UHD,https://www.dienmayxanh.com/tivi/smart-tivi-samsung-4k-75-inch-ua75cu8000,Tivi,Samsung
Samsung Smart TV Crystal UHD UA75TU8100,28100000.0,35900000.0,21,4,Crystal UHD,https://www.dienmayxanh.com/tivi/samsung-ua75tu8100,Tivi,Samsung
Samsung Smart TV Crystal UHD UA75BU8000,21890000.0,22390000.0,0,0,Crystal UHD,https://www.dienmayxanh.com/tivi/smart-samsung-4k-75-inch-ua75bu8000,Tivi,Samsung
Samsung Smart TV Crystal UHD UA60BU8000,20900000.0,22900000.0,8,0,Crystal UHD,https://www.dienmayxanh.com/tivi/smart-samsung-4k-60-inch-ua60bu8000,Tivi,Samsung
Samsung Smart TV QLED Khung tranh QA50LS03A,16900000.0,29900000.0,43,37,Lifestyle,https://www.dienmayxanh.com/tivi/the-frame-qled-4k-samsung-qa50ls03a,Tivi,Samsung
Samsung Smart TV Kiểu chữ I QA55LS01BA,23800000.0,23900000.0,0,4,Lifestyle,https://www.dienmayxanh.com/tivi/smart-tivi-kieu-chu-i-co-chan-the-serif-qled-samsung-4k-55-inch-qa55ls01ba,Tivi,Samsung
Smart Tivi Ngoài Trời The Terrace QLED Samsung 4K 75 inch QA75LST7T,29900000.0,50400000.0,40,0,Lifestyle,https://www.dienmayxanh.com/tivi/samsung-qa75lst7t,Tivi,Samsung
Samsung Smart TV QLED Khung tranh QA75LS03B,38600000.0,41900000.0,7,0,Lifestyle,https://www.dienmayxanh.com/tivi/smart-khung-tranh-the-frame-qled-samsung-4k-75-inch-qa75ls03b,Tivi,Samsung
Samsung Smart TV QLED Khung tranh QA85LS03B,69900000.0,69900000.0,0,0,Lifestyle,https://www.dienmayxanh.com/tivi/smart-khung-tranh-the-frame-qled-samsung-4k-85-inch-qa85ls03b,Tivi,Samsung
Samsung Smart TV QLED Kiểu chữ I QA50LS01BB,21900000.0,21900000.0,0,0,Lifestyle,https://www.dienmayxanh.com/tivi/smart-kieu-chu-i-co-chan-the-serif-qled-samsung-4k-50-inch-qa50ls01bb,Tivi,Samsung
Samsung Smart TV Micro LED The Wall MNA110MS1A,,,0,0,The Wall,https://www.dienmayxanh.com/tivi/samsung-micro-led-4k-mna110ms1a,Tivi,Samsung
Samsung Smart TV Micro LED The Wall MNA99MS1A,,,0,0,The Wall,https://www.dienmayxanh.com/tivi/samsung-micro-led-4k-mna99ms1a,Tivi,Samsung
Samsung Smart TV OLED QA55S95B,36800000.0,43900000.0,16,0,OLED,https://www.dienmayxanh.com/tivi/smart-tivi-oled-samsung-4k-55-inch-qa55s95b,Tivi,Samsung
Samsung Smart TV OLED QA77S95CA Mới 2023,102890000.0,108780000.0,5,0,OLED,https://www.dienmayxanh.com/tivi/smart-tivi-oled-samsung-4k-77-inch-qa77s95ca,Tivi,Samsung
Samsung Smart TV OLED QA65S95CA Mới 2023,63390000.0,69890000.0,9,0,OLED,https://www.dienmayxanh.com/tivi/smart-tivi-oled-samsung-4k-65-inch-qa65s95ca,Tivi,Samsung
Samsung Smart TV OLED QA55S95CA Mới 2023,43890000.0,43890000.0,0,0,OLED,https://www.dienmayxanh.com/tivi/smart-tivi-oled-samsung-4k-55-inch-qa55s95ca,Tivi,Samsung
Samsung Smart TV OLED QA77S90CA Mới 2023,93990000.0,93990000.0,0,0,OLED,https://www.dienmayxanh.com/tivi/smart-tivi-oled-samsung-4k-77-inch-qa77s90ca,Tivi,Samsung
Samsung Smart TV OLED QA65S90CA Mới 2023,58990000.0,58990000.0,0,0,OLED,https://www.dienmayxanh.com/tivi/smart-tivi-oled-samsung-4k-65-inch-qa65s90ca,Tivi,Samsung
Sony Google TV OLED XR-65A80K,45890000.0,53890000.0,14,14,Bravia XR OLED,https://www.dienmayxanh.com/tivi/google-oled-sony-4k-65-inch-xr-65a80k,Tivi,Sony
Sony Google TV OLED XR-48A90K,36680000.0,41880000.0,12,0,Bravia XR OLED,https://www.dienmayxanh.com/tivi/google-oled-sony-4k-48-inch-xr-48a90k,Tivi,Sony
Sony Google TV OLED XR-55A80K,36690000.0,42890000.0,14,7,Bravia XR OLED,https://www.dienmayxanh.com/tivi/google-oled-sony-4k-55-inch-xr-55a80k,Tivi,Sony
Sony Google TV OLED XR-55A80L Mới 2023,44900000.0,46900000.0,0,0,Bravia XR OLED,https://www.dienmayxanh.com/tivi/google-tivi-oled-sony-4k-55-inch-55a80l,Tivi,Sony
Sony Android TV OLED XR-65A90J,48800000.0,64900000.0,24,0,Bravia XR OLED,https://www.dienmayxanh.com/tivi/oled-sony-xr-65a90j,Tivi,Sony
Sony Google TV OLED XR-77A80L Mới 2023,92900000.0,95400000.0,0,0,Bravia XR OLED,https://www.dienmayxanh.com/tivi/google-tivi-oled-sony-4k-77-inch-77a80l,Tivi,Sony
Sony Android TV OLED XR-55A90J,41990000.0,52900000.0,20,3,Bravia XR OLED,https://www.dienmayxanh.com/tivi/oled-sony-xr-55a90j,Tivi,Sony
Sony Google TV OLED XR-65A80L Mới 2023,62900000.0,64900000.0,0,0,Bravia XR OLED,https://www.dienmayxanh.com/tivi/google-tivi-oled-sony-4k-65-inch-65a80l,Tivi,Sony
Sony Google TV KD-65X75K,15900000.0,18900000.0,15,85,Bravia XR LED,https://www.dienmayxanh.com/tivi/google-sony-4k-65-inch-kd-65x75k,Tivi,Sony
Sony Google TV KD-55X80K,16400000.0,17900000.0,8,182,Bravia XR LED,https://www.dienmayxanh.com/tivi/android-sony-4k-55-inch-kd-55x80k,Tivi,Sony
Sony Google TV KD-43X75K,10400000.0,11400000.0,8,244,Bravia XR LED,https://www.dienmayxanh.com/tivi/google-sony-4k-43-inch-kd-43x75k,Tivi,Sony
Sony Google TV KD-43X80K,13900000.0,14400000.0,0,128,Bravia XR LED,https://www.dienmayxanh.com/tivi/android-sony-4k-43-inch-kd-43x80k,Tivi,Sony
Sony Google TV KD-55X75K,12790000.0,15400000.0,16,191,Bravia XR LED,https://www.dienmayxanh.com/tivi/google-sony-4k-55-inch-kd-55x75k,Tivi,Sony
Sony Google TV KD-32W830K,7490000.0,8190000.0,8,61,Bravia XR LED,https://www.dienmayxanh.com/tivi/google-sony-32-inch-kd-32w830k,Tivi,Sony
Sony Google TV KD-65X80K,20900000.0,21900000.0,0,126,Bravia XR LED,https://www.dienmayxanh.com/tivi/android-sony-4k-65-inch-kd-65x80k,Tivi,Sony
Sony Google TV KD-50X80K,15900000.0,16400000.0,0,105,Bravia XR LED,https://www.dienmayxanh.com/tivi/android-sony-4k-50-inch-kd-50x80k,Tivi,Sony
Sony Google TV KD-50X75K,13400000.0,13900000.0,0,91,Bravia XR LED,https://www.dienmayxanh.com/tivi/google-sony-4k-50-inch-kd-50x75k,Tivi,Sony
Sony Google TV KD-65X85K,22900000.0,26400000.0,13,38,Bravia XR LED,https://www.dienmayxanh.com/tivi/google-sony-4k-65-inch-kd-65x85k,Tivi,Sony
Sony Google TV KD-75X80K,30890000.0,32890000.0,6,40,Bravia XR LED,https://www.dienmayxanh.com/tivi/android-sony-4k-75-inch-kd-75x80k,Tivi,Sony
Sony Google TV KD-55X85K,20400000.0,22900000.0,10,25,Bravia XR LED,https://www.dienmayxanh.com/tivi/google-sony-4k-55-inch-kd-55x85k,Tivi,Sony
Sony Google TV XR-55X90K,24400000.0,25900000.0,5,22,Bravia XR LED,https://www.dienmayxanh.com/tivi/google-sony-4k-55-inch-xr-55x90k,Tivi,Sony
Sony Google TV XR-65X90K,26900000.0,30900000.0,12,29,Bravia XR LED,https://www.dienmayxanh.com/tivi/google-sony-4k-65-inch-xr-65x90k,Tivi,Sony
Sony Google TV KD-55X80L Mới 2023,18390000.0,18890000.0,0,0,Bravia XR LED,https://www.dienmayxanh.com/tivi/google-tivi-sony-4k-55-inch-55x80l,Tivi,Sony
Sony Google TV KD-50X80L Mới 2023,16890000.0,17190000.0,0,0,Bravia XR LED,https://www.dienmayxanh.com/tivi/google-tivi-sony-4k-50-inch-50x80l,Tivi,Sony
Sony Google TV KD-50X85K,18900000.0,19900000.0,5,15,Bravia XR LED,https://www.dienmayxanh.com/tivi/google-sony-4k-50-inch-kd-50x85k,Tivi,Sony
Sony Google TV KD-65X80L Mới 2023,22890000.0,23590000.0,0,0,Bravia XR LED,https://www.dienmayxanh.com/tivi/google-tivi-sony-4k-65-inch-65x80l,Tivi,Sony
Sony Google TV KD-43X80L Mới 2023,15390000.0,15590000.0,0,4,Bravia XR LED,https://www.dienmayxanh.com/tivi/google-tivi-sony-4k-43-inch-43x80l,Tivi,Sony
Sony Android TV KD-65X95J,31900000.0,39900000.0,20,10,Bravia XR LED,https://www.dienmayxanh.com/tivi/led-sony-kd-65x95j,Tivi,Sony
Sony Google TV KD-85X85K,46790000.0,60890000.0,23,6,Bravia XR LED,https://www.dienmayxanh.com/tivi/google-sony-4k-85-inch-kd-85x85k,Tivi,Sony
Sony Google TV KD-75X80L Mới 2023,33900000.0,35900000.0,5,0,Bravia XR LED,https://www.dienmayxanh.com/tivi/google-tivi-sony-4k-75-inch-75x80l,Tivi,Sony
Sony Google TV KD-75X85K,32980000.0,39880000.0,17,6,Bravia XR LED,https://www.dienmayxanh.com/tivi/google-sony-4k-75-inch-kd-75x85k,Tivi,Sony
Google Tivi Sony 4K 55 inch XR-55X90L,28900000.0,29900000.0,0,0,Bravia XR LED,https://www.dienmayxanh.com/tivi/google-tivi-sony-4k-55-inch-xr-55x90l,Tivi,Sony
Sony Google TV XR-85X90K,57790000.0,69890000.0,17,6,Bravia XR LED,https://www.dienmayxanh.com/tivi/google-sony-4k-85-inch-xr-85x90k,Tivi,Sony
Sony Google TV KD-85X80L Mới 2023,50890000.0,53890000.0,5,0,Bravia XR LED,https://www.dienmayxanh.com/tivi/google-tivi-sony-4k-85-inch-85x80l,Tivi,Sony
Google Tivi Sony 4K 65 inch KD-65X85L,29890000.0,30890000.0,0,0,Bravia XR LED,https://www.dienmayxanh.com/tivi/google-tivi-sony-4k-65-inch-kd-65x85l,Tivi,Sony
Sony Android TV KD-85X95J,64980000.0,85890000.0,24,0,Bravia XR LED,https://www.dienmayxanh.com/tivi/led-sony-kd-85x95j,Tivi,Sony
Sony Google TV KD-50X81DK,15400000.0,16400000.0,6,0,Bravia XR LED,https://www.dienmayxanh.com/tivi/google-sony-4k-50-inch-kd-50x81dk,Tivi,Sony
Sony Google TV KD-55X85L Mới 2023,22900000.0,23600000.0,0,0,Bravia XR LED,https://www.dienmayxanh.com/tivi/google-tivi-sony-4k-55-inch-kd-55x85l,Tivi,Sony
Sony Google TV XR-65X90L Mới 2023,34900000.0,36400000.0,0,0,Bravia XR LED,https://www.dienmayxanh.com/tivi/google-tivi-sony-4k-65-inch-xr-65x90l,Tivi,Sony
Sony Google TV XR-75X90L Mới 2023,47900000.0,49900000.0,0,0,Bravia XR LED,https://www.dienmayxanh.com/tivi/google-tivi-sony-4k-75-inch-xr-75x90l,Tivi,Sony
Sony Google TV KD-75X85L Mới 2023,39890000.0,41390000.0,0,0,Bravia XR LED,https://www.dienmayxanh.com/tivi/google-tivi-sony-4k-75-inch-kd-75x85l,Tivi,Sony
Sony Google TV KD-75X77L Mới 2023,29900000.0,30900000.0,0,0,Bravia XR LED,https://www.dienmayxanh.com/tivi/google-tivi-sony-4k-75-inch-kd-75x77l,Tivi,Sony
Sony Google TV KD-65X77L Mới 2023,19900000.0,20400000.0,0,0,Bravia XR LED,https://www.dienmayxanh.com/tivi/google-tivi-sony-4k-65-inch-kd-65x77l,Tivi,Sony
Sony Google TV KD-55X77L Mới 2023,15400000.0,15900000.0,0,0,Bravia XR LED,https://www.dienmayxanh.com/tivi/google-tivi-sony-4k-55-inch-kd-55x77l,Tivi,Sony
Sony Google TV KD-50X77L Mới 2023,14700000.0,14700000.0,0,0,Bravia XR LED,https://www.dienmayxanh.com/tivi/google-tivi-sony-4k-50-inch-kd-50x77l,Tivi,Sony
Sony Google TV KD-43X77L Mới 2023,12200000.0,12200000.0,0,0,Bravia XR LED,https://www.dienmayxanh.com/tivi/google-tivi-sony-4k-43-inch-kd-43x77l,Tivi,Sony
Sony Google TV XR-65X95K,49990000.0,60900000.0,17,0,Bravia XR Mini LED,https://www.dienmayxanh.com/tivi/google-sony-4k-65-inch-xr-65x95k,Tivi,Sony
Sony Google TV XR-75X95K,64390000.0,79890000.0,19,6,Bravia XR Mini LED,https://www.dienmayxanh.com/tivi/google-mini-led-sony-4k-75-inch-xr-75x95k,Tivi,Sony
Sony Google TV XR-85X95K,88090000.0,130890000.0,32,0,Bravia XR Mini LED,https://www.dienmayxanh.com/tivi/google-sony-4k-85-inch-xr-85x95k,Tivi,Sony
Sony Google TV XR-65X95L Mới 2023,59900000.0,61900000.0,0,0,Bravia XR Mini LED,https://www.dienmayxanh.com/tivi/google-tivi-miniled-sony-4k-65-inch-xr-65x95l,Tivi,Sony
LG Smart TV OLED 55C2PSA,31200000.0,49900000.0,37,23,OLED evo,https://www.dienmayxanh.com/tivi/smart-oled-lg-4k-55-inch-55c2psa,Tivi,Lg
LG Smart TV OLED 48C2PSA,24900000.0,40900000.0,39,13,OLED evo,https://www.dienmayxanh.com/tivi/smart-oled-lg-4k-48-inch-48c2psa,Tivi,Lg
LG Smart TV OLED 55G2PSA,40900000.0,58900000.0,30,3,OLED evo,https://www.dienmayxanh.com/tivi/smart-oled-lg-4k-55-inch-55g2psa,Tivi,Lg
LG Smart TV OLED 55G1PTA,25990000.0,58900000.0,55,6,OLED evo,https://www.dienmayxanh.com/tivi/smart-oled-lg-4k-55-inch-55g1pta,Tivi,Lg
LG Smart TV OLED 42C2PSA,24900000.0,36900000.0,32,12,OLED evo,https://www.dienmayxanh.com/tivi/smart-oled-lg-4k-42-inch-42c2psa,Tivi,Lg
LG Smart TV OLED 65G2PSA,59800000.0,84900000.0,29,5,OLED evo,https://www.dienmayxanh.com/tivi/smart-oled-lg-4k-65-inch-65g2psa,Tivi,Lg
LG Smart TV OLED 55C3PSA Mới 2023,39600000.0,44900000.0,11,0,OLED evo,https://www.dienmayxanh.com/tivi/smart-tivi-oled-lg-4k-55-inch-55c3psa,Tivi,Lg
LG Smart TV OLED 65G1PTA,36990000.0,84900000.0,56,3,OLED evo,https://www.dienmayxanh.com/tivi/smart-oled-lg-4k-65-inch-65g1pta,Tivi,Lg
LG Smart TV OLED 48C3PSA Mới 2023,32900000.0,36900000.0,10,0,OLED evo,https://www.dienmayxanh.com/tivi/smart-tivi-oled-lg-4k-48-inch-48c3psa,Tivi,Lg
LG Smart TV OLED 77C3PSA Mới 2023,94900000.0,94900000.0,0,0,OLED evo,https://www.dienmayxanh.com/tivi/smart-tivi-oled-lg-4k-77-inch-77c3psa,Tivi,Lg
LG Smart TV OLED 83C3PSA Mới 2023,149000000.0,149000000.0,0,0,OLED evo,https://www.dienmayxanh.com/tivi/smart-tivi-oled-lg-4k-83-inch-83c3psa,Tivi,Lg
LG Smart TV OLED 55G3PSA Mới 2023,54900000.0,54900000.0,0,0,OLED evo,https://www.dienmayxanh.com/tivi/smart-tivi-oled-evo-lg-4k-55-inch-55g3psa,Tivi,Lg
LG Smart TV OLED 65G3PSA Mới 2023,64500000.0,69900000.0,7,0,OLED evo,https://www.dienmayxanh.com/tivi/smart-tivi-oled-evo-lg-4k-65-inch-65g3psa,Tivi,Lg
LG Smart TV OLED 77G3PSA Mới 2023,109900000.0,109900000.0,0,0,OLED evo,https://www.dienmayxanh.com/tivi/smart-tivi-oled-evo-lg-4k-77-inch-77g3psa,Tivi,Lg
LG Smart TV OLED 55A2PSA,23900000.0,42900000.0,44,16,OLED,https://www.dienmayxanh.com/tivi/smart-oled-lg-4k-55-inch-55a2psa,Tivi,Lg
LG Smart TV OLED 65A2PSA,31200000.0,57900000.0,46,84,OLED,https://www.dienmayxanh.com/tivi/smart-oled-lg-4k-65-inch-65a2psa,Tivi,Lg
LG Smart TV OLED 65C2PSA,40900000.0,65900000.0,37,53,OLED,https://www.dienmayxanh.com/tivi/smart-oled-lg-4k-65-inch-65c2psa,Tivi,Lg
LG Smart TV OLED 48A2PSA,19900000.0,32900000.0,39,23,OLED,https://www.dienmayxanh.com/tivi/smart-oled-lg-4k-48-inch-48a2psa,Tivi,Lg
LG Smart TV OLED 77A2PSA,59800000.0,94900000.0,36,9,OLED,https://www.dienmayxanh.com/tivi/smart-oled-lg-4k-77-inch-77a2psa,Tivi,Lg
LG Smart TV OLED 48C1PTB,19900000.0,39900000.0,50,26,OLED,https://www.dienmayxanh.com/tivi/oled-lg-48c1ptb,Tivi,Lg
LG Smart TV OLED 83C2PSA,128000000.0,149000000.0,14,0,OLED,https://www.dienmayxanh.com/tivi/smart-tivi-oled-lg-4k-83-inch-42c2psa,Tivi,Lg
LG Smart TV OLED 48A3PSA Mới 2023,28400000.0,31900000.0,10,0,OLED,https://www.dienmayxanh.com/tivi/smart-tivi-oled-lg-4k-48-inch-48a3psa,Tivi,Lg
Smart Tivi OLED LG 4K 55 inch 55A3PSA,32700000.0,39900000.0,18,0,OLED,https://www.dienmayxanh.com/tivi/smart-tivi-oled-lg-4k-55-inch-55a3psa,Tivi,Lg
LG Smart TV OLED 88Z2PSA,890000000.0,890000000.0,0,0,OLED,https://www.dienmayxanh.com/tivi/smart-oled-lg-8k-88-inch-88z2psa,Tivi,Lg
LG Smart TV OLED 65A3PSA Mới 2023,43300000.0,52900000.0,18,0,OLED,https://www.dienmayxanh.com/tivi/smart-tivi-oled-lg-4k-65-inch-65a3psa,Tivi,Lg
LG Smart TV OLED 65C3PSA Mới 2023,59500000.0,63900000.0,6,0,OLED,https://www.dienmayxanh.com/tivi/smart-tivi-oled-lg-4k-65-inch-65c3psa,Tivi,Lg
LG Smart TV QNED 75QNED91TPA,55000000.0,88900000.0,38,0,QNED MiniLED,https://www.dienmayxanh.com/tivi/smart-qned-4k-75-inch-75qned91tpa,Tivi,Lg
LG Smart TV 65QNED86SQA,32100000.0,54900000.0,41,47,QNED MiniLED,https://www.dienmayxanh.com/tivi/smart-qned-lg-4k-65-inch-65qned86sqa,Tivi,Lg
LG Smart TV QNED 65QNED91TPA,30300000.0,61900000.0,51,0,QNED MiniLED,https://www.dienmayxanh.com/tivi/smart-qned-4k-65-inch-65qned91tpa,Tivi,Lg
LG Smart TV QNED 75QNED99TPB,96000000.0,139900000.0,31,0,QNED MiniLED,https://www.dienmayxanh.com/tivi/smart-qned-lg-8k-75-inch-75qned99tpa,Tivi,Lg
LG Smart TV QNED 75QNED99SQB,112000000.0,164900000.0,32,0,QNED MiniLED,https://www.dienmayxanh.com/tivi/smart-qned-lg-8k-75-inch-75qned99sqb,Tivi,Lg
LG Smart TV NanoCell 55NANO76SQA,14170000.0,22900000.0,38,108,NanoCell,https://www.dienmayxanh.com/tivi/smart-nanocell-lg-4k-55-inch-55nano76sqa,Tivi,Lg
LG Smart TV NanoCell 43NANO76SQA,10900000.0,15900000.0,31,48,NanoCell,https://www.dienmayxanh.com/tivi/smart-nanocell-lg-4k-43-inch-43nano76sqa,Tivi,Lg
LG Smart TV NanoCell 65NANO76SQA,17900000.0,29900000.0,40,82,NanoCell,https://www.dienmayxanh.com/tivi/smart-nanocell-lg-4k-65-inch-65nano76sqa,Tivi,Lg
LG Smart TV NanoCell 50NANO76SQA,12900000.0,19400000.0,33,42,NanoCell,https://www.dienmayxanh.com/tivi/smart-nanocell-lg-4k-50-inch-50nano76sqa,Tivi,Lg
LG Smart TV NanoCell 75NANO76SQA,25700000.0,46900000.0,45,17,NanoCell,https://www.dienmayxanh.com/tivi/smart-nanocell-lg-4k-75-inch-75nano76sqa,Tivi,Lg
LG Smart TV NanoCell 55NANO75TPA,12900000.0,25900000.0,50,76,NanoCell,https://www.dienmayxanh.com/tivi/nanocell-lg-55nano75tpa,Tivi,Lg
Smart Tivi NanoCell LG 4K 50 inch 50NANO75TPA,11900000.0,21900000.0,45,68,NanoCell,https://www.dienmayxanh.com/tivi/nanocell-lg-50nano75tpa,Tivi,Lg
LG Smart TV NanoCell 70NANO76SQA,21900000.0,39900000.0,45,4,NanoCell,https://www.dienmayxanh.com/tivi/smart-nanocell-lg-4k-70-inch-70nano76sqa,Tivi,Lg
LG Smart TV NanoCell 43NANO75TPA,10400000.0,16900000.0,38,77,NanoCell,https://www.dienmayxanh.com/tivi/nanocell-lg-43nano75tpa,Tivi,Lg
LG Smart TV NanoCell 55NANO86TPA,16900000.0,27900000.0,39,25,NanoCell,https://www.dienmayxanh.com/tivi/nanocell-lg-55nano86tpa,Tivi,Lg
LG Smart TV NanoCell 86NANO76SQA,41300000.0,68900000.0,40,3,NanoCell,https://www.dienmayxanh.com/tivi/smart-nanocell-lg-4k-86-inch-86nano76sqa,Tivi,Lg
LG Smart TV 65UQ7550PSF,12490000.0,22400000.0,44,68,UHD,https://www.dienmayxanh.com/tivi/smart-lg-4k-65-inch-65uq7550psf,Tivi,Lg
LG Smart TV 55UQ8000PSC,12900000.0,19900000.0,35,155,UHD,https://www.dienmayxanh.com/tivi/smart-lg-4k-55-inch-55uq8000psc,Tivi,Lg
LG Smart TV 43UQ7550PSF,8490000.0,12900000.0,34,130,UHD,https://www.dienmayxanh.com/tivi/smart-lg-4k-43-inch-43uq7550psf,Tivi,Lg
LG Smart TV 43UQ8000PSC,9900000.0,14400000.0,31,89,UHD,https://www.dienmayxanh.com/tivi/smart-lg-4k-43-inch-43uq8000psc,Tivi,Lg
LG Smart TV 65UQ8000PSC,14900000.0,25400000.0,41,75,UHD,https://www.dienmayxanh.com/tivi/smart-lg-4k-65-inch-65uq8000psc,Tivi,Lg
LG Smart TV 55UQ7550PSF,11900000.0,16900000.0,29,71,UHD,https://www.dienmayxanh.com/tivi/smart-lg-4k-55-inch-55uq7550psf,Tivi,Lg
LG Smart TV 50UQ7550PSF,9900000.0,14900000.0,33,90,UHD,https://www.dienmayxanh.com/tivi/smart-lg-4k-50-inch-50uq7550psf,Tivi,Lg
LG Smart TV 50UQ8000PSC,10520000.0,17400000.0,39,43,UHD,https://www.dienmayxanh.com/tivi/smart-lg-4k-50-inch-50uq8000psc,Tivi,Lg
LG Smart TV 75UQ8000PSC,19170000.0,35900000.0,46,28,UHD,https://www.dienmayxanh.com/tivi/smart-lg-4k-75-inch-75uq8000psc,Tivi,Lg
LG Smart TV 70UQ8000PSC,19900000.0,30900000.0,35,17,UHD,https://www.dienmayxanh.com/tivi/smart-lg-4k-70-inch-70uq8000psc,Tivi,Lg
LG Smart TV 86UQ9100PSD,37700000.0,61900000.0,39,4,UHD,https://www.dienmayxanh.com/tivi/smart-lg-4k-86-inch-86uq9100psd,Tivi,Lg
LG Smart TV 43UP7750PTB,13900000.0,15400000.0,9,93,UHD,https://www.dienmayxanh.com/tivi/led-lg-43up7750ptb,Tivi,Lg
LG Smart TV 60UQ8150PSB,14900000.0,22900000.0,34,3,UHD,https://www.dienmayxanh.com/tivi/smart-lg-4k-60-inch-60uq8150psb,Tivi,Lg
LG Smart TV 65UR7550PSC Mới 2023,15600000.0,16900000.0,7,0,UHD,https://www.dienmayxanh.com/tivi/smart-tivi-lg-4k-65-inch-65ur7550psc,Tivi,Lg
LG Smart TV 43UP7800PTB,10900000.0,15900000.0,31,134,UHD,https://www.dienmayxanh.com/tivi/led-lg-43up7800ptb,Tivi,Lg
LG Smart TV 86UR8050PSB Mới 2023,40600000.0,45900000.0,11,0,UHD,https://www.dienmayxanh.com/tivi/smart-tivi-lg-4k-86-inch-86ur8050psb,Tivi,Lg
LG Smart TV 65UR9050PSK Mới 2023,18300000.0,20900000.0,12,0,UHD,https://www.dienmayxanh.com/tivi/smart-tivi-lg-4k-65-inch-65ur9050psk,Tivi,Lg
LG Smart TV 50UP7750PTB,12700000.0,18900000.0,32,44,UHD,https://www.dienmayxanh.com/tivi/led-lg-50up7750ptb,Tivi,Lg
LG Smart TV 55UP7750PTB,17900000.0,21900000.0,18,98,UHD,https://www.dienmayxanh.com/tivi/led-lg-55up7750ptb,Tivi,Lg
LG Smart TV 70UP7750PTB,22900000.0,33900000.0,32,10,UHD,https://www.dienmayxanh.com/tivi/led-lg-70up7750ptb,Tivi,Lg
LG Smart TV 75UP7750PTB,22000000.0,41900000.0,47,9,UHD,https://www.dienmayxanh.com/tivi/led-lg-75up7750ptb,Tivi,Lg
Smart Tivi LG 4K 50 inch 50UP7800PTB,17400000.0,19400000.0,10,27,UHD,https://www.dienmayxanh.com/tivi/led-lg-50up7800ptb,Tivi,Lg
LG Smart TV 55UP7800PTB,18900000.0,22900000.0,17,81,UHD,https://www.dienmayxanh.com/tivi/led-lg-55up7800ptb,Tivi,Lg
LG Smart TV 75UR9050PSK Mới 2023,28000000.0,31900000.0,12,0,UHD,https://www.dienmayxanh.com/tivi/smart-tivi-lg-4k-75-inch-75ur9050psk,Tivi,Lg
LG Smart TV 75UR7550PSC Mới 2023,24400000.0,26900000.0,9,0,UHD,https://www.dienmayxanh.com/tivi/smart-tivi-lg-4k-75-inch-75ur7550psc,Tivi,Lg
Casper Android TV QLED 55QG8000,7990000.0,15990000.0,50,20,QLED,https://www.dienmayxanh.com/tivi/android-qled-4k-55-inch-casper-55qc8000,Tivi,Casper
TCL Google TV QLED 55Q646 Mới 2023,12490000.0,14990000.0,16,5,QLED,https://www.dienmayxanh.com/tivi/google-tivi-qled-tcl-4k-55-inch-55q646,Tivi,Tcl
TCL Google TV QLED 43Q636,11490000.0,11490000.0,0,82,QLED,https://www.dienmayxanh.com/tivi/google-tcl-4k-43-inch-43q636,Tivi,Tcl
TCL Google TV QLED 55C735,22990000.0,22990000.0,0,0,QLED,https://www.dienmayxanh.com/tivi/google-qled-tcl-4k-55-inch-55c735,Tivi,Tcl
TCL Google TV QLED 65C735,26990000.0,26990000.0,0,0,QLED,https://www.dienmayxanh.com/tivi/google-tivi-qled-tcl-4k-65-inch-65c735,Tivi,Tcl
TCL Android TV QLED 98C735,76990000.0,109900000.0,29,0,QLED,https://www.dienmayxanh.com/tivi/android-tivi-qled-tcl-4k-98-inch-c73,Tivi,Tcl
TCL Google TV QLED 55C745 Mới 2023,18990000.0,21990000.0,13,0,QLED,https://www.dienmayxanh.com/tivi/google-tivi-qled-tcl-4k-55-inch-55c745,Tivi,Tcl
TCL Google TV QLED 65C745 Mới 2023,23990000.0,26990000.0,11,0,QLED,https://www.dienmayxanh.com/tivi/google-tivi-qled-tcl-4k-65-inch-65c745,Tivi,Tcl
TCL Google TV QLED 65C845 Mới 2023,34990000.0,37990000.0,7,0,QLED,https://www.dienmayxanh.com/tivi/google-tivi-qled-tcl-4k-65-inch-65c845,Tivi,Tcl
TCL Google TV QLED 75C845 Mới 2023,43990000.0,47990000.0,8,0,QLED,https://www.dienmayxanh.com/tivi/google-tivi-qled-tcl-4k-75-inch-75c845,Tivi,Tcl
Sharp Android TV 2T-C32EG2X,4490000.0,5290000.0,15,29,,https://www.dienmayxanh.com/tivi/android-tivi-sharp-32-inch-2t-c32eg2x,Tivi,Sharp
Sharp Android TV 2T-C42EG2X,5790000.0,7290000.0,20,37,,https://www.dienmayxanh.com/tivi/android-tivi-sharp-42-inch-2t-c42eg2x,Tivi,Sharp
Sharp Android TV 4T-C50EK2X,6990000.0,10990000.0,36,4,,https://www.dienmayxanh.com/tivi/android-tivi-sharp-4k-50-inch-4t-c50ek2x,Tivi,Sharp
Sharp Android TV 4T-C55EK2X,8990000.0,11990000.0,25,7,,https://www.dienmayxanh.com/tivi/android-tivi-sharp-4k-55-inch-4t-c55ek2x,Tivi,Sharp
Sharp Android TV 4T-C65EK2X,10990000.0,18990000.0,42,0,,https://www.dienmayxanh.com/tivi/android-tivi-sharp-4k-60-inch-4t-c65ek2x,Tivi,Sharp
Toshiba Google TV 43C350LP,7990000.0,11490000.0,30,133,,https://www.dienmayxanh.com/tivi/google-tivi-toshiba-4k-43-inch-43c350lp,Tivi,Toshiba
Toshiba Android TV 43V35KP,6490000.0,8990000.0,27,70,,https://www.dienmayxanh.com/tivi/android-tivi-toshiba-43-inch-43v35kp,Tivi,Toshiba
Toshiba Google TV 65C350LP,11990000.0,22990000.0,47,49,,https://www.dienmayxanh.com/tivi/google-tivi-toshiba-4k-65-inch-65c350lp,Tivi,Toshiba
Toshiba Google TV 55C350LP,9790000.0,15690000.0,37,61,,https://www.dienmayxanh.com/tivi/google-tivi-toshiba-4k-55-inch-55c350lp,Tivi,Toshiba
Toshiba Google TV QLED 65M550LP,13690000.0,24990000.0,45,7,,https://www.dienmayxanh.com/tivi/google-tivi-qled-toshiba-4k-65-inch-65m550lp,Tivi,Toshiba
Toshiba Google TV 75C350LP,16990000.0,31290000.0,45,8,,https://www.dienmayxanh.com/tivi/google-tivi-toshiba-4k-75-inch-75c350lp,Tivi,Toshiba
Toshiba Google TV QLED 55M550LP,11590000.0,19990000.0,42,6,,https://www.dienmayxanh.com/tivi/google-tivi-qled-toshiba-4k-55-inch-55m550lp,Tivi,Toshiba
Toshiba Smart TV OLED 55X9900LP,54990000.0,54990000.0,0,0,,https://www.dienmayxanh.com/tivi/smart-tivi-oled-toshiba-4k-55-inch-55x9900lp,Tivi,Toshiba
Toshiba Smart TV OLED 65X9900LP,69990000.0,69990000.0,0,0,,https://www.dienmayxanh.com/tivi/smart-tivi-oled-toshiba-4k-65-inch-65x9900lp,Tivi,Toshiba
Toshiba Google TV QLED 50M550LP,11790000.0,17990000.0,34,0,,https://www.dienmayxanh.com/tivi/google-tivi-qled-toshiba-4k-50-inch-50m550lp,Tivi,Toshiba
AQUA Android TV LE55AQT6600UG,7590000.0,11990000.0,36,0,,https://www.dienmayxanh.com/tivi/led-aqua-le55aqt6600ug,Tivi,Aqua
AQUA Android TV LE32AQT6600G,3590000.0,5990000.0,40,0,,https://www.dienmayxanh.com/tivi/android-tivi-aqua-32-inch-le32aqt6600g,Tivi,Aqua
iFFALCON Google TV 65U62,7990000.0,13490000.0,40,9,,https://www.dienmayxanh.com/tivi/google-iffalcon-4k-65-inch-65u62,Tivi,Iffalcon
iFFALCON Google TV 43U62,5290000.0,7990000.0,33,9,,https://www.dienmayxanh.com/tivi/google-iffalcon-4k-43-inch-43u62,Tivi,Iffalcon
iFFALCON Google TV 55U62,7190000.0,9990000.0,28,23,,https://www.dienmayxanh.com/tivi/google-iffalcon-4k-55-inch-55u62,Tivi,Iffalcon
iFFALCON Android TV 32S52,3990000.0,4590000.0,13,47,,https://www.dienmayxanh.com/tivi/android-iffalcon-32-inch-32s52,Tivi,Iffalcon
